est,conf.up,conf.low,trend,index,dummy0,isSig
0.6025437213757139,0.8547840858736482,0.3503033568777796,1,NCOPspring,0,1
0.5102070228177468,0.7125966596688532,0.3078173859666402,1,NCOPsummerlag1,0,1
0.12822429306763,0.05425242638717681,0.20219615974808325,1,BEUTI_33N,0,1
0.5281872439652341,0.6094718872178089,0.4469026007126595,1,BEUTI_39N,0,1
0.2945558645584222,0.23090714546067687,0.3582045836561676,1,CUTI_33N,0,1
0.5283545150530715,0.6064752207118064,0.45023380939433666,1,CUTI_39N,0,1
0.22647923123548286,0.05753869735800572,0.39541976511296,1,OC_LUSI_33N,0,1
-0.19025212562717092,-0.2777622103017874,-0.1027420409525544,1,OC_STI_33N,0,1
-0.21610188287733045,-0.24754357699604837,-0.1846601887586125,1,RREAS_Myctophids,0,1
-0.33181540163098794,-0.4047287243359208,-0.25890207892605516,1,RREAS_YOYsardine,0,1
0.1280129571823526,0.153219916291279,0.10280599807342612,1,age1SprSardmeanWAA,0,1
-0.06753764151987207,-0.1446253719907633,0.009550088951019223,1,meanSSBwt,0,0
0.6991914364758377,0.7050601871031922,0.6933226858484832,1,ZM_NorCal,0,1
0.5814706988279605,0.599041837167039,0.563899560488882,1,ZM_SoCal,0,1
-0.3262167460856364,-0.3000127198349157,-0.35242077233635705,1,sardRec,0,1
0.037520699952206915,0.01452682963020513,0.06051457027420867,1,anchBioSmrySeas1,0,1
-0.5002639661488867,-0.5467246292132915,-0.45380330308448197,1,summerSST,0,1
-0.187645740924355,-0.2567539555106742,-0.1185375263380358,1,avgOffTransspring,0,1
0.22765610668047626,0.15706429598566865,0.298247917375284,1,avgOffTranssummer,0,1
0.15806485565120715,0.12910764799280963,0.18702206330960455,1,sprRelOffTrans,0,1
0.18770983847303238,-9.885701253969092e-4,0.37640824707146164,1,sumRelOffTrans,0,0
-0.22222060856782683,-0.22261017202272512,-0.22183104511292853,1,meanK,0,1
0.3815117340883567,0.3378743363626625,0.4251491318140509,1,OC_LUSI_39N,0,1
-0.13411772221036322,-0.29996780994206745,0.03173236552134118,1,sardSpawnHab,0,0
-0.6077200835716365,-0.49812897927421285,-0.7173111878690607,1,sardNurseHab,0,1
-0.7261762728389837,-0.7059363361300683,-0.7464162095478989,1,springSST,0,1
0.0022552028500361643,-0.04035289708264472,0.044863302782717024,1,randTest,0,0
0.2441102350360128,0.346301084394753,0.14191938567727264,2,NCOPspring,0,1
0.11100094784603332,0.3477696210763458,-0.12576772538427916,2,NCOPsummerlag1,0,0
0.26076680653575224,0.6927663958799728,-0.17123278280846826,2,BEUTI_33N,0,0
0.23948449978123168,0.5226167191407698,-0.04364771957830649,2,BEUTI_39N,0,0
0.19078899249491327,0.7600922156271335,-0.3785142306373068,2,CUTI_33N,0,0
0.13931964942896494,0.4861472083221975,-0.2075079094642676,2,CUTI_39N,0,0
0.15205605224034813,1.1309297698014091,-0.8268176653207129,2,OC_LUSI_33N,0,0
-0.11605965683668457,0.5636269090485708,-0.79574622272194,2,OC_STI_33N,0,0
-0.11388043675189985,0.6336086926792679,-0.8613695661830676,2,RREAS_Myctophids,0,0
-0.0660101609777891,0.7943988407050793,-0.9264191626606575,2,RREAS_YOYsardine,0,0
-0.01615479564526276,0.6520711291228177,-0.6843807204133432,2,age1SprSardmeanWAA,0,0
-0.0014892835655283543,1.1499949156014488,-1.1529734827325056,2,meanSSBwt,0,0
0.2243305536734115,0.870104086119915,-0.4214429787730921,2,ZM_NorCal,0,0
0.07195275987394903,0.6669188198928004,-0.5230133001449024,2,ZM_SoCal,0,0
-0.2353594967342335,0.04533364935766791,-0.5160526428261349,2,sardRec,0,0
0.1809597829185198,0.5747319353743543,-0.2128123695373147,2,anchBioSmrySeas1,0,0
-0.07595982174581864,0.7721387230389676,-0.9240583665306049,2,summerSST,0,0
-0.20578639967089107,0.26872095480569125,-0.6802937541474734,2,avgOffTransspring,0,0
0.033890450543438644,0.7563235468767605,-0.6885426457898833,2,avgOffTranssummer,0,0
0.22484825766119962,0.5482912441086083,-0.09859472878620903,2,sprRelOffTrans,0,0
0.13047757804099125,1.2171375754005236,-0.9561824193185409,2,sumRelOffTrans,0,0
0.058341751716903124,0.9184966831098015,-0.8018131796759953,2,meanK,0,0
0.1820635215981652,0.7440012670157391,-0.3798742238194088,2,OC_LUSI_39N,0,0
0.04115575010834954,1.2077820485086546,-1.1254705482919554,2,sardSpawnHab,0,0
-0.1571106151722804,0.2370561097226133,-0.5512773400671741,2,sardNurseHab,0,0
-0.18477271006359902,0.47667067411690645,-0.8462160942441046,2,springSST,0,0
0.028993907307081637,0.686792123644355,-0.6288043090301918,2,randTest,0,0
0.18689538429458236,0.26513461936587673,0.10865614922328802,3,NCOPspring,0,1
0.18631533326064334,0.20371022768540126,0.1689204388358854,3,NCOPsummerlag1,0,1
-0.10181503893514102,0.4016916535207354,-0.6053217313910174,3,BEUTI_33N,0,0
0.12702202129182721,0.367395630447806,-0.11335158786415153,3,BEUTI_39N,0,0
-0.13427558441535595,0.139215991037138,-0.4077671598678499,3,CUTI_33N,0,0
0.07690305757902251,0.2171142246969738,-0.06330810953892885,3,CUTI_39N,0,0
-0.34872272414238425,-0.10719335850735176,-0.5902520897774166,3,OC_LUSI_33N,0,1
0.22226601042403452,0.40997391405400563,0.034558106794063265,3,OC_STI_33N,0,1
-0.3644559631484122,-0.32386241446885633,-0.405049511827968,3,RREAS_Myctophids,0,1
0.25401176151242416,0.2901642590671036,0.21785926395774474,3,RREAS_YOYsardine,0,1
0.27486070958668113,0.5274464655791378,0.022274953594224628,3,age1SprSardmeanWAA,0,1
0.44794620288067505,0.5638605069361861,0.33203189882516404,3,meanSSBwt,0,1
-0.026399719095017954,0.11384405336782626,-0.166643491557862,3,ZM_NorCal,0,0
-0.01457811058243294,0.06168210499452489,-0.0908383261593908,3,ZM_SoCal,0,0
-0.07994105513225486,0.22074353032379493,-0.3806256405883046,3,sardRec,0,0
0.06694376658470286,0.3263254984382575,-0.19243796526885176,3,anchBioSmrySeas1,0,0
0.18817647412853789,0.1761498391535754,0.2002031091035003,3,summerSST,0,1
0.12100567325044295,0.48192243562564946,-0.23991108912476347,3,avgOffTransspring,0,0
0.364401389042489,0.5310431233746487,0.19775965471032944,3,avgOffTranssummer,0,1
-0.03335660868117242,0.3676774051186702,-0.4343906224810151,3,sprRelOffTrans,0,0
-0.4093538108460456,-0.18267510242586762,-0.6360325192662237,3,sumRelOffTrans,0,1
0.24886946644990826,0.27436025476703024,0.2233786781327863,3,meanK,0,1
-0.10289103648302686,0.10428201946592516,-0.3100640924319789,3,OC_LUSI_39N,0,0
-0.5333777067958069,-0.25812418410187205,-0.8086312294897416,3,sardSpawnHab,0,1
-0.09589370793521043,0.0753937606432073,-0.26718117651362816,3,sardNurseHab,0,0
0.019128022876673173,0.1026620742585515,-0.06440602850520512,3,springSST,0,0
0.26696422805292586,0.3129497732573596,0.2209786828484921,3,randTest,0,1
0.5299974897105605,0.7695583406321197,0.29043663878900117,1,NCOPspring,0,1
0.4146545182380939,0.6857981526463546,0.14351088382983326,1,NCOPsummerlag1,0,1
0.19737295667397303,0.45104241088498875,-0.056296497537042696,1,BEUTI_33N,0,0
0.4765566738218028,0.8262680750127614,0.12684527263084414,1,BEUTI_39N,0,1
0.3717584325394119,0.6779358335067132,0.06558103157211054,1,CUTI_33N,0,1
0.46817133966670044,0.8491234406464725,0.08721923868692837,1,CUTI_39N,0,1
0.32453001568849377,0.5472520148719222,0.10180801650506519,1,OC_LUSI_33N,0,1
-0.2696990376848097,-0.04907059659122755,-0.4903274787783918,1,OC_STI_33N,0,1
-0.07541386652563092,0.3480556244882276,-0.4988833575394893,1,RREAS_Myctophids,0,0
-0.4201541810360079,-0.17955821973798836,-0.6607501423340274,1,RREAS_YOYsardine,0,1
-0.05130108379748234,0.6814250743254057,-0.7840272419203702,1,age1SprSardmeanWAA,0,0
-0.27147595882708897,0.4718352284804884,-1.0147871461346665,1,meanSSBwt,0,0
0.6866480565099864,1.0549580664679972,0.31833804655197556,1,ZM_NorCal,0,1
0.5571698506178593,0.887140446094829,0.22719925514088943,1,ZM_SoCal,0,1
-0.3155759567227524,-0.09175257770630388,-0.539399335739201,1,sardRec,0,1
0.014692023931169538,0.23440372991681593,-0.20501968205447693,1,anchBioSmrySeas1,0,0
-0.5179660086847503,-0.2191196426882616,-0.816812374681239,1,summerSST,0,1
-0.28085939685899797,0.00967319365157774,-0.5713919873695738,1,avgOffTransspring,0,0
0.049020082533911796,0.5206011749317757,-0.42256100986395223,1,avgOffTranssummer,0,0
0.25993337222810525,0.5985566867109494,-0.07868994225473888,1,sprRelOffTrans,0,0
0.3879094554894374,0.8533434781466903,-0.07752456716781564,1,sumRelOffTrans,0,0
-0.2559429978507238,0.17785193084194903,-0.6897379265433966,1,meanK,0,0
0.4262611858429183,0.6542029531880303,0.19831941849780624,1,OC_LUSI_39N,0,1
0.07121641863497494,0.4943415163701728,-0.3519086791002229,1,sardSpawnHab,0,0
-0.5378418591520046,-0.12213947390427561,-0.9535442443997334,1,sardNurseHab,0,1
-0.7085851370809577,-0.32656631620339843,-1.0906039579585167,1,springSST,0,1
-0.040820052078293645,0.43534858361066747,-0.5169886877672546,1,randTest,0,0
-0.12626656436001812,-0.1833395244933707,-0.06919360422666553,2,NCOPspring,0,1
-0.010008095236098302,0.08333016677943952,-0.10334635725163613,2,NCOPsummerlag1,0,0
-0.21687753491585707,0.15453816784368496,-0.5882932376753991,2,BEUTI_33N,0,0
-0.14980490785723716,0.38537040378837584,-0.68498021950285,2,BEUTI_39N,0,0
-0.11239188377066614,0.26018656331856377,-0.4849703308598961,2,CUTI_33N,0,0
-0.045291336924457,0.5039594582181076,-0.5945421320670217,2,CUTI_39N,0,0
-0.06342397682842038,0.12442097908720073,-0.25126893274404155,2,OC_LUSI_33N,0,0
0.04951745033861192,0.24805883502513226,-0.14902393434790842,2,OC_STI_33N,0,0
0.11146107926121696,0.9190231956064908,-0.6961010370840569,2,RREAS_Myctophids,0,0
-0.02426899823990979,0.21350201361696822,-0.2620400100967878,2,RREAS_YOYsardine,0,0
0.07419190990683006,1.4300574799293524,-1.2816736601156924,2,age1SprSardmeanWAA,0,0
-0.003808226396783493,1.3010222218794565,-1.3086386746730236,2,meanSSBwt,0,0
-0.09009301199043031,0.358267163072597,-0.5384531870534576,2,ZM_NorCal,0,0
0.03934605317805171,0.45559927946113843,-0.37690717310503496,2,ZM_SoCal,0,0
0.17631320134175346,0.46058546810775436,-0.10795906542424752,2,sardRec,0,0
-0.18134428753583495,0.1673827532912525,-0.5300713283629224,2,anchBioSmrySeas1,0,0
-0.03783439865962734,0.3204558784113858,-0.3961246757306405,2,summerSST,0,0
0.1524595301043974,0.5487789193316323,-0.24385985912283747,2,avgOffTransspring,0,0
-0.03451877446551799,0.856481479125986,-0.925519028057022,2,avgOffTranssummer,0,0
-0.18323729327211258,0.33848873171569044,-0.7049633182599155,2,sprRelOffTrans,0,0
-0.04128146598065509,0.7838002766610402,-0.8663632086223503,2,sumRelOffTrans,0,0
-0.12956824091243416,0.49486285443274924,-0.7539993362576175,2,meanK,0,0
-0.09237087539812261,0.07750386684221583,-0.26224561763846105,2,OC_LUSI_39N,0,0
-0.00999515000786294,0.6877765842198215,-0.7077668842355473,2,sardSpawnHab,0,0
0.04998078264067968,0.6180765195910954,-0.5181149543097361,2,sardNurseHab,0,0
0.043744428114840375,0.5106802458989239,-0.4231913896692432,2,springSST,0,0
-0.06299611884115011,0.7646375164284865,-0.8906297541107867,2,randTest,0,0
0.10095485769842638,0.14658683159344926,0.05532288380340349,3,NCOPspring,0,1
0.0430784306054472,0.030851185454486327,0.05530567575640807,3,NCOPsummerlag1,0,1
-2.0860749952297808e-4,0.316924014304008,-0.317341229303054,3,BEUTI_33N,0,0
0.32512713063800286,0.6018949146379847,0.04835934663802105,3,BEUTI_39N,0,1
-0.07279762059652983,-0.0017552380431670109,-0.14384000314989265,3,CUTI_33N,0,1
0.32069377060437526,0.4110835146550614,0.23030402655368915,3,CUTI_39N,0,1
0.001924687918882645,0.12033957997667105,-0.11649020413890578,3,OC_LUSI_33N,0,0
0.0189145312890339,0.13065720191377866,-0.09282813933571085,3,OC_STI_33N,0,0
-0.3776820460237335,-0.06267630486736694,-0.6926877871801002,3,RREAS_Myctophids,0,1
0.00700356574103253,0.27789492500216006,-0.26388779352009506,3,RREAS_YOYsardine,0,0
-0.6132607569836002,-0.28970876294499814,-0.9368127510222022,3,age1SprSardmeanWAA,0,1
-0.6220282716073074,-0.5154503846944342,-0.7286061585201807,3,meanSSBwt,0,1
0.3071461857832998,0.4555516931525335,0.15874067841406606,3,ZM_NorCal,0,1
0.21669838936608646,0.376032243724814,0.05736453500735894,3,ZM_SoCal,0,1
-0.17654879608266075,0.17891659432988227,-0.5320141864952038,3,sardRec,0,0
0.14729971097609412,0.6027509283878519,-0.3081515064356637,3,anchBioSmrySeas1,0,0
-0.1833689755881061,-0.01033270791680306,-0.35640524325940914,3,summerSST,0,1
0.07130096430092428,0.17052848407002563,-0.027926555468177093,3,avgOffTransspring,0,0
0.40736675573706993,0.5649743673286812,0.24975914414545872,3,avgOffTranssummer,0,1
-0.12151162043430735,-0.03830682310478749,-0.20471641776382724,3,sprRelOffTrans,0,1
-0.29432994135379525,-0.15192017998196228,-0.4367397027256283,3,sumRelOffTrans,0,1
-0.24633416926716736,-0.09611961548811847,-0.39654872304621624,3,meanK,0,1
0.0511407668638758,0.19981131741526514,-0.0975297836875135,3,OC_LUSI_39N,0,0
-0.29406771607549526,-0.1771684850488905,-0.41096694710210013,3,sardSpawnHab,0,1
-0.3370873495869754,-0.2212040288360856,-0.4529706703378652,3,sardNurseHab,0,1
-0.3052476281628682,-0.19031994958659967,-0.42017530673913683,3,springSST,0,1
-0.3690028649043362,-0.39372976940284543,-0.3442759604058269,3,randTest,0,1
-0.5374222377692329,-0.30750489946529125,-0.7673395760731746,1,NCOPspring,0,1
-0.455054762305617,-0.2169190878165898,-0.6931904367946442,1,NCOPsummerlag1,0,1
-0.12931954224014525,0.3351447742465182,-0.5937838587268087,1,BEUTI_33N,0,0
-0.47785372253421426,-0.09752138758448023,-0.8581860574839484,1,BEUTI_39N,0,1
-0.2946267722686202,0.08530706076572321,-0.6745606053029636,1,CUTI_33N,0,0
-0.502641005198611,-0.1696860906848183,-0.8355959197124038,1,CUTI_39N,0,1
-0.33600551013151586,0.3523539920275951,-1.0243650122906267,1,OC_LUSI_33N,0,0
0.27061831117598206,0.8035445565310473,-0.2623079341790831,1,OC_STI_33N,0,0
0.10743211834259006,0.42853508161553217,-0.21367084493035207,1,RREAS_Myctophids,0,0
0.42425016348196626,0.9798930338787171,-0.13139270691478466,1,RREAS_YOYsardine,0,0
-0.03857377719663074,0.5407825774607511,-0.6179301318540126,1,age1SprSardmeanWAA,0,0
0.1961231947529234,0.950247125353755,-0.5580007358479082,1,meanSSBwt,0,0
-0.6916610571129409,-0.18973133922319885,-1.1935907750026828,1,ZM_NorCal,0,1
-0.5743156370723321,-0.20627342969791765,-0.9423578444467466,1,ZM_SoCal,0,1
0.2723294448699125,0.601664863657258,-0.05700597391743306,1,sardRec,0,0
-0.015044841812259582,0.3394012817154058,-0.3694909653399249,1,anchBioSmrySeas1,0,0
0.5595402654773007,1.0498926557871415,0.06918787516746003,1,summerSST,0,1
0.20629081765889484,0.6811923274007042,-0.26861069208291455,1,avgOffTransspring,0,0
-0.11692038102230048,0.2969549943724273,-0.5307957564170283,1,avgOffTranssummer,0,0
-0.15563957812346882,0.2882952782521305,-0.5995744344990682,1,sprRelOffTrans,0,0
-0.3088947503280588,0.3537763825108213,-0.9715658831669388,1,sumRelOffTrans,0,0
0.3027315466614609,0.7660725267322628,-0.16060943340934106,1,meanK,0,0
-0.39064409599731503,0.04386410021060115,-0.8251522922052312,1,OC_LUSI_39N,0,0
0.014328294010642534,0.7974579846565553,-0.76880139663527,1,sardSpawnHab,0,0
0.5762684313755426,0.9723029994947802,0.180233863256305,1,sardNurseHab,0,1
0.7229385450321322,1.2309317881270736,0.2149453019371908,1,springSST,0,1
0.06398490962636362,0.282981651403381,-0.15501183215065376,1,randTest,0,0
0.22152439524124218,0.1267529180975537,0.3162958723849306,2,NCOPspring,0,1
0.0934823209193506,0.16095370940286458,0.02601093243583663,2,NCOPsummerlag1,0,1
0.25110227063333024,0.5112992170486266,-0.009094675781966266,2,BEUTI_33N,0,0
0.22465350223722352,0.4448569461028533,0.004450058371593707,2,BEUTI_39N,0,1
0.18264019360680736,0.43934796641000845,-0.07406757919639377,2,CUTI_33N,0,0
0.13433757019403852,0.4079964678190695,-0.1393213274309925,2,CUTI_39N,0,0
0.1965096950256369,0.9987972350136687,-0.605777844962395,2,OC_LUSI_33N,0,0
-0.1501544214237152,0.4456993192891383,-0.7460081621365686,2,OC_STI_33N,0,0
-0.0796549791679678,0.2735625364826659,-0.43287249481860146,2,RREAS_Myctophids,0,0
-0.10749116487619526,0.6405349620511307,-0.8555172918035212,2,RREAS_YOYsardine,0,0
-0.05681470836783184,0.41725604894719365,-0.5308854656828572,2,age1SprSardmeanWAA,0,0
-0.061090310757580535,0.8480857372803869,-0.970266358795548,2,meanSSBwt,0,0
0.22809396677392982,0.7459860073232691,-0.2897980737754096,2,ZM_NorCal,0,0
0.07901580669888411,0.5235571535812196,-0.3655255401834512,2,ZM_SoCal,0,0
-0.21292568057134986,-0.01789091153300107,-0.4079604496096987,2,sardRec,0,1
0.17160281861978471,0.40320549048433585,-0.059999853244766484,2,anchBioSmrySeas1,0,0
-0.10664936756737062,0.5740669797877767,-0.787365714922518,2,summerSST,0,0
-0.21240312699670771,0.14027036170700544,-0.5650766157004208,2,avgOffTransspring,0,0
-0.0012005286132266008,0.4124934484815145,-0.4148945057079677,2,avgOffTranssummer,0,0
0.22322708144028727,0.48625657012862417,-0.03980240724804959,2,sprRelOffTrans,0,0
0.17275120330285137,0.9600475030037532,-0.6145450963980502,2,sumRelOffTrans,0,0
0.028653011642305742,0.6099713161653825,-0.5526652928807708,2,meanK,0,0
0.1862867581328363,0.5879475227351847,-0.2153740064695121,2,OC_LUSI_39N,0,0
0.08013438156320812,0.963988212259204,-0.8037194491327878,2,sardSpawnHab,0,0
-0.15588209819695423,0.1198774187722007,-0.43164161516610916,2,sardNurseHab,0,0
-0.19546965089301108,0.39893812452723354,-0.7898774263132556,2,springSST,0,0
-0.059536065322470556,0.07238527293495457,-0.1914574035798957,2,randTest,0,0
0.294106430615978,0.16828326411289332,0.41992959711906275,3,NCOPspring,0,1
0.2995672341232139,0.08028503872761995,0.5188494295188077,3,NCOPsummerlag1,0,1
-0.03368096397976601,0.1398353018176311,-0.20719722977716307,3,BEUTI_33N,0,0
0.13258421815603547,0.15078603146125766,0.1143824048508133,3,BEUTI_39N,0,1
-8.913379838098312e-4,0.05046318081656154,-0.052245856784181144,3,CUTI_33N,0,0
0.10872443460396089,0.0044473482820578045,0.21300152092586394,3,CUTI_39N,0,1
-0.33962616979538385,-0.3506692966039136,-0.3285830429868541,3,OC_LUSI_33N,0,1
0.24057557943462318,0.22098920697356772,0.2601619518956787,3,OC_STI_33N,0,1
-0.27711325480808446,-0.42861319161739747,-0.12561331799877143,3,RREAS_Myctophids,0,1
0.24919955639772534,0.06932465741428162,0.429074455381169,3,RREAS_YOYsardine,0,1
0.3284174718000199,0.2678795107970604,0.38895543280297934,3,age1SprSardmeanWAA,0,1
0.48261723319054617,0.27597990989971866,0.6892545564813738,3,meanSSBwt,0,1
0.04320932230060523,-0.0563272012235104,0.14274584582472083,3,ZM_NorCal,0,0
0.0474494257768934,-0.17220163280372214,0.2671004843575089,3,ZM_SoCal,0,0
-0.14904534250611381,-0.13449077709952978,-0.16359990791269788,3,sardRec,0,1
-0.00834255278792674,0.05518830870447408,-0.07187341428032754,3,anchBioSmrySeas1,0,0
0.12807202717919977,-0.10283802421897925,0.3589820785773787,3,summerSST,0,0
0.11499943354061917,0.24482306206365642,-0.014824194982417993,3,avgOffTransspring,0,0
0.3322492687739509,0.2815858769412939,0.3829126606066079,3,avgOffTranssummer,0,1
-0.06506929386436788,0.0963109737567634,-0.22644956148549922,3,sprRelOffTrans,0,0
-0.3435370730301752,-0.37585416891428813,-0.31121997714606225,3,sumRelOffTrans,0,1
0.19262509494038121,-0.10043425029681519,0.48568444017757767,3,meanK,0,0
-0.04801048902104335,-0.04503789040538442,-0.050983087636702284,3,OC_LUSI_39N,0,1
-0.5872404453728195,-0.6540451110212817,-0.5204357797243574,3,sardSpawnHab,0,1
-0.1493822141476488,-0.2650076224346821,-0.03375680586061551,3,sardNurseHab,0,1
-0.013209263087299278,-0.18265815538653718,0.15623962921193865,3,springSST,0,0
-0.07774831617472748,-0.13140436993839627,-0.024092262411058663,3,randTest,0,1
0.586151149289687,0.8356921728570716,0.3366101257223024,1,NCOPspring,0,1
0.5067602772468025,0.7105482858035983,0.3029722686900067,1,NCOPsummerlag1,0,1
0.11899907524846756,0.06203135387215239,0.17596679662478268,1,BEUTI_33N,0,1
0.4896668812526279,0.5431960890211208,0.436137673484135,1,BEUTI_39N,0,1
0.2981143230649177,0.26548135558501085,0.33074729054482443,1,CUTI_33N,0,1
0.5050451664068025,0.5680820255253834,0.4420083072882217,1,CUTI_39N,0,1
0.2614439366525989,0.05971317197378126,0.4631747013314166,1,OC_LUSI_33N,0,1
-0.21804148964151487,-0.3456417185940416,-0.09044126068898813,1,OC_STI_33N,0,1
-0.17016622866511616,-0.16488578256265976,-0.17544667476757253,1,RREAS_Myctophids,0,1
-0.3627986053170512,-0.46741485275560124,-0.2581823578785011,1,RREAS_YOYsardine,0,1
0.12469317561220229,0.09532639855793401,0.1540599526664706,1,age1SprSardmeanWAA,0,1
-0.08584782969813451,-0.20644875668370988,0.03475309728744089,1,meanSSBwt,0,0
0.686058301955952,0.6593958809260244,0.7127207229858797,1,ZM_NorCal,0,1
0.5763360193961008,0.584725754665554,0.5679462841266475,1,ZM_SoCal,0,1
-0.29940345219181475,-0.2785694650327541,-0.3202374393508755,1,sardRec,0,1
0.023243147374293553,-0.004964768548988696,0.051451063297575844,1,anchBioSmrySeas1,0,0
-0.5166355499442783,-0.5762273883840711,-0.4570437115044855,1,summerSST,0,1
-0.18321392855359342,-0.27495180053821544,-0.09147605656897151,1,avgOffTransspring,0,1
0.18896458612829684,0.13932448913319218,0.23860468312340155,1,avgOffTranssummer,0,1
0.14521046469349572,0.08341668453555112,0.20700424485144028,1,sprRelOffTrans,0,1
0.22623582422317048,0.04007143683390316,0.41240021161243784,1,sumRelOffTrans,0,1
-0.2433312055736003,-0.25180264891836834,-0.23485976222883231,1,meanK,0,1
0.38454686975475805,0.3196852967009334,0.4494084428085827,1,OC_LUSI_39N,0,1
-0.11265926791387448,-0.29562139911376745,0.07030286328601842,1,sardSpawnHab,0,0
-0.5877719115369092,-0.502001628325098,-0.6735421947487205,1,sardNurseHab,0,1
-0.7121584765238127,-0.7345337886933521,-0.6897831643542733,1,springSST,0,1
-0.16130360889172113,-0.19294823736975386,-0.1296589804136884,1,randTest,0,1
0.23005136409497134,0.32799069755682636,0.13211203063311633,2,NCOPspring,0,1
0.10407795498978098,0.34155730165169507,-0.13340139167213308,2,NCOPsummerlag1,0,0
0.24720368718479746,0.6062550780131687,-0.11184770364357383,2,BEUTI_33N,0,0
0.21977886751590733,0.5344850269941893,-0.09492729196237466,2,BEUTI_39N,0,0
0.1845315921021936,0.6334876709025309,-0.26442448669814367,2,CUTI_33N,0,0
0.1251094357576154,0.5057727989193981,-0.25555392740416716,2,CUTI_39N,0,0
0.17328190011187314,1.279966570996101,-0.9334027707723549,2,OC_LUSI_33N,0,0
-0.13283251727858617,0.6907235835987001,-0.9563886181558725,2,OC_STI_33N,0,0
-0.09638538495906321,0.46818075387235736,-0.6609515237904837,2,RREAS_Myctophids,0,0
-0.08440360077500347,0.9114539310488279,-1.080261132598835,2,RREAS_YOYsardine,0,0
-0.04220715135369664,0.8034404619254603,-0.8878547646328536,2,age1SprSardmeanWAA,0,0
-0.03334758115364052,1.2868604844758678,-1.3535556467831487,2,meanSSBwt,0,0
0.2193365509921094,0.9584361131571393,-0.5197630111729206,2,ZM_NorCal,0,0
0.07265102599474961,0.7257953896662344,-0.5804933376767349,2,ZM_SoCal,0,0
-0.21787991028863968,0.06766515369937195,-0.5034249742766512,2,sardRec,0,0
0.1769983584608354,0.5000261050682484,-0.1460293881465777,2,anchBioSmrySeas1,0,0
-0.08552800334205866,0.8332152015125277,-1.004271208196645,2,summerSST,0,0
-0.20447826431764865,0.31566409415424723,-0.7246206227895445,2,avgOffTransspring,0,0
0.01841342916341001,0.6412991390928381,-0.604472280766018,2,avgOffTranssummer,0,0
0.21925506297187128,0.6021709425129615,-0.16366081656921905,2,sprRelOffTrans,0,0
0.14508945424860034,1.2183994131748717,-0.928220504677671,2,sumRelOffTrans,0,0
0.04232661693659905,0.9751967099661094,-0.8905434760929112,2,meanK,0,0
0.18341934787823413,0.7994455169757626,-0.4326068212192942,2,OC_LUSI_39N,0,0
0.05764257254137335,1.3069398556616818,-1.191654710578935,2,sardSpawnHab,0,0
-0.15047030167321085,0.3135392242795453,-0.614479827625967,2,sardNurseHab,0,0
-0.18185790786848505,0.6247222764084253,-0.9884380921453954,2,springSST,0,0
-0.09770580931356476,0.3645331476142016,-0.559944766241331,2,randTest,0,0
0.18869512893651844,0.2690279503837848,0.10836230748925202,3,NCOPspring,0,1
0.19065911379450354,0.21054643774976786,0.1707717898392392,3,NCOPsummerlag1,0,1
-0.048253036852848145,0.44128239950668396,-0.5377884732123802,3,BEUTI_33N,0,0
0.08069294882053697,0.32975326752892276,-0.16836736988784884,3,BEUTI_39N,0,0
-0.06652938632644412,0.2087867319838554,-0.3418455046367437,3,CUTI_33N,0,0
0.05500945229037926,0.18160245523771423,-0.07158355065695582,3,CUTI_39N,0,0
-0.37701769589291234,-0.09555142794739518,-0.6584839638384297,3,OC_LUSI_33N,0,1
0.26665999397378065,0.48363352124026576,0.04968646670729571,3,OC_STI_33N,0,1
-0.2591939473810289,-0.20671977257447016,-0.3116681221875876,3,RREAS_Myctophids,0,1
0.2898608096626042,0.3461471079905544,0.2335745113346539,3,RREAS_YOYsardine,0,1
0.3529564921119007,0.6528100083197979,0.0531029759040037,3,age1SprSardmeanWAA,0,1
0.502261542291674,0.6671112271576621,0.33741185742568586,3,meanSSBwt,0,1
-0.06129017460438202,0.0880814654337441,-0.21066181464250816,3,ZM_NorCal,0,0
-0.03768004757491139,0.012661300216885711,-0.08802139536670844,3,ZM_SoCal,0,0
-0.09270987703433906,0.19347628290074198,-0.3788960369694201,3,sardRec,0,0
0.0011126495901334146,0.3474405397724554,-0.34521524059218855,3,anchBioSmrySeas1,0,0
0.1993459519231735,0.19442757368290603,0.20426433016344092,3,summerSST,0,1
0.13742981203096796,0.5170328804088336,-0.24217325634689763,3,avgOffTransspring,0,0
0.30123048058726337,0.47032396688047007,0.13213699429405662,3,avgOffTranssummer,0,1
-0.07604974750798321,0.35083833286849775,-0.5029378278844642,3,sprRelOffTrans,0,0
-0.3735220689185395,-0.12911445928730417,-0.617929678549775,3,sumRelOffTrans,0,1
0.26752992581404894,0.2784080624589224,0.2566517891691754,3,meanK,0,1
-0.11650443387280654,0.10651844684400064,-0.3395273145896137,3,OC_LUSI_39N,0,0
-0.5470075227086215,-0.242746726214219,-0.8512683192030241,3,sardSpawnHab,0,1
-0.05468653892379555,0.10181969303033728,-0.21119277087792834,3,sardNurseHab,0,0
0.08015737003729659,0.15880019572985787,0.0015145443447352781,3,springSST,0,1
0.12129529807322295,0.2994394859923378,-0.0568488898458919,3,randTest,0,0
-0.5367244216128325,-0.3120750815688296,-0.7613737616568355,1,NCOPspring,0,1
-0.4503751658265706,-0.21122828388492093,-0.6895220477682202,1,NCOPsummerlag1,0,1
-0.13654681889229953,-0.2814846614270423,0.008391023642443207,1,BEUTI_33N,0,0
-0.47345317773831913,-0.4477825603610812,-0.49912379511555705,1,BEUTI_39N,0,1
-0.3002151159159714,-0.3316838543080574,-0.2687463775238854,1,CUTI_33N,0,1
-0.5018752311068432,-0.400002877356483,-0.6037475848572034,1,CUTI_39N,0,1
-0.3423912415415954,-0.37951998534658243,-0.3052624977366084,1,OC_LUSI_33N,0,1
0.27731223514756426,0.27224194296658605,0.2823825273285424,1,OC_STI_33N,0,1
0.09800313138916686,0.20978434147364394,-0.0137780786953103,1,RREAS_Myctophids,0,0
0.4278599583080279,0.5186302789945872,0.3370896376214686,1,RREAS_YOYsardine,0,1
-0.03942067631282713,0.04576165318593284,-0.12460300581158701,1,age1SprSardmeanWAA,0,0
0.2030911240258971,0.3378301758952507,0.06835207215654338,1,meanSSBwt,0,1
-0.6865001374468009,-0.6053745580259184,-0.7676257168676832,1,ZM_NorCal,0,1
-0.5730189248227723,-0.42357414729772774,-0.7224637023478166,1,ZM_SoCal,0,1
0.26902456809089303,0.27802523202609725,0.2600239041556889,1,sardRec,0,1
-0.011386298004925896,-0.043777588105461895,0.021004992095610103,1,anchBioSmrySeas1,0,0
0.5604687181878213,0.700055557503325,0.42088187887231765,1,summerSST,0,1
0.2064826316863738,0.10394747936064327,0.30901778401210434,1,avgOffTransspring,0,1
-0.10319963958137066,-0.08567720711792795,-0.12072207204481333,1,avgOffTranssummer,0,1
-0.15704323401283926,-0.26899429265527625,-0.045092175370402277,1,sprRelOffTrans,0,1
-0.32262533782368097,-0.3612783480969627,-0.28397232755039925,1,sumRelOffTrans,0,1
0.30644560178238234,0.5016705317397789,0.11122067182498585,1,meanK,0,1
-0.39469053414817107,-0.3836063039733801,-0.40577476432296217,1,OC_LUSI_39N,0,1
-0.006954839212420294,-0.01612503101975471,0.002215352594914205,1,sardSpawnHab,0,0
0.5766634164220246,0.7133591990432395,0.4399676338008095,1,sardNurseHab,0,1
0.7210387195753453,0.8471717113295572,0.5949057278211337,1,springSST,0,1
-0.16131419066881952,-0.12600422338978448,-0.19662415794785457,1,randTest,0,1
0.2505535204079042,0.14568278835476162,0.35542425246104675,2,NCOPspring,0,1
0.11716659518035154,0.16492074239514834,0.06941244796555476,2,NCOPsummerlag1,0,1
0.26441971382368873,0.1652709302998096,0.3635684973475678,2,BEUTI_33N,0,1
0.24514376478236885,0.2502659975765053,0.24002153198823245,2,BEUTI_39N,0,1
0.19784218962001793,0.2754055817292973,0.12027879751073856,2,CUTI_33N,0,1
0.15367455609641167,0.31727526825469,-0.00992615606186675,2,CUTI_39N,0,0
0.1815852017472415,0.6094919249172487,-0.24632152142276553,2,OC_LUSI_33N,0,0
-0.1391997804035463,0.15132206196442233,-0.42972162277151493,2,OC_STI_33N,0,0
-0.09276592235001753,0.21532329818396012,-0.4008551428839952,2,RREAS_Myctophids,0,0
-0.10288336345201148,0.44032082964870245,-0.6460875565527252,2,RREAS_YOYsardine,0,0
-0.025477858333831642,0.1605877481276008,-0.211543464795264,2,age1SprSardmeanWAA,0,0
-0.025812314015668913,0.5610637156657373,-0.6126883436970749,2,meanSSBwt,0,0
0.24283302684093766,0.5524177361463031,-0.06675168246442773,2,ZM_NorCal,0,0
0.09030978452804421,0.4212580552124902,-0.24063848615640188,2,ZM_SoCal,0,0
-0.22803817943701032,-0.23657732513699997,-0.21949903373702073,2,sardRec,0,1
0.17450364819348216,0.1897585779838843,0.15924871840308,2,anchBioSmrySeas1,0,1
-0.10908885893376621,0.4458165320639536,-0.6639942499314859,2,summerSST,0,0
-0.21725074733793176,-0.15713799101722675,-0.2773635036586367,2,avgOffTransspring,0,1
0.008202812946170354,0.31968252036036116,-0.30327689446802053,2,avgOffTranssummer,0,0
0.23036094914017666,0.16665794186433727,0.294063956416016,2,sprRelOffTrans,0,1
0.1706151752756823,0.6999945746638161,-0.35876422411245157,2,sumRelOffTrans,0,0
0.04199415633312308,0.47102117387637993,-0.3870328612101339,2,meanK,0,0
0.19053626937686802,0.33570883652280614,0.04536370223092987,2,OC_LUSI_39N,0,1
0.06274883340346821,0.5981706702848554,-0.4726730034779191,2,sardSpawnHab,0,0
-0.1696877169058595,-0.0968638469164354,-0.24251158689528357,2,sardNurseHab,0,1
-0.20768101701770655,0.17702027055705746,-0.5923823045924707,2,springSST,0,0
0.017755667695188965,0.02381321366064284,0.011698121729735098,2,randTest,0,1
-0.3266281431084575,-0.18991590525533514,-0.46334038096158,3,NCOPspring,0,1
-0.3120909028058691,-0.10146266238681301,-0.5227191432249252,3,NCOPsummerlag1,0,1
0.059083740179413195,0.6852896193582967,-0.5671221389994702,3,BEUTI_33N,0,0
-0.16655132107346032,0.2788527811663954,-0.6119554233133159,3,BEUTI_39N,0,0
0.022807935203430024,0.5724262455206207,-0.5268103751137607,3,CUTI_33N,0,0
-0.12572581322319484,0.3115385336510835,-0.5629901600974732,3,CUTI_39N,0,0
0.2810634772375243,1.2444654854229267,-0.6823385309478781,3,OC_LUSI_33N,0,0
-0.17352964833184376,0.5253775956715259,-0.8724368923352135,3,OC_STI_33N,0,0
0.32907329769747473,0.8536837654958058,-0.19553717010085644,3,RREAS_Myctophids,0,0
-0.21999522581524997,0.6249787428632033,-1.0649691944937032,3,RREAS_YOYsardine,0,0
-0.2978731465558493,0.4017973299290493,-0.9975436230407477,3,age1SprSardmeanWAA,0,0
-0.42470963889032,0.604514898950351,-1.4539341767309908,3,meanSSBwt,0,0
-0.08595894274304527,0.6002663211426291,-0.7721842066287197,3,ZM_NorCal,0,0
-0.0914525686730335,0.43685966246887686,-0.6197647998149439,3,ZM_SoCal,0,0
0.1748371979208203,0.5734178139810236,-0.22374341813938292,3,sardRec,0,0
-0.02938674831821124,0.4224626891780144,-0.4812361858144369,3,anchBioSmrySeas1,0,0
-0.11118908927079024,0.6596055432893964,-0.8819837218309768,3,summerSST,0,0
-0.11668905042369253,0.5452741330674763,-0.7786522339148614,3,avgOffTransspring,0,0
-0.4181498612639374,0.310586943385343,-1.1468866659132178,3,avgOffTranssummer,0,0
0.046578911112130326,0.604760119848515,-0.5116022976242544,3,sprRelOffTrans,0,0
0.38180887842578093,1.4911916671290495,-0.7275739102774876,3,sumRelOffTrans,0,0
-0.1426665692766584,0.5155943356369214,-0.8009274741902382,3,meanK,0,0
-0.015162913511956921,0.5224631310037322,-0.5527889580276462,3,OC_LUSI_39N,0,0
0.602530872241428,1.806926584601332,-0.601864840118476,3,sardSpawnHab,0,0
0.23505695593072642,0.6699012723226558,-0.19978736046120296,3,sardNurseHab,0,0
0.08467420709337461,0.7684096580554628,-0.5990612438687136,3,springSST,0,0
-0.17068977304737626,0.1432819398876538,-0.4846614859824063,3,randTest,0,0
0.5614249764822884,0.7967119626026631,0.32613799036191377,1,NCOPspring,0,1
0.4729451085710413,0.7063249774187245,0.23956523972335816,1,NCOPsummerlag1,0,1
0.15164705273266893,0.09182997079581537,0.21146413466952235,1,BEUTI_33N,0,1
0.49323989786820144,0.5163388881683928,0.47014090756801,1,BEUTI_39N,0,1
0.2971251595112828,0.31196582111321114,0.2822844979093545,1,CUTI_33N,0,1
0.5042407920296538,0.5826002167906571,0.42588136726865033,1,CUTI_39N,0,1
0.3552921203711835,0.24355943877705752,0.4670248019653094,1,OC_LUSI_33N,0,1
-0.287786034059628,-0.35469636435699986,-0.22087570376225618,1,OC_STI_33N,0,1
-0.11494187450199414,-0.0444873687655119,-0.18539638023847632,1,RREAS_Myctophids,0,1
-0.4303249963530301,-0.4485116724995011,-0.41213832020655916,1,RREAS_YOYsardine,0,1
0.05153006828943732,0.06848550492631267,0.03457463165256197,1,age1SprSardmeanWAA,0,1
-0.1886939391601573,-0.19410383645777207,-0.18328404186254266,1,meanSSBwt,0,1
0.7032430267613542,0.7151872546889679,0.6912987988337402,1,ZM_NorCal,0,1
0.5742894594321166,0.6617878484716484,0.48679107039258496,1,ZM_SoCal,0,1
-0.2872465716912873,-0.2612858177041065,-0.3132073256784681,1,sardRec,0,1
0.03374007099542406,0.015263066115355134,0.052217075875492985,1,anchBioSmrySeas1,0,1
-0.5641398938630571,-0.5421058420918949,-0.5861739456342191,1,summerSST,0,1
-0.2311571132976104,-0.3235282190271468,-0.138786007568074,1,avgOffTransspring,0,1
0.10949413326347314,0.10498701461644644,0.11400125191049973,1,avgOffTranssummer,0,1
0.18383685701674704,0.10315518459427173,0.2645185294392223,1,sprRelOffTrans,0,1
0.32176630144583357,0.22827348611576706,0.41525911677590005,1,sumRelOffTrans,0,1
-0.2845196654816922,-0.16915259985308911,-0.3998867311102953,1,meanK,0,1
0.3983451116651625,0.3861151108482659,0.410575112482059,1,OC_LUSI_39N,0,1
-0.015306388183965014,-0.06645060724842784,0.03583783088049791,1,sardSpawnHab,0,0
-0.584603708000522,-0.49663110253748227,-0.6725763134635617,1,sardNurseHab,0,1
-0.7366142792263335,-0.7172919895471305,-0.7559365689055364,1,springSST,0,1
-0.038134954926864834,-0.11776961054302446,0.04149970068929476,1,randTest,0,0
-0.22673842258656282,-0.321761982853414,-0.13171486231971163,2,NCOPspring,0,1
-0.09783635275284307,-0.03331938348772828,-0.16235332201795788,2,NCOPsummerlag1,0,1
-0.24945962482771755,-0.39987942493073414,-0.09903982472470102,2,BEUTI_33N,0,1
-0.22073842496269486,-0.2913501344179249,-0.15012671550746481,2,BEUTI_39N,0,1
-0.15934592971426706,-0.22658005658606944,-0.0921118028424647,2,CUTI_33N,0,1
-0.11707472185085599,-0.07344351855710965,-0.16070592514460239,2,CUTI_39N,0,1
-0.1681529946570867,-0.08814046866128467,-0.24816552065288866,2,OC_LUSI_33N,0,1
0.13122600204742949,0.1852880225901798,0.07716398150467915,2,OC_STI_33N,0,1
0.09860869550723003,0.21408991295029078,-0.016872521935830692,2,RREAS_Myctophids,0,0
0.07858909855890367,0.29142306344397334,-0.13424486632616606,2,RREAS_YOYsardine,0,0
0.04138737300739134,0.06852649834713359,0.014248247667649039,2,age1SprSardmeanWAA,0,1
0.023927268947994823,0.25591706752791854,-0.2080625296319288,2,meanSSBwt,0,0
-0.20354681889121704,-0.1142528854679425,-0.2928407523144915,2,ZM_NorCal,0,1
-0.05426513068759292,0.13808951794785168,-0.24661977932303744,2,ZM_SoCal,0,0
0.2134940640932979,0.16126694394094984,0.26572118424564606,2,sardRec,0,1
-0.1842950926951304,-0.2503559856798789,-0.11823419971038193,2,anchBioSmrySeas1,0,1
0.07705609909960201,0.3269785705702392,-0.17286637237103514,2,summerSST,0,0
0.21147897086382017,0.09410358541677921,0.3288543563108612,2,avgOffTransspring,0,1
-0.00991717649602912,0.034875836450240505,-0.05471018944229876,2,avgOffTranssummer,0,0
-0.22954901553188778,-0.3939884615365442,-0.06510956952723135,2,sprRelOffTrans,0,1
-0.1405180133173031,-0.04525652375641129,-0.23577950287819488,2,sumRelOffTrans,0,1
-0.06348090264946263,0.19493042420098072,-0.32189222949990587,2,meanK,0,0
-0.16482935836970852,-0.1751687527939309,-0.15448996394548614,2,OC_LUSI_39N,0,1
-0.03885033350060951,0.0553215453653301,-0.1330222123665492,2,sardSpawnHab,0,0
0.14654568204935864,0.19360030808293327,0.09949105601578406,2,sardNurseHab,0,1
0.1741862001389802,0.33763743741376084,0.010734962864199636,2,springSST,0,1
-0.1120614118603049,-0.19418932018677484,-0.029933503533834893,2,randTest,0,1
0.2923591026013434,0.4148835626760148,0.169834642526672,3,NCOPspring,0,1
0.3158581373610184,0.5559528669883805,0.07576340773365622,3,NCOPsummerlag1,0,1
-0.03411842767012859,0.4545988400874521,-0.5228356954277092,3,BEUTI_33N,0,0
0.11016944159779699,0.5426098439419982,-0.32227096074640416,3,BEUTI_39N,0,0
0.035768852413680614,0.40159848037628776,-0.3300607755489265,3,CUTI_33N,0,0
0.11173949358559192,0.5141700934066008,-0.29069110623541705,3,CUTI_39N,0,0
-0.3514338697170897,0.6106815503811875,-1.313549289815367,3,OC_LUSI_33N,0,0
0.24704340145339132,0.9787116924308619,-0.4846248895240793,3,OC_STI_33N,0,0
-0.26550486289541547,0.16815427874712094,-0.6991640045379519,3,RREAS_Myctophids,0,0
0.2618038368779755,1.1153453884845663,-0.5917377147286152,3,RREAS_YOYsardine,0,0
0.43652584349884654,1.278258324530308,-0.40520663753261493,3,age1SprSardmeanWAA,0,0
0.5437973951581965,1.702722599524534,-0.615127809208141,3,meanSSBwt,0,0
0.013655652543067026,0.7134373108217216,-0.6861260057355875,3,ZM_NorCal,0,0
0.02864261423375128,0.5867608499234722,-0.5294756214559696,3,ZM_SoCal,0,0
-0.13073173373452843,0.23274714724970758,-0.49421061471876443,3,sardRec,0,0
-0.018291943613371678,0.393719743384612,-0.4303036306113554,3,anchBioSmrySeas1,0,0
0.15665849996550518,0.9540849081941043,-0.6407679082630938,3,summerSST,0,0
0.15570167364726273,0.7529516313309003,-0.4415482840363748,3,avgOffTransspring,0,0
0.34369448240953415,0.9029122170409424,-0.21552325222187402,3,avgOffTranssummer,0,0
-0.094560233566478,0.4152319071601161,-0.6043523742930721,3,sprRelOffTrans,0,0
-0.340193473984177,0.5684039108951707,-1.2487908588635248,3,sumRelOffTrans,0,0
0.21231927166833547,0.9219940028520806,-0.4973554595154097,3,meanK,0,0
-0.02782159918152627,0.4765608740038239,-0.5322040723668764,3,OC_LUSI_39N,0,0
-0.5342782338432904,0.4324644872857143,-1.501020954972295,3,sardSpawnHab,0,0
-0.08670814049601855,0.4423532932361651,-0.6157695742282021,3,sardNurseHab,0,0
0.02785536968989938,0.8035847889224316,-0.7478740495426328,3,springSST,0,0
-0.3226235974656762,0.3019338840994198,-0.9471810790307722,3,randTest,0,0
0.634061970900996,0.9040078619044783,0.3641160798975136,1,NCOPspring,0,1
0.46294656891394825,0.594905264813768,0.33098787301412846,1,NCOPsummerlag1,0,1
-5.093552066659012,-22.930985021611974,12.743880888293955,1,BEUTI_33N,0,0
-2.42799255121622,-12.71097105269069,7.854985950258252,1,BEUTI_39N,0,0
-14.523630580510034,-63.933161503165266,34.885900342145185,1,CUTI_33N,0,0
-6.442918230393753,-29.80248093158558,16.916644470798083,1,CUTI_39N,0,0
0.39977873152720844,0.2142227036570386,0.5853347593973782,1,OC_LUSI_33N,0,1
2.789321964512112,-7.3888379796115125,12.967481908635733,1,OC_STI_33N,0,0
-2.424659252772352,-9.456357134625993,4.607038629081289,1,RREAS_Myctophids,0,0
-2.2480193457966964,-8.460472834787772,3.9644341431943806,1,RREAS_YOYsardine,0,0
-6.701697559290663,-29.203896538970778,15.800501420389455,1,age1SprSardmeanWAA,0,0
-4.201577306641157,-17.470634603346696,9.067479990064383,1,meanSSBwt,0,0
0.1391551376776965,-2.065887541718254,2.344197817073646,1,ZM_NorCal,0,0
0.5198325348923494,0.2903959465860846,0.7492691231986143,1,ZM_SoCal,0,1
-0.35421755257495235,-0.6337751973329816,-0.07465990781692303,1,sardRec,0,1
-1.6098677707778668,-7.5495551278583815,4.32981958630265,1,anchBioSmrySeas1,0,0
-6.425665268159167,-25.973215450441423,13.121884914123093,1,summerSST,0,0
-1.58609201051579,-5.754526930306934,2.5823429092753534,1,avgOffTransspring,0,0
0.2974766227177698,0.12877561841515378,0.46617762702038584,1,avgOffTranssummer,0,1
-1.6291687788912421,-8.072650207281917,4.814312649499432,1,sprRelOffTrans,0,0
-1.211307371958027,-6.064950825853907,3.642336081937854,1,sumRelOffTrans,0,0
-5.548385787789198,-23.381155158071994,12.284383582493597,1,meanK,0,0
-3.436434437179689,-16.419761547344002,9.54689267298463,1,OC_LUSI_39N,0,0
-13.373757126702747,-58.03314553981245,31.285631286406975,1,sardSpawnHab,0,0
-6.495385206340239,-26.020551829490593,13.029781416810113,1,sardNurseHab,0,0
-1.4232784497925282,-3.370376692580164,0.5238197929951078,1,springSST,0,0
-6.992779785038346,-31.19162871724204,17.206069147165348,1,randTest,0,0
0.370224888718612,0.5278446357518491,0.21260514168537473,2,NCOPspring,0,1
0.15145914182774584,0.45669225700632793,-0.15377397335083628,2,NCOPsummerlag1,0,0
-46.18921773944342,26.650362256827542,-119.02879773571439,2,BEUTI_33N,0,0
-26.340622266621644,15.591939058572223,-68.27318359181551,2,BEUTI_39N,0,0
-128.63568894994856,73.79957312029819,-331.07095102019537,2,CUTI_33N,0,0
-60.60582913805979,35.090284991815516,-156.3019432679351,2,CUTI_39N,0,0
0.8228195094667042,1.9238131143621904,-0.27817409542878224,2,OC_LUSI_33N,0,0
26.358482041079554,68.00196799185505,-15.285003909695956,2,OC_STI_33N,0,0
-18.635477135290493,10.396132368936915,-47.667086639517905,2,RREAS_Myctophids,0,0
-16.37826470034127,9.086775287079757,-41.8433046877623,2,RREAS_YOYsardine,0,0
-58.64857409594323,33.580754854714144,-150.8779030466006,2,age1SprSardmeanWAA,0,0
-34.64761593051571,19.66784131734072,-88.96307317837214,2,meanSSBwt,0,0
-5.304274727494072,3.6711623273912277,-14.279711782379373,2,ZM_NorCal,0,0
-0.49964542443265214,0.8359494500971062,-1.8352402989624106,2,ZM_SoCal,0,0
0.47994151989786726,1.6937832986632364,-0.7339002588675021,2,sardRec,0,0
-15.215936371862183,8.87577211266443,-39.3076448563888,2,anchBioSmrySeas1,0,0
-51.21711611251392,28.877939366794926,-131.31217159182276,2,summerSST,0,0
-11.211846726189759,6.131554840888989,-28.55524829326851,2,avgOffTransspring,0,0
0.7110114404832998,1.7121633585448217,-0.2901404775782225,2,avgOffTranssummer,0,0
-16.456695776232028,9.684673061316104,-42.59806461378016,2,sprRelOffTrans,0,0
-12.512156762767844,7.349067999614693,-32.373381525150386,2,sumRelOffTrans,0,0
-46.45619260369605,26.45297448557631,-119.36535969296841,2,meanK,0,0
-33.5429545945283,19.54609394149589,-86.63200313055248,2,OC_LUSI_39N,0,0
-116.45301756100439,66.61336291714795,-299.5193980391567,2,sardSpawnHab,0,0
-51.29511823305235,28.847456166219118,-131.43769263232383,2,sardNurseHab,0,0
-5.577510122963349,2.572877923573339,-13.727898169500039,2,springSST,0,0
-62.95409555521296,36.2060652370374,-162.1142563474633,2,randTest,0,0
-0.0888877089402559,-0.1267308108614121,-0.05104460701909967,3,NCOPspring,0,1
0.02795273360749525,-0.16881179523316497,0.22471726244815549,3,NCOPsummerlag1,0,0
0.26551872609805116,9.709911871029217,-9.178874418833118,3,BEUTI_33N,0,0
0.166950560473353,5.66424397480488,-5.330342853858177,3,BEUTI_39N,0,0
1.2592050181144003,28.413028143244468,-25.894618107015702,3,CUTI_33N,0,0
0.6428795110562717,13.594166584145848,-12.308407562033295,3,CUTI_39N,0,0
-0.041178753825510006,0.12486909323043571,-0.20722660088145578,3,OC_LUSI_33N,0,0
-0.23252360213914613,5.319703303665463,-5.7847505079437544,3,OC_STI_33N,0,0
0.30574520726958365,4.397871242971546,-3.786380828432385,3,RREAS_Myctophids,0,0
0.09644717342412168,3.3709369747997417,-3.178042627951495,3,RREAS_YOYsardine,0,0
0.5843163793976913,12.968267350264929,-11.799634591469527,3,age1SprSardmeanWAA,0,0
0.24151411635726028,7.334222337883903,-6.851194105169377,3,meanSSBwt,0,0
0.05520866171382899,1.308717080479144,-1.1982997570514868,3,ZM_NorCal,0,0
0.1184334739506206,0.5063767696201303,-0.26950982171888904,3,ZM_SoCal,0,0
0.14193037867344488,0.049141768346407155,0.23471898900048258,3,sardRec,0,1
-0.04733636781983197,2.8390320040314414,-2.9337047396711036,3,anchBioSmrySeas1,0,0
0.4088679482891422,10.94442661660931,-10.126690720031021,3,summerSST,0,0
0.26678496097467175,2.851844678688026,-2.318274756738681,3,avgOffTransspring,0,0
-0.023499408648235798,0.10689771674214021,-0.15389653403861184,3,avgOffTranssummer,0,0
-0.030942211574889633,3.1454812404915558,-3.207365663641337,3,sprRelOffTrans,0,0
0.11924964593452803,2.7898486055591674,-2.551349313690112,3,sumRelOffTrans,0,0
0.27213230044562664,9.707252004299889,-9.162987403408636,3,meanK,0,0
0.2872419081661963,7.357431790619227,-6.782947974286827,3,OC_LUSI_39N,0,0
1.1793535092735823,25.79043184002703,-23.43172482147986,3,sardSpawnHab,0,0
0.5050358973694102,11.214765061434308,-10.204693266695486,3,sardNurseHab,0,0
0.020230395132609047,0.9943611615480961,-0.9539003712828782,3,springSST,0,0
0.6442296529603269,14.003156024947238,-12.714696719026577,3,randTest,0,0
0.576577504107426,0.8207800948749211,0.3323749133399309,1,NCOPspring,0,1
0.4918894378302578,0.7042939387362905,0.2794849369242251,1,NCOPsummerlag1,0,1
0.12470543704457451,0.029848080125365606,0.21956279396378348,1,BEUTI_33N,0,1
0.49476012348076503,0.5124181667702647,0.4771020801912653,1,BEUTI_39N,0,1
0.29501826160755107,0.2496262325006572,0.34041029071444495,1,CUTI_33N,0,1
0.5176002316668287,0.5619982626664988,0.4732022006671587,1,CUTI_39N,0,1
0.2932754825790823,0.0859297611793006,0.5006212039788639,1,OC_LUSI_33N,0,1
-0.24756730066760196,-0.3893676849465535,-0.10576691638865045,1,OC_STI_33N,0,1
-0.14778889040105347,-0.12434774052778576,-0.17123004027432123,1,RREAS_Myctophids,0,1
-0.38888592200691297,-0.48373294103958403,-0.29403890297424196,1,RREAS_YOYsardine,0,1
0.08815462671533392,0.08871138459219308,0.08759786883847483,1,age1SprSardmeanWAA,0,1
-0.1333009372544888,-0.21749243926423145,-0.04910943524474608,1,meanSSBwt,0,1
0.6961263623068161,0.6543395847066821,0.7379131399069502,1,ZM_NorCal,0,1
0.5793793076829867,0.6156852920345158,0.5430733233314577,1,ZM_SoCal,0,1
-0.2978498533678847,-0.30285855511504345,-0.29284115162072577,1,sardRec,0,1
0.012810484307917355,-0.01999096466430511,0.045611933280139794,1,anchBioSmrySeas1,0,0
-0.5422951869381201,-0.5954975410081247,-0.48909283286811533,1,summerSST,0,1
-0.18059823305535444,-0.2772942929728598,-0.08390217313784903,1,avgOffTransspring,0,1
0.16547153212125326,0.12076976219823915,0.21017330204426735,1,avgOffTranssummer,0,1
0.140828311298689,0.0603132846401922,0.2213433379571858,1,sprRelOffTrans,0,1
0.2625482521599777,0.06758701465268696,0.45750948966726845,1,sumRelOffTrans,0,1
-0.27116748275934643,-0.22959905281297188,-0.312735912705721,1,meanK,0,1
0.3835688868469478,0.3141531206668426,0.45298465302705315,1,OC_LUSI_39N,0,1
-0.07001692702846815,-0.22836987060463146,0.08833601654769518,1,sardSpawnHab,0,0
-0.5920158685080105,-0.5101938634860665,-0.6738378735299544,1,sardNurseHab,0,1
-0.7252760070453091,-0.7548475989342607,-0.6957044151563576,1,springSST,0,1
-0.17526476289741766,-0.23136853651297953,-0.11916098928185576,1,randTest,0,1
0.22529624438900112,0.32071780728044896,0.12987468149755324,2,NCOPspring,0,1
0.09956122805647583,0.3443569335743359,-0.14523447746138424,2,NCOPsummerlag1,0,0
0.24894891818093065,0.6592778303489859,-0.1613799939871246,2,BEUTI_33N,0,0
0.2235827191994565,0.6026950120996001,-0.15552957370068693,2,BEUTI_39N,0,0
0.18293525454416787,0.6284963434764017,-0.26262583438806597,2,CUTI_33N,0,0
0.13631956169283665,0.5940373454090109,-0.32139822202333745,2,CUTI_39N,0,0
0.18650927607816947,1.3156280060838428,-0.9426094539275041,2,OC_LUSI_33N,0,0
-0.1481685515904111,0.720001895360999,-1.0163389985418212,2,OC_STI_33N,0,0
-0.08935465335685797,0.4507835222109467,-0.6294928289246626,2,RREAS_Myctophids,0,0
-0.09320956259661609,0.913797758065586,-1.1002168832588184,2,RREAS_YOYsardine,0,0
-0.037829120091528265,0.713528226867185,-0.7891864670502414,2,age1SprSardmeanWAA,0,0
-0.03658951955689299,1.216429722617766,-1.289608761731552,2,meanSSBwt,0,0
0.22530466028764734,1.0081226050763323,-0.5575132845010375,2,ZM_NorCal,0,0
0.0732506806153666,0.729690850386998,-0.5831894891562648,2,ZM_SoCal,0,0
-0.22246163083144369,0.09204894438369293,-0.5369722060465802,2,sardRec,0,0
0.1673861285174963,0.5362435272027547,-0.20147127016776212,2,anchBioSmrySeas1,0,0
-0.09842676099213565,0.8652685520844902,-1.0621220740687616,2,summerSST,0,0
-0.19478415042512492,0.2966433898343366,-0.6862116906845863,2,avgOffTransspring,0,0
0.01343324255267625,0.6319471826596487,-0.6050806975542963,2,avgOffTranssummer,0,0
0.21146852445995273,0.6015376192865354,-0.17860057036662985,2,sprRelOffTrans,0,0
0.1607861218050653,1.2808207986668114,-0.9592485550566812,2,sumRelOffTrans,0,0
0.03789046399521541,0.9075061643661234,-0.8317252363756926,2,meanK,0,0
0.1831021218658831,0.7820278140882664,-0.4158235703565002,2,OC_LUSI_39N,0,0
0.06574588797026573,1.2384107121257353,-1.1069189361852039,2,sardSpawnHab,0,0
-0.15381096714042,0.33951548523892117,-0.6471374195197611,2,sardNurseHab,0,0
-0.19066637939391307,0.6629968135506987,-1.0443295723385249,2,springSST,0,0
-0.17123934590560644,0.21607417255964767,-0.5585528643708605,2,randTest,0,0
0.2416257070298623,0.3439634209232687,0.1392879931364559,3,NCOPspring,0,1
0.2470697323408103,0.2645914317942662,0.22954803288735445,3,NCOPsummerlag1,0,1
-0.06550599533801771,0.37491463847341816,-0.5059266291494535,3,BEUTI_33N,0,0
0.08718986706626343,0.32789753582255976,-0.15351780169003293,3,BEUTI_39N,0,0
-0.050863104593276934,0.2079324241844138,-0.3096586333709676,3,CUTI_33N,0,0
0.05247271601210854,0.1531099854634314,-0.04816455343921433,3,CUTI_39N,0,0
-0.39720825973900614,-0.11571584147276864,-0.6787006780052438,3,OC_LUSI_33N,0,1
0.28986221383497307,0.5137735229453106,0.0659509047246355,3,OC_STI_33N,0,1
-0.2750982348475015,-0.24021674979134913,-0.3099797199036538,3,RREAS_Myctophids,0,1
0.29221310190252314,0.3543952723923515,0.23003093141269476,3,RREAS_YOYsardine,0,1
0.3325671254262278,0.584227637317345,0.0809066135351105,3,age1SprSardmeanWAA,0,1
0.4964664262417507,0.636497937885789,0.3564349145977122,3,meanSSBwt,0,1
-0.042081839330088106,0.1121401371957419,-0.1963038158559181,3,ZM_NorCal,0,0
-0.011098111606993977,-0.015976749843207898,-0.006219473370780049,3,ZM_SoCal,0,1
-0.09229997341335923,0.1763306503348199,-0.3609305971615384,3,sardRec,0,0
0.016347578951615822,0.2553599617682423,-0.22266480386501064,3,anchBioSmrySeas1,0,0
0.2016023727802691,0.2015011476248088,0.20170359793572948,3,summerSST,0,1
0.12435414918266668,0.4600215593633295,-0.21131326099799605,3,avgOffTransspring,0,0
0.3317559974106828,0.4846926098890665,0.17881938493229907,3,avgOffTranssummer,0,1
-0.07260770468290559,0.301868247732087,-0.4470836570978981,3,sprRelOffTrans,0,0
-0.40539108898051485,-0.15589157378946894,-0.6548906041715606,3,sumRelOffTrans,0,1
0.23825625831884384,0.21213766548943463,0.26437485114825304,3,meanK,0,1
-0.09500875671397656,0.12030719961839237,-0.3103247130463455,3,OC_LUSI_39N,0,0
-0.5562549263134727,-0.27733407806200205,-0.8351757745649433,3,sardSpawnHab,0,1
-0.08506290210279946,0.050095201155866464,-0.22022100536146533,3,sardNurseHab,0,0
0.0632228393915818,0.14637170662844645,-0.01992602784528273,3,springSST,0,0
0.07133679847744179,0.3616099028994754,-0.21893630594459182,3,randTest,0,0
0.5413408774664212,0.7717269070212279,0.3109548479116145,1,NCOPspring,0,1
0.45227971571832043,0.690652691698499,0.21390673973814198,1,NCOPsummerlag1,0,1
0.1357641294354734,0.09856197588847296,0.1729662829824738,1,BEUTI_33N,0,1
0.48230899520357445,0.5309366247359292,0.43368136567121973,1,BEUTI_39N,0,1
0.28364560589722077,0.30940477400817323,0.2578864377862682,1,CUTI_33N,0,1
0.48745642001856915,0.588863044153682,0.38604979588345645,1,CUTI_39N,0,1
0.3423424679459097,0.2711394397506224,0.4135454961411971,1,OC_LUSI_33N,0,1
-0.2699150325230991,-0.30307854812303336,-0.23675151692316487,1,OC_STI_33N,0,1
-0.11704075811093052,-0.02490947161924879,-0.2091720446026122,1,RREAS_Myctophids,0,1
-0.4149969005798138,-0.38499916059759554,-0.44499464056203203,1,RREAS_YOYsardine,0,1
0.06476219110662673,0.11880697245118521,0.010717409762068197,1,age1SprSardmeanWAA,0,1
-0.1814740474067903,-0.1485109342754105,-0.21443716053817014,1,meanSSBwt,0,1
0.6876265026070805,0.7372344941170859,0.638018511097075,1,ZM_NorCal,0,1
0.5743145824767716,0.6887242447871967,0.45990492016634654,1,ZM_SoCal,0,1
-0.27729264663783465,-0.2346485050438039,-0.31993678823186544,1,sardRec,0,1
0.02791133632090595,0.02976627858415154,0.02605639405766033,1,anchBioSmrySeas1,0,1
-0.5589250432883832,-0.49391796020989626,-0.6239321263668702,1,summerSST,0,1
-0.22584673943585515,-0.2900320480684715,-0.1616614308032388,1,avgOffTransspring,0,1
0.11715434315192524,0.14364448730542334,0.09066419899842715,1,avgOffTranssummer,0,1
0.17228841632021408,0.1189716658427987,0.22560516679762943,1,sprRelOffTrans,0,1
0.2991516046595246,0.2501487162818622,0.34815449303718704,1,sumRelOffTrans,0,1
-0.27931033080566114,-0.13459905570524588,-0.4240216059060764,1,meanK,0,1
0.4018251418658604,0.39507850974528824,0.4085717739864325,1,OC_LUSI_39N,0,1
-0.022892721391294002,-0.03307750275668245,-0.012707940025905473,1,sardSpawnHab,0,1
-0.58214272459956,-0.4770093883289842,-0.6872760608701358,1,sardNurseHab,0,1
-0.7288041439351888,-0.6644017339582462,-0.7932065539121316,1,springSST,0,1
0.17113301405883252,0.1852403094474595,0.15702571867020557,1,randTest,0,1
-0.2446046295074752,-0.3487044522784745,-0.14050480673647583,2,NCOPspring,0,1
-0.10705469672665285,-0.05199781700681283,-0.1621115764464929,2,NCOPsummerlag1,0,1
-0.2595289641689572,-0.3826099105750154,-0.136448017762899,2,BEUTI_33N,0,1
-0.24368841743744124,-0.3111830226791408,-0.1761938121957417,2,BEUTI_39N,0,1
-0.1772010985644967,-0.24408220430370292,-0.11031999282529045,2,CUTI_33N,0,1
-0.13665236296401934,-0.11704265760780586,-0.15626206832023276,2,CUTI_39N,0,1
-0.20322689891445272,-0.13910332255102906,-0.2673504752778764,2,OC_LUSI_33N,0,1
0.1539277887902007,0.1940863059253699,0.11376927165503141,2,OC_STI_33N,0,1
0.09922456028332854,0.20097248390286418,-0.002523363336207063,2,RREAS_Myctophids,0,0
0.10497169426368513,0.28857162454633106,-0.07862823601896077,2,RREAS_YOYsardine,0,0
0.05078139037629738,0.06878359866644895,0.0327791820861458,2,age1SprSardmeanWAA,0,1
0.06584248472388965,0.2769686768604718,-0.14528370741269256,2,meanSSBwt,0,0
-0.24172077827897231,-0.17843097881057007,-0.30501057774737467,2,ZM_NorCal,0,1
-0.08889414900348051,0.07226219781988026,-0.25005049582684125,2,ZM_SoCal,0,0
0.2268659471276639,0.18854353612757607,0.2651883581277517,2,sardRec,0,1
-0.186752556776269,-0.2351969477064141,-0.13830816584612388,2,anchBioSmrySeas1,0,1
0.11368827196475853,0.3304103815652389,-0.10303383763572188,2,summerSST,0,0
0.23068066269879134,0.11806489309907675,0.3432964322985058,2,avgOffTransspring,0,1
-0.010067598607839706,0.023302146395908607,-0.043437343611588075,2,avgOffTranssummer,0,0
-0.24043579311517124,-0.38292360806855563,-0.0979479781617868,2,sprRelOffTrans,0,1
-0.16542177579852765,-0.0905566209693362,-0.24028693062771905,2,sumRelOffTrans,0,1
-0.038712342398830035,0.19650572214415707,-0.2739304069418171,2,meanK,0,0
-0.2015700656785515,-0.21073231251407648,-0.19240781884302643,2,OC_LUSI_39N,0,1
-0.05619516022015847,0.02341043459318498,-0.13580075503350192,2,sardSpawnHab,0,0
0.17949790287195005,0.21628043316964696,0.14271537257425318,2,sardNurseHab,0,1
0.21465498242034708,0.3480413254828318,0.08126863935786231,2,springSST,0,1
-0.10033400239265958,-0.105386787918488,-0.09528121686683114,2,randTest,0,1
0.2737017240967928,0.3901848055002965,0.15721864269328908,3,NCOPspring,0,1
0.29425469497239964,0.5244747628955024,0.064034627049296855,3,NCOPsummerlag1,0,1
-0.01967860785208504,0.4604948479623363,-0.49985206366650636,3,BEUTI_33N,0,0
0.1317210322284369,0.530634031158492,-0.26719196670161816,3,BEUTI_39N,0,0
0.03251657931296321,0.3916135180853926,-0.3265803594594662,3,CUTI_33N,0,0
0.13639879706271504,0.49236665179147043,-0.21956905766604037,3,CUTI_39N,0,0
-0.33103876288299006,0.5748214565069489,-1.236898982272929,3,OC_LUSI_33N,0,0
0.2270774803160097,0.902472971409242,-0.44831801077722266,3,OC_STI_33N,0,0
-0.25402876306418287,0.15654740024617259,-0.6646049263745382,3,RREAS_Myctophids,0,0
0.22227551456392441,0.9768806006295466,-0.5323295715016978,3,RREAS_YOYsardine,0,0
0.4188791237103755,1.2215489553484362,-0.3837907079276853,3,age1SprSardmeanWAA,0,0
0.5668936412059682,1.740189910001511,-0.6064026275895749,3,meanSSBwt,0,0
0.04254062405581438,0.6672851097055186,-0.5822038615938898,3,ZM_NorCal,0,0
0.04260747273284851,0.5602801845809802,-0.4750652391152832,3,ZM_SoCal,0,0
-0.13515673757268715,0.22499641839613477,-0.495309893541509,3,sardRec,0,0
-0.006897644916246427,0.39772238464385334,-0.41151767447634613,3,anchBioSmrySeas1,0,0
0.12693675354248074,0.8466364659494887,-0.5927629588645271,3,summerSST,0,0
0.12650421979607687,0.6792486886809873,-0.4262402490888335,3,avgOffTransspring,0,0
0.30901398127193946,0.8081243784131841,-0.1900964158693052,3,avgOffTranssummer,0,0
-0.06563899951357921,0.4098768849855291,-0.5411548840126875,3,sprRelOffTrans,0,0
-0.30424186462466934,0.5142216025367095,-1.1227053317860483,3,sumRelOffTrans,0,0
0.2205505671209875,0.9092369509419318,-0.46813581669995674,3,meanK,0,0
-0.056630497290957094,0.4828086020673639,-0.5960695966492782,3,OC_LUSI_39N,0,0
-0.5057692075288346,0.4020348746363214,-1.4135732896939905,3,sardSpawnHab,0,0
-0.08334331705450651,0.42861868363075295,-0.595305317739766,3,sardNurseHab,0,0
-0.0076060851097009,0.6831199995611719,-0.6983321697805738,3,springSST,0,0
-0.1004692933781965,0.30655643777593095,-0.507495024532324,3,randTest,0,0
0.5397911287726394,0.7680149383147539,0.3115673192305249,1,NCOPspring,0,1
0.4528483484652016,0.6906900084848344,0.21500668844556883,1,NCOPsummerlag1,0,1
0.1253055443473366,0.05379261485088188,0.19681847384379142,1,BEUTI_33N,0,1
0.4771012165795847,0.5155098792880414,0.43869255387112804,1,BEUTI_39N,0,1
0.2993572318756113,0.29036433502019215,0.3083501287310304,1,CUTI_33N,0,1
0.502777199116605,0.5946210333710541,0.4109333648621558,1,CUTI_39N,0,1
0.34427528876611146,0.25626431226645985,0.4322862652657631,1,OC_LUSI_33N,0,1
-0.27963946545606444,-0.3276343951734045,-0.23164453573872446,1,OC_STI_33N,0,1
-0.10383658417935941,-0.01659828713731181,-0.191074881221407,1,RREAS_Myctophids,0,1
-0.4299338114371831,-0.4063427551180283,-0.45352486775633805,1,RREAS_YOYsardine,0,1
0.05272141624632576,0.10831435325855593,-0.0028715207659044395,1,age1SprSardmeanWAA,0,0
-0.19744066556065162,-0.15323182290241055,-0.2416495082188926,1,meanSSBwt,0,1
0.6932684100690648,0.7362962093645102,0.6502406107736194,1,ZM_NorCal,0,1
0.5827749438993605,0.7023902248798846,0.46315966291883637,1,ZM_SoCal,0,1
-0.26575051945883826,-0.23065504889613464,-0.3008459900215419,1,sardRec,0,1
0.027383095826509135,0.009414647142148624,0.04535154451086963,1,anchBioSmrySeas1,0,1
-0.5605074301571563,-0.4893111232837323,-0.6317037370305804,1,summerSST,0,1
-0.2211837048044171,-0.30471770654354396,-0.13764970306529029,1,avgOffTransspring,0,1
0.12210206576730706,0.13732493940170104,0.10687919213291307,1,avgOffTranssummer,0,1
0.16570131659361553,0.08835168451125458,0.24305094867597649,1,sprRelOffTrans,0,1
0.31106469579550067,0.23808898090250258,0.3840404106884987,1,sumRelOffTrans,0,1
-0.3000806644629568,-0.14802891092302656,-0.45213241800288695,1,meanK,0,1
0.39469270094093584,0.38085169231589555,0.408533709565976,1,OC_LUSI_39N,0,1
0.001310999124099571,-0.04327374204387574,0.04589574029207488,1,sardSpawnHab,0,0
-0.5756232857928937,-0.4564893647686772,-0.69475720681711,1,sardNurseHab,0,1
-0.7280684279181873,-0.6590488088012839,-0.7970880470350906,1,springSST,0,1
0.17327306816275487,0.2310933484684555,0.1154527878570542,1,randTest,0,1
-0.2518161949927822,-0.3582841383551106,-0.14534825163045378,2,NCOPspring,0,1
-0.11609150611330613,-0.06271632765529872,-0.16946668457131359,2,NCOPsummerlag1,0,1
-0.25897233311339907,-0.3865329537637938,-0.1314117124630042,2,BEUTI_33N,0,1
-0.2485141975919826,-0.30251119212137983,-0.19451720306258544,2,BEUTI_39N,0,1
-0.19598190696610554,-0.24184440144815822,-0.15011941248405283,2,CUTI_33N,0,1
-0.15541164937662724,-0.09968031968677281,-0.21114297906648175,2,CUTI_39N,0,1
-0.20621259312892254,-0.041971314063438764,-0.3704538721944063,2,OC_LUSI_33N,0,1
0.1604133726191747,0.276487457387602,0.044339287850747394,2,OC_STI_33N,0,1
0.09227539017754673,0.24729271005333378,-0.06274192969824036,2,RREAS_Myctophids,0,0
0.11849760440339083,0.399641005186263,-0.1626457963794814,2,RREAS_YOYsardine,0,0
0.04390674698888079,0.10282554584986586,-0.015012051872104332,2,age1SprSardmeanWAA,0,0
0.05985791256934436,0.3639873099172185,-0.24427148477852983,2,meanSSBwt,0,0
-0.25595813437564624,-0.1336890164858399,-0.3782272522654525,2,ZM_NorCal,0,1
-0.10196936629197864,0.10754863974366566,-0.3114873723276229,2,ZM_SoCal,0,0
0.2265587158502391,0.2065170727578074,0.2466003589426708,2,sardRec,0,1
-0.1833654857717321,-0.22863898416336237,-0.13809198738010184,2,anchBioSmrySeas1,0,1
0.12122747505128798,0.42099139014766496,-0.17853644004508903,2,summerSST,0,0
0.22734430580536702,0.15386063697776875,0.3008279746329653,2,avgOffTransspring,0,1
-0.013261865333561107,0.07036007642711115,-0.0968838070942333,2,avgOffTranssummer,0,0
-0.237519326873793,-0.3643973159222892,-0.1106413378252967,2,sprRelOffTrans,0,1
-0.17784920518088135,0.0012946071793826924,-0.3569930175411454,2,sumRelOffTrans,0,0
-0.026767343012756656,0.27763297271275333,-0.3311676587382666,2,meanK,0,0
-0.20279343925356252,-0.17006085487876732,-0.23552602362835762,2,OC_LUSI_39N,0,1
-0.07212895729964616,0.12832083067814587,-0.2725787452774382,2,sardSpawnHab,0,0
0.1798848027114405,0.22541188304626544,0.13435772237661556,2,sardNurseHab,0,1
0.2233799514871222,0.42273170355067535,0.02402819942356899,2,springSST,0,1
-0.045080446352153844,0.01842853664342176,-0.10858942934772942,2,randTest,0,0
0.29558804113578074,0.420562730802297,0.17061335146926448,3,NCOPspring,0,1
0.3041565089150714,0.5314053156982659,0.07690770213187682,3,NCOPsummerlag1,0,1
-0.027108636608341015,0.4849998603677603,-0.5392171335844425,3,BEUTI_33N,0,0
0.15183938753141385,0.5609224313751217,-0.2572436563122939,3,BEUTI_39N,0,0
0.0035305805027919246,0.443719118591182,-0.4366579575855981,3,CUTI_33N,0,0
0.12857311936641905,0.5265976535279345,-0.2694514147950964,3,CUTI_39N,0,0
-0.3266698696041373,0.6405314701690074,-1.293871209377282,3,OC_LUSI_33N,0,0
0.22850436497346205,0.964700637766692,-0.5076919078197678,3,OC_STI_33N,0,0
-0.2848427136785975,0.17832694396880014,-0.7480123713259952,3,RREAS_Myctophids,0,0
0.23056572770033595,1.0584588860170299,-0.5973274306163578,3,RREAS_YOYsardine,0,0
0.35061643496784983,1.0898159580136904,-0.3885830880779908,3,age1SprSardmeanWAA,0,0
0.4780408827900352,1.5681257705022262,-0.612044004922156,3,meanSSBwt,0,0
0.06214393048056471,0.7222288294715266,-0.5979409685103971,3,ZM_NorCal,0,0
0.06406956566436148,0.5936379700107299,-0.4654988386820069,3,ZM_SoCal,0,0
-0.15507609045055312,0.21660125485274012,-0.5267534357538464,3,sardRec,0,0
-0.0047483608345791906,0.414222199548695,-0.4237189212178534,3,anchBioSmrySeas1,0,0
0.11057169833288608,0.8511089027184376,-0.6299655060526655,3,summerSST,0,0
0.11469342640484614,0.6945170369309805,-0.4651301841212883,3,avgOffTransspring,0,0
0.33191925003511513,0.8794439188285736,-0.21560541875834335,3,avgOffTranssummer,0,0
-0.05803478509163791,0.4410295938468609,-0.5570991640301367,3,sprRelOffTrans,0,0
-0.33240977305085645,0.6035278432576502,-1.268347389359363,3,sumRelOffTrans,0,0
0.20306695722914256,0.9057232824098465,-0.4995893679515614,3,meanK,0,0
-0.03516876608742604,0.514887689359038,-0.58522522153389,3,OC_LUSI_39N,0,0
-0.5695684718047636,0.5115432441293015,-1.6506801877388289,3,sardSpawnHab,0,0
-0.15375103807493967,0.3114909846210004,-0.6189930607708796,3,sardNurseHab,0,0
-0.040390110454889855,0.6587906183997712,-0.7395708393095508,3,springSST,0,0
-0.04826377914740587,0.2919413887554238,-0.38846894705023555,3,randTest,0,0
0.4740784530275348,0.6943098232791245,0.25384708277594514,1,NCOPspring,0,1
0.3958703092629392,0.6802255832243671,0.1115150353015113,1,NCOPsummerlag1,0,1
0.06828949262321711,0.5061559518949672,-0.3695769666485329,1,BEUTI_33N,0,0
0.5091784408371759,0.932175957843798,0.0861809238305538,1,BEUTI_39N,0,1
0.21822208169831697,0.6635909643382177,-0.22714680094158374,1,CUTI_33N,0,0
0.5269794893126234,0.9460222603730384,0.10793671825220852,1,CUTI_39N,0,1
0.23619715484748188,0.49525872986052166,-0.02286442016555797,1,OC_LUSI_33N,0,0
-0.1849566352544083,0.08071457563024803,-0.4506278461390647,1,OC_STI_33N,0,0
-0.20514817345960656,0.23741947569675442,-0.6477158226159677,1,RREAS_Myctophids,0,0
-0.36602232344779306,-0.04686662097657088,-0.6851780259190151,1,RREAS_YOYsardine,0,1
-0.22857847323415026,0.4344395004236715,-0.8915964468919721,1,age1SprSardmeanWAA,0,0
-0.38735282461525444,0.14593016175378726,-0.920635810984296,1,meanSSBwt,0,0
0.6836429194799007,1.065355235179939,0.3019306037798628,1,ZM_NorCal,0,1
0.5617913849749414,0.9334762016471059,0.19010656830277706,1,ZM_SoCal,0,1
-0.2420552978436628,0.2383440285128955,-0.7224546242002211,1,sardRec,0,0
0.06695994885393347,0.6927025435351818,-0.55878264582731485,1,anchBioSmrySeas1,0,0
-0.5280265048229827,-0.1625154263357154,-0.8935375833102501,1,summerSST,0,1
-0.15373467030574595,0.14803922407901268,-0.45550856469050455,1,avgOffTransspring,0,0
0.222285785672751,0.6242879622310964,-0.1797163908855944,1,avgOffTranssummer,0,0
0.08713431607428553,0.5020269359445912,-0.3277583037960202,1,sprRelOffTrans,0,0
0.15365633131769849,0.6286618016049421,-0.3213491389695451,1,sumRelOffTrans,0,0
-0.32240212259510426,0.09987872942964304,-0.7446829746198516,1,meanK,0,0
0.3316238803063036,0.6359470039439179,0.027300756668689363,1,OC_LUSI_39N,0,1
-0.008143428895653242,0.2596859256706855,-0.27597278346199194,1,sardSpawnHab,0,0
-0.5551782000408603,-0.18527167615099993,-0.9250847239307203,1,sardNurseHab,0,1
-0.7135043021838369,-0.31787698557556227,-1.1091316187921114,1,springSST,0,1
0.032988253632603215,0.4408705585976436,-0.3748940513324372,1,randTest,0,0
-0.16218678765600816,-0.23753005258205984,-0.08684352272995652,2,NCOPspring,0,1
-0.05763839275861371,-0.01977194922923886,-0.09550483628798857,2,NCOPsummerlag1,0,1
-0.038796159404152236,-0.030562105355721333,-0.047030213452583125,2,BEUTI_33N,0,1
-0.30628264514160325,-0.35824596153733523,-0.25431932874587126,2,BEUTI_39N,0,1
0.058449328200615075,0.20718332152762836,-0.09028466512639818,2,CUTI_33N,0,0
-0.24421462268339822,-0.1937590336823404,-0.294670211684456,2,CUTI_39N,0,1
-0.04195684531854691,-0.07585913099926275,-0.008054559637831096,2,OC_LUSI_33N,0,1
0.008437811760518395,-0.010105915530246284,0.026981539051283115,2,OC_STI_33N,0,0
0.2728469602400391,0.2566929760385184,0.2890009444415599,2,RREAS_Myctophids,0,1
0.08809288707391487,0.03770967871597247,0.13847609543185724,2,RREAS_YOYsardine,0,1
0.3497746256822283,0.3857372044164068,0.31381204694804965,2,age1SprSardmeanWAA,0,1
0.21956888368061572,0.29481916903924554,0.14431859832198593,2,meanSSBwt,0,1
-0.22829219161557338,-0.2788868732887009,-0.1776975099424459,2,ZM_NorCal,0,1
-0.03954693361392443,-0.18956544679275578,0.1104715795649069,2,ZM_SoCal,0,0
-0.021914830478981476,0.14330389594242682,-0.18713355690038985,2,sardRec,0,0
-0.3948541987980378,-0.44598504209892265,-0.34372335549715294,2,anchBioSmrySeas1,0,1
0.11189852708306325,0.044658954211076435,0.17913809995505006,2,summerSST,0,1
0.08135250267126591,0.014995823105780792,0.14770918223675106,2,avgOffTransspring,0,1
-0.21792219791758904,-0.14671048121788535,-0.28913391461729276,2,avgOffTranssummer,0,1
-0.0021703255972658625,0.06623277019861215,-0.07057342139314382,2,sprRelOffTrans,0,0
0.1529787939289201,0.2872025604769159,0.018755027380924327,2,sumRelOffTrans,0,1
-0.00887432491626245,-0.1750279340920963,0.15727928425957138,2,meanK,0,0
-0.054481242883373075,-0.0648710312449336,-0.04409145452181254,2,OC_LUSI_39N,0,1
-0.0027251828980198074,-0.07222921482354637,0.06677884902750675,2,sardSpawnHab,0,0
0.15990886183625003,0.0954807093023404,0.22433701437015957,2,sardNurseHab,0,1
0.19770821077749734,0.14302248578444476,0.2523939357705499,2,springSST,0,1
0.13447188667288623,0.25759759657702896,0.011346176768743499,2,randTest,0,1
-0.24808072455442054,-0.3633256962520775,-0.13283575285676363,3,NCOPspring,0,1
-0.14159956253160885,-0.17651195665100605,-0.10668716841221165,3,NCOPsummerlag1,0,1
-0.258457629092265,0.06955072932569394,-0.5864659875102239,3,BEUTI_33N,0,0
-0.20384011212114783,0.052752896097143565,-0.4604331203394392,3,BEUTI_39N,0,0
-0.25185569579071404,-0.008528281097998304,-0.4951831104834298,3,CUTI_33N,0,1
-0.12429761519899715,0.07748302703320006,-0.3260782574311944,3,CUTI_39N,0,0
-0.14087219426104036,-0.04594777676317917,-0.2357966117589016,3,OC_LUSI_33N,0,1
0.12162672564106433,0.2287177608552628,0.014535690426865866,3,OC_STI_33N,0,1
0.05807559864148219,0.3906276079808681,-0.27447641069790374,3,RREAS_Myctophids,0,0
0.06103046767342852,0.2162435414944772,-0.09418260614762014,3,RREAS_YOYsardine,0,0
0.013814834147690525,0.4492743579804892,-0.42164468968510815,3,age1SprSardmeanWAA,0,0
0.024621639567486198,0.2526111283093246,-0.20336784917435216,3,meanSSBwt,0,0
-0.2569329913691492,-0.11112614351193739,-0.402739839226361,3,ZM_NorCal,0,1
-0.14282734047809797,0.09851325093127528,-0.38416793188747134,3,ZM_SoCal,0,0
0.3160824491830121,0.603336637281728,0.028828261084295995,3,sardRec,0,1
-0.016725272932314045,0.5826143692682494,-0.6160649151328774,3,anchBioSmrySeas1,0,0
0.09897898909819099,0.3067979827241617,-0.1088400045277797,3,summerSST,0,0
0.18786101529713134,0.3743613477402401,0.0013606828540226046,3,avgOffTransspring,0,1
-0.0116302375615292,0.23891286176086268,-0.2621733368839211,3,avgOffTranssummer,0,0
-0.24031704660271747,0.03888172608761923,-0.5195158192930542,3,sprRelOffTrans,0,0
-0.18686185225095367,0.1311809742742516,-0.504904678776159,3,sumRelOffTrans,0,0
-0.016904560983667674,0.23518634000115124,-0.26899546196848667,3,meanK,0,0
-0.20589206320955789,-0.08015327981471278,-0.33163084660440306,3,OC_LUSI_39N,0,1
-0.027728206053806333,0.04654638007365176,-0.1020027921812644,3,sardSpawnHab,0,0
0.17891683065327507,0.30628352311177576,0.051550138194774414,3,sardNurseHab,0,1
0.2196076918383252,0.3901943918758074,0.04902099180084296,3,springSST,0,1
-0.13255951825681483,0.11214439585131347,-0.3772634323649431,3,randTest,0,0
0.5889358213885274,0.8375963474589676,0.34027529531808726,1,NCOPspring,0,1
0.4988319613940832,0.7605137840433117,0.23715013874485466,1,NCOPsummerlag1,0,1
0.14787609557203704,0.1467621420765639,0.14899004906751015,1,BEUTI_33N,0,1
0.5154164921506059,0.6084081299302487,0.4224248543709632,1,BEUTI_39N,0,1
0.2975105891658649,0.34936919470429206,0.2456519836274379,1,CUTI_33N,0,1
0.5266734945366425,0.6658058596808418,0.38754112939244323,1,CUTI_39N,0,1
0.2943596467723526,0.3273102732963613,0.2614090202483438,1,OC_LUSI_33N,0,1
-0.24914828601135258,-0.20538714793790938,-0.2929094240847957,1,OC_STI_33N,0,1
-0.14360539212765894,-0.005995186292333995,-0.2812155979629838,1,RREAS_Myctophids,0,1
-0.3953069225216076,-0.27882158819571523,-0.5117922568475,1,RREAS_YOYsardine,0,1
0.06597432934473776,0.21177244348266044,-0.07982378479318494,1,age1SprSardmeanWAA,0,0
-0.12771269255070827,0.04662595427766614,-0.3020513393790827,1,meanSSBwt,0,0
0.7110343949237519,0.8337470582514909,0.588321731596013,1,ZM_NorCal,0,1
0.5851044725381326,0.7611690614912275,0.40903988358503773,1,ZM_SoCal,0,1
-0.30615908521714075,-0.22747994986878822,-0.3848382205654933,1,sardRec,0,1
0.025218936351641765,0.072771319964552,-0.02233344726126843,1,anchBioSmrySeas1,0,0
-0.5458040133143464,-0.3957954257289804,-0.6958126008997123,1,summerSST,0,1
-0.21417586425739207,-0.21494447743414585,-0.21340725108063827,1,avgOffTransspring,0,1
0.1602802958785729,0.24156661411673766,0.07899397764040808,1,avgOffTranssummer,0,1
0.16769362563004628,0.16525870100740944,0.1701285502526831,1,sprRelOffTrans,0,1
0.27521877458766175,0.317476299244272,0.23296124993105144,1,sumRelOffTrans,0,1
-0.2649156943066668,-0.04091781127180549,-0.48891357734152796,1,meanK,0,1
0.39102937333323146,0.44769810525095693,0.33436064141550614,1,OC_LUSI_39N,0,1
-0.09476676222578359,-0.003992022591368188,-0.18554150186019913,1,sardSpawnHab,0,1
-0.6004023960788644,-0.4237546510114959,-0.7770501411462327,1,sardNurseHab,0,1
-0.7346255108893645,-0.5869666399750837,-0.8822843818036451,1,springSST,0,1
0.2800455793596502,0.36088969353758577,0.19920146518171453,1,randTest,0,1
-0.21481164204515993,-0.30550942943915504,-0.12411385465116478,2,NCOPspring,0,1
-0.08714842398457283,-0.01920690106541656,-0.1550899469037291,2,NCOPsummerlag1,0,1
-0.2514925381131365,-0.4022337186884806,-0.1007513575377923,2,BEUTI_33N,0,1
-0.2164050615006047,-0.26946453743505233,-0.16334558556615716,2,BEUTI_39N,0,1
-0.16770696611036842,-0.21368778127208182,-0.121726150948655,2,CUTI_33N,0,1
-0.11949682951894341,-0.04962210713007929,-0.18937155190780758,2,CUTI_39N,0,1
-0.16907730102493326,-0.006447655943758207,-0.3317069461061084,2,OC_LUSI_33N,0,1
0.13294450872429742,0.2490384378554409,0.016850579593153933,2,OC_STI_33N,0,1
0.08732354711405578,0.25241218176839664,-0.07776508754028519,2,RREAS_Myctophids,0,0
0.08060807163246445,0.3699132399289132,-0.2086970966639842,2,RREAS_YOYsardine,0,0
0.051241838421412514,0.10925843500146426,-0.006774758158639288,2,age1SprSardmeanWAA,0,0
0.02831465988900228,0.3429130632712798,-0.28628374349327523,2,meanSSBwt,0,0
-0.20249026612331844,-0.06669986815713538,-0.3382806640895015,2,ZM_NorCal,0,1
-0.05523231233630599,0.16889349316639196,-0.27935811783900394,2,ZM_SoCal,0,0
0.210890604073736,0.17505543427591996,0.2467257738715521,2,sardRec,0,1
-0.17606282230751008,-0.2069803655599588,-0.14514527905506136,2,anchBioSmrySeas1,0,1
0.07782710468707704,0.39328258565989876,-0.23762837628574474,2,summerSST,0,0
0.20735501293157677,0.12114628444111186,0.29356374142204167,2,avgOffTransspring,0,1
-0.006306877996595198,0.08661178168618577,-0.09922553767937621,2,avgOffTranssummer,0,0
-0.22229889487115337,-0.359998482621421,-0.08459930712088587,2,sprRelOffTrans,0,1
-0.14976419627814805,0.03563266646545807,-0.33516105902175414,2,sumRelOffTrans,0,0
-0.05565050772913484,0.25453833291444844,-0.36583934837271814,2,meanK,0,0
-0.1693049602345621,-0.13582324946295676,-0.20278667100616748,2,OC_LUSI_39N,0,1
-0.05469578092759084,0.14365638250354906,-0.25304794435873096,2,sardSpawnHab,0,0
0.13763831836029702,0.1891763555599156,0.08610028116067846,2,sardNurseHab,0,1
0.16757120662918126,0.3792155689234591,-0.0440731556650966,2,springSST,0,0
-0.11791595652564893,-0.13831742332401997,-0.09751448972727789,2,randTest,0,1
0.21471408236103398,0.3053706780979809,0.12405748662408701,3,NCOPspring,0,1
0.23888234015271986,0.4325596788816061,0.045205001423833546,3,NCOPsummerlag1,0,1
-0.06163443994988173,0.46701010972300466,-0.5902789896227681,3,BEUTI_33N,0,0
0.07224685969825273,0.4864161660868879,-0.3419224466903824,3,BEUTI_39N,0,0
-0.04711206180774176,0.39183634959480707,-0.48606047321029056,3,CUTI_33N,0,0
0.044805841681238884,0.4446521991919394,-0.3550405158294616,3,CUTI_39N,0,0
-0.385470019095384,0.6028798525379582,-1.373819890728726,3,OC_LUSI_33N,0,0
0.27556926780963886,1.0277085946958116,-0.4765700590765338,3,OC_STI_33N,0,0
-0.27105209907892647,0.1901339269251023,-0.7322381250829554,3,RREAS_Myctophids,0,0
0.29942138686328623,1.1407607611686128,-0.5419179874420403,3,RREAS_YOYsardine,0,0
0.32877513337795083,1.0553474524972146,-0.39779718574131306,3,age1SprSardmeanWAA,0,0
0.5003852081237674,1.5761182406530876,-0.5753478244055527,3,meanSSBwt,0,0
-0.050266427534539915,0.6239180990862782,-0.724450954155358,3,ZM_NorCal,0,0
-0.02340132597197178,0.496327054619451,-0.5431297065633944,3,ZM_SoCal,0,0
-0.10363527486025595,0.26390781610233516,-0.4711783658228471,3,sardRec,0,0
-5.961159632961593e-4,0.4148890678158108,-0.41608129974240315,3,anchBioSmrySeas1,0,0
0.20310524194218046,0.9619570877468587,-0.5557466038624979,3,summerSST,0,0
0.14403065808021862,0.7238868685357573,-0.4358255523753202,3,avgOffTransspring,0,0
0.3273709628050459,0.901773894599375,-0.24703196898928304,3,avgOffTranssummer,0,0
-0.08430808276191783,0.41882418379051767,-0.5874403493143533,3,sprRelOffTrans,0,0
-0.39545763285206803,0.5886423423429029,-1.3795576080470389,3,sumRelOffTrans,0,0
0.23103833455240444,0.9003275526552594,-0.4382508835504505,3,meanK,0,0
-0.09895077685066274,0.4570904696060992,-0.6549920233074247,3,OC_LUSI_39N,0,0
-0.5750921957692432,0.5130263851064257,-1.6632107766449122,3,sardSpawnHab,0,0
-0.07247891494243472,0.3724344647547669,-0.5173922946396363,3,sardNurseHab,0,0
0.07499263274404586,0.7818430011001282,-0.6318577356120366,3,springSST,0,0
0.009533707063734388,0.32807710224252007,-0.3090096881150513,3,randTest,0,0
-0.5449125098139195,-0.31440696512771305,-0.7754180545001259,1,NCOPspring,0,1
-0.45379702696028085,-0.22769080494143581,-0.6799032489791259,1,NCOPsummerlag1,0,1
-0.14578851798974216,-0.25117476582101894,-0.04040227015846537,1,BEUTI_33N,0,1
-0.48391221050500216,-0.4619447397156592,-0.5058796812943454,1,BEUTI_39N,0,1
-0.3031549313054405,-0.32795013079195867,-0.2783597318189224,1,CUTI_33N,0,1
-0.5017153983332416,-0.4297803651263241,-0.573650431540159,1,CUTI_39N,0,1
-0.35428151556811294,-0.4987173413311002,-0.20984568980512583,1,OC_LUSI_33N,0,1
0.2841116265922662,0.1973215454497115,0.3709017077348208,1,OC_STI_33N,0,1
0.10711941302813513,0.16412493879397858,0.050113887262291726,1,RREAS_Myctophids,0,1
0.4304538673037125,0.40288337693377735,0.4580243576736476,1,RREAS_YOYsardine,0,1
-0.052994519922070826,-0.04051308715436275,-0.0654759526897789,1,age1SprSardmeanWAA,0,1
0.1883147015858303,0.16481372352781276,0.2118156796438478,1,meanSSBwt,0,1
-0.6993979675434125,-0.6922581843075634,-0.7065377507792617,1,ZM_NorCal,0,1
-0.5783297005160889,-0.4952491875116781,-0.6614102135204996,1,ZM_SoCal,0,1
0.2839825941856972,0.28266684536618886,0.2852983430052056,1,sardRec,0,1
-0.021515879182298213,-0.04078045815583692,-0.002251300208759549,1,anchBioSmrySeas1,0,1
0.5662813795127704,0.5790213224139635,0.5535414366115772,1,summerSST,0,1
0.223440789660237,0.1107107130495156,0.33617086627095843,1,avgOffTransspring,0,1
-0.10807016066493952,-0.12711038963623275,-0.08902993169364631,1,avgOffTranssummer,0,1
-0.1732564457299894,-0.2664467951695378,-0.08006609629044101,1,sprRelOffTrans,0,1
-0.3240598920247467,-0.44933006818181187,-0.19878971586768154,1,sumRelOffTrans,0,1
0.2950703165325381,0.40176862471576597,0.18837200834931045,1,meanK,0,1
-0.4030785307387749,-0.44573254522846606,-0.3604245162490839,1,OC_LUSI_39N,0,1
-0.00800127852042834,-0.09260265889990238,0.07660010185904575,1,sardSpawnHab,0,0
0.5787800394966178,0.6672998332787135,0.49026024571452226,1,sardNurseHab,0,1
0.7326768452077721,0.7571477773749163,0.7082059130406279,1,springSST,0,1
0.036192259863612214,0.041727286507945494,0.030657233219278893,1,randTest,0,1
0.22536933480993762,0.13003498233990063,0.3207036872799746,2,NCOPspring,0,1
0.09834882660799976,0.1593444121921197,0.03735324102387977,2,NCOPsummerlag1,0,1
0.2503032069907867,0.07859151670765382,0.4220148972739195,2,BEUTI_33N,0,1
0.2187811484037699,0.15577391907423424,0.28178837773330545,2,BEUTI_39N,0,1
0.17117054562104095,0.11345267215101995,0.22888841909106203,2,CUTI_33N,0,1
0.12250598140694437,0.1769743463173142,0.06803761649657449,2,CUTI_39N,0,1
0.16074499758625768,0.3229071325281467,-0.0014171373556312872,2,OC_LUSI_33N,0,0
-0.12317326011838528,-0.010704161141226493,-0.23564235909554404,2,OC_STI_33N,0,1
-0.09865978818190291,0.06091785392349797,-0.25823743028730384,2,RREAS_Myctophids,0,0
-0.07151503701265027,0.21254761244430279,-0.3555776864696032,2,RREAS_YOYsardine,0,0
-0.0222687808667012,0.051438013231254076,-0.09597557496465647,2,age1SprSardmeanWAA,0,0
-0.009171130912091874,0.3188476748317539,-0.33718993665593777,2,meanSSBwt,0,0
0.20445638914509226,0.3282402635366158,0.08067251475356889,2,ZM_NorCal,0,1
0.06111345172656921,0.282537388579712,-0.1603104851265736,2,ZM_SoCal,0,0
-0.2190091555839187,-0.2858873810056777,-0.15213093016215973,2,sardRec,0,1
0.17272968955880735,0.14957124609845737,0.19588813301915736,2,anchBioSmrySeas1,0,1
-0.0761981672399604,0.24193389241930266,-0.3943302268992234,2,summerSST,0,0
-0.20230013922184184,-0.2908415536258616,-0.11375872481782212,2,avgOffTransspring,0,1
0.019230278521300645,0.10844819625946163,-0.06998763921686041,2,avgOffTranssummer,0,0
0.21793311057553855,0.0709856013814654,0.3648806197696117,2,sprRelOffTrans,0,1
0.13480450921982418,0.3114401031267009,-0.04183108468705252,2,sumRelOffTrans,0,0
0.06006127572863637,0.37126203222474724,-0.25113948076747433,2,meanK,0,0
0.16987418270125865,0.19888840326898655,0.14085996213353064,2,OC_LUSI_39N,0,1
0.038757256522608696,0.20190448139839257,-0.12438996835317517,2,sardSpawnHab,0,0
-0.1451651284294871,-0.08450889718849547,-0.20582135967047863,2,sardNurseHab,0,1
-0.17020982948020907,0.03600158148369368,-0.3764212404441119,2,springSST,0,0
0.02742250804062906,0.011588365318324328,0.04325665076293378,2,randTest,0,1
-0.3111774849574639,-0.1795450955878415,-0.44280987432708624,3,NCOPspring,0,1
-0.32190541201930384,-0.08423896640712944,-0.5595718576314783,3,NCOPsummerlag1,0,1
0.059633474606804085,0.5945880425561065,-0.4753210933424984,3,BEUTI_33N,0,0
-0.16022807397213704,0.25455743442075673,-0.5750135823650308,3,BEUTI_39N,0,0
-0.010163526229112645,0.4277762022736713,-0.44810325473189666,3,CUTI_33N,0,0
-0.14397599866337796,0.2608162525494879,-0.5487682498762438,3,CUTI_39N,0,0
0.34716377505313606,1.3644319825187465,-0.6701044324124744,3,OC_LUSI_33N,0,0
-0.23508565687374874,0.5219337025244934,-0.9921050162719909,3,OC_STI_33N,0,0
0.297182769236092,0.7837494466967972,-0.1893839082246134,3,RREAS_Myctophids,0,0
-0.22891604205995641,0.6259237264082798,-1.0837558105281926,3,RREAS_YOYsardine,0,0
-0.40213192959555455,0.4070027104619648,-1.211266569653074,3,age1SprSardmeanWAA,0,0
-0.52968582012038,0.65162246299528,-1.71099410323604,3,meanSSBwt,0,0
-0.07391456518134837,0.607166857635805,-0.7549959879985018,3,ZM_NorCal,0,0
-0.07096690254203428,0.48605620582045184,-0.6279900109045204,3,ZM_SoCal,0,0
0.12988519684612482,0.5145311732404159,-0.2547607795481662,3,sardRec,0,0
-0.01287006925269412,0.4030920996212068,-0.42883223812659504,3,anchBioSmrySeas1,0,0
-0.12466260135348378,0.6844268878617908,-0.9337520905687586,3,summerSST,0,0
-0.13448879490615517,0.4688834961493429,-0.7378610859616533,3,avgOffTransspring,0,0
-0.3550017107877513,0.23410604273025434,-0.9441094643057569,3,avgOffTranssummer,0,0
0.06286958659900689,0.559386520887411,-0.43364734768939717,3,sprRelOffTrans,0,0
0.34248435926438403,1.314675111823001,-0.6297063932942327,3,sumRelOffTrans,0,0
-0.19522154915937956,0.5298582584778206,-0.9203013567965799,3,meanK,0,0
0.03565267119883367,0.6053223813335353,-0.534017038935868,3,OC_LUSI_39N,0,0
0.5257719310555231,1.5326745296289768,-0.48113066751793065,3,sardSpawnHab,0,0
0.14408915344282114,0.64792758946286,-0.3597492825772176,3,sardNurseHab,0,0
0.04864356457102076,0.7814374142163034,-0.6841502850742618,3,springSST,0,0
0.15379622350966302,0.5078844595276464,-0.20029201250832035,3,randTest,0,0
0.5727227611555189,0.8155517331777942,0.3298937891332435,1,NCOPspring,0,1
0.4871026101181871,0.749878896233566,0.2243263240028083,1,NCOPsummerlag1,0,1
0.13280121830714683,0.10821431430468953,0.1573881223096042,1,BEUTI_33N,0,1
0.4935882275432109,0.5777756277349739,0.4094008273514478,1,BEUTI_39N,0,1
0.29751815325950615,0.3397186741416371,0.2553176323773752,1,CUTI_33N,0,1
0.511585541547332,0.6516005698097054,0.3715705132849587,1,CUTI_39N,0,1
0.3008149681627831,0.33901904958011053,0.26261088674545563,1,OC_LUSI_33N,0,1
-0.24726585866533335,-0.19962687282021999,-0.2949048445104467,1,OC_STI_33N,0,1
-0.1388356983711429,0.006320513822907799,-0.2839919105651936,1,RREAS_Myctophids,0,0
-0.39386318894313355,-0.2611763859363032,-0.526549991949964,1,RREAS_YOYsardine,0,1
0.09266206751139788,0.24205873284536217,-0.0567345978225665,1,age1SprSardmeanWAA,0,0
-0.13532450715830974,0.05631116920474921,-0.32696018352136863,1,meanSSBwt,0,0
0.6938143805141117,0.8221654214009154,0.5654633396273081,1,ZM_NorCal,0,1
0.5748682476531597,0.7611766323057858,0.3885598630005336,1,ZM_SoCal,0,1
-0.29416651318451525,-0.22909964404465138,-0.3592333823243792,1,sardRec,0,1
0.01842522996417812,0.05610336367377705,-0.019252903745420824,1,anchBioSmrySeas1,0,0
-0.5403501484838187,-0.37103350783000666,-0.7096667891376306,1,summerSST,0,1
-0.20028230837604277,-0.21669366349251534,-0.1838709532595702,1,avgOffTransspring,0,1
0.14995821834442485,0.23113475613072398,0.06878168055812584,1,avgOffTranssummer,0,1
0.158499561922567,0.13490515572041714,0.18209396812471695,1,sprRelOffTrans,0,1
0.2741468476299308,0.32262807036059754,0.225665624899264,1,sumRelOffTrans,0,1
-0.2738081282910435,-0.03194634046357181,-0.5156699161185151,1,meanK,0,1
0.389282808556059,0.44435462874738496,0.33421098836473284,1,OC_LUSI_39N,0,1
-0.0687800292660069,0.0244367866890845,-0.16199684522109825,1,sardSpawnHab,0,0
-0.5890478835885579,-0.41197426765038203,-0.7661214995267336,1,sardNurseHab,0,1
-0.723554941564684,-0.5633704483729305,-0.8837394347564378,1,springSST,0,1
0.0899620993509265,0.12699898142241822,0.052925217279434736,1,randTest,0,1
-0.23714031545742936,-0.3376855407098425,-0.1365950902050162,2,NCOPspring,0,1
-0.10321155155542688,-0.04299862822422801,-0.16342447488662576,2,NCOPsummerlag1,0,1
-0.2618422704609863,-0.3927744401532728,-0.13091010076869983,2,BEUTI_33N,0,1
-0.23640233518258413,-0.27202447007336616,-0.20078020029180219,2,BEUTI_39N,0,1
-0.18863904421101088,-0.20914928169637576,-0.168128806725646,2,CUTI_33N,0,1
-0.14101493436367754,-0.055440259955888124,-0.226589608771467,2,CUTI_39N,0,1
-0.19674315225594155,0.050441214486067934,-0.44392751899795113,2,OC_LUSI_33N,0,0
0.15151415463952989,0.3297194204611546,-0.026691111182094746,2,OC_STI_33N,0,0
0.08705519417906067,0.2801794276407288,-0.10606903928260747,2,RREAS_Myctophids,0,0
0.10777433060123923,0.4636870344471665,-0.24813837324468813,2,RREAS_YOYsardine,0,0
0.041911541398166136,0.14869741250186275,-0.06487432970553063,2,age1SprSardmeanWAA,0,0
0.04774925302407923,0.4460653405355905,-0.3505668344874322,2,meanSSBwt,0,0
-0.2358738842933224,-0.052719214959423395,-0.4190285536272215,2,ZM_NorCal,0,1
-0.08255281918551409,0.1686162636843892,-0.3337219020554174,2,ZM_SoCal,0,0
0.22427395338779343,0.19219545956914857,0.25635244720643835,2,sardRec,0,1
-0.1768390113733984,-0.19020343859440858,-0.16347458415238827,2,anchBioSmrySeas1,0,1
0.10838867904974167,0.4818647288021184,-0.2650873707026351,2,summerSST,0,0
0.22321257070817566,0.1786744505434611,0.2677506908728903,2,avgOffTransspring,0,1
-0.0010639415952530124,0.1358818907571114,-0.13800977394761732,2,avgOffTranssummer,0,0
-0.23562797269897504,-0.3468913192086682,-0.12436462618928187,2,sprRelOffTrans,0,1
-0.17556266446540394,0.09399302716202586,-0.44511835609283373,2,sumRelOffTrans,0,0
-0.03362800250791241,0.3231003991154316,-0.39035640413125644,2,meanK,0,0
-0.192739145533128,-0.11633182723645111,-0.2691464638298049,2,OC_LUSI_39N,0,1
-0.07435542541222664,0.20399751131351054,-0.35270836213796386,2,sardSpawnHab,0,0
0.16326577322789798,0.23609231687346224,0.09043922958233369,2,sardNurseHab,0,1
0.20326980039469522,0.4651642240477583,-0.058624623258367835,2,springSST,0,0
-0.11280291644746017,-0.14059453095797358,-0.08501130193694678,2,randTest,0,1
0.23368746923821118,0.33276872072385433,0.134606217752568,3,NCOPspring,0,1
0.24794555383686906,0.4395974802442724,0.05629362742946568,3,NCOPsummerlag1,0,1
-0.05393386795293275,0.4963118622764835,-0.604179598182349,3,BEUTI_33N,0,0
0.09051554373381028,0.5071389015964196,-0.32610781412879913,3,BEUTI_39N,0,0
-0.035264712710299365,0.42123296400354227,-0.4917623894241411,3,CUTI_33N,0,0
0.06267286951860193,0.45568805279430746,-0.3303423137571036,3,CUTI_39N,0,0
-0.3743488950150656,0.6290632008254675,-1.3777609908555988,3,OC_LUSI_33N,0,0
0.26657485600373465,1.0251119102836215,-0.49196219827615206,3,OC_STI_33N,0,0
-0.2799476238789379,0.18172892689888342,-0.7416241746567593,3,RREAS_Myctophids,0,0
0.2896224522963663,1.1264810511976873,-0.5472361466049547,3,RREAS_YOYsardine,0,0
0.33725413627816025,1.0660898282446247,-0.3915815556883041,3,age1SprSardmeanWAA,0,0
0.49985340131126366,1.579736040461424,-0.5800292378388965,3,meanSSBwt,0,0
-0.03020623866361724,0.6421686022208559,-0.7025810795480903,3,ZM_NorCal,0,0
-0.008838418459593822,0.5009628931299344,-0.5186397300491219,3,ZM_SoCal,0,0
-0.11166959472184501,0.2658375778837927,-0.4891767673274827,3,sardRec,0,0
0.010246860955602836,0.4328000624363922,-0.4123063405251865,3,anchBioSmrySeas1,0,0
0.1904193155104499,0.9390631868697279,-0.5582245558488281,3,summerSST,0,0
0.14206575901783372,0.7521407857593951,-0.46800926772372764,3,avgOffTransspring,0,0
0.3373978107888873,0.9320648224651678,-0.25726920088739297,3,avgOffTranssummer,0,0
-0.08143300787015095,0.4510597219360876,-0.6139257376763896,3,sprRelOffTrans,0,0
-0.39118723575057746,0.6112720258970878,-1.3936464973982425,3,sumRelOffTrans,0,0
0.2347430215746149,0.9090457577642277,-0.43955971461499793,3,meanK,0,0
-0.08666997176820991,0.4829120101744683,-0.656251953710888,3,OC_LUSI_39N,0,0
-0.5660136430936773,0.5290372380772749,-1.6610645242646294,3,sardSpawnHab,0,0
-0.08697392942288801,0.3632219146363955,-0.5371697734821715,3,sardNurseHab,0,0
0.053065198332205715,0.7524450046336547,-0.6463146079692432,3,springSST,0,0
-0.08013224783476522,0.29370728432485355,-0.45397177999438404,3,randTest,0,0
-0.5620219483150698,-0.32283903828261046,-0.8012048583475291,1,NCOPspring,0,1
-0.4749159058812767,-0.2240503928832503,-0.7257814188793031,1,NCOPsummerlag1,0,1
-0.13431746180619109,0.3182528220150228,-0.586887745627405,1,BEUTI_33N,0,0
-0.49070612898007376,-0.11782197587201514,-0.8635902820881325,1,BEUTI_39N,0,1
-0.302711829649636,0.07845774328334465,-0.6838814025826166,1,CUTI_33N,0,0
-0.5112068440583475,-0.1765203904626638,-0.8458932976540314,1,CUTI_39N,0,1
-0.3072203869267506,0.3542182514707522,-0.9686590253242533,1,OC_LUSI_33N,0,0
0.24912625124912552,0.7593269705518977,-0.26107446805364665,1,OC_STI_33N,0,0
0.13758036756243375,0.4652244922129713,-0.19006375708810383,1,RREAS_Myctophids,0,0
0.40227605333035243,0.9467325221279522,-0.14218041546724738,1,RREAS_YOYsardine,0,0
-0.07420323468809162,0.5200823827726992,-0.6684888521488825,1,age1SprSardmeanWAA,0,0
0.14806737915681664,0.878146512476174,-0.5820117541625407,1,meanSSBwt,0,0
-0.6942550860222173,-0.19584185500317935,-1.192668317041255,1,ZM_NorCal,0,1
-0.5800928374313676,-0.20253319390762745,-0.9576524809551079,1,ZM_SoCal,0,1
0.292233369046028,0.6229601901026149,-0.038493452010558885,1,sardRec,0,0
-0.02135658009010729,0.3245913815976675,-0.3673045417778821,1,anchBioSmrySeas1,0,0
0.5503443835338013,1.0494909085629096,0.05119785850469292,1,summerSST,0,1
0.20178044479640322,0.6568378485188617,-0.2532769589260553,1,avgOffTransspring,0,0
-0.1417798205984719,0.2778905542925602,-0.561450195489504,1,avgOffTranssummer,0,0
-0.15733446678475616,0.2650962486054007,-0.579765182174913,1,sprRelOffTrans,0,0
-0.2867986227251017,0.3742839850330977,-0.9478812304833012,1,sumRelOffTrans,0,0
0.27194483106374795,0.7417866995723478,-0.19789703744485193,1,meanK,0,0
-0.3873262624548106,0.03243681046358955,-0.8070893353732107,1,OC_LUSI_39N,0,0
0.04627933859476174,0.7989858215716201,-0.7064271443820969,1,sardSpawnHab,0,0
0.5845684592801308,0.982618143074199,0.18651877548606255,1,sardNurseHab,0,1
0.7248545285587706,1.2254993898790785,0.22420966723846264,1,springSST,0,1
-0.16735431829299557,0.14217249742603155,-0.47688113401202264,1,randTest,0,0
0.22932574109216483,0.13173026770502064,0.326921214479309,2,NCOPspring,0,1
0.09885617114499402,0.15981009482391345,0.03790224746607462,2,NCOPsummerlag1,0,1
0.2539113644073704,0.5211497546372905,-0.013327025822549715,2,BEUTI_33N,0,0
0.22808855447709575,0.43881663292545753,0.017360476028733945,2,BEUTI_39N,0,1
0.1833558639629604,0.45428851297935874,-0.08757678505343794,2,CUTI_33N,0,0
0.13427020335133252,0.3976573184929379,-0.12911691179027282,2,CUTI_39N,0,0
0.1787977268286716,0.9510207547684617,-0.5934253011111184,2,OC_LUSI_33N,0,0
-0.13711048038872387,0.4290333423233271,-0.703254303100775,2,OC_STI_33N,0,0
-0.09530226698145855,0.2504732177180047,-0.44107775168092184,2,RREAS_Myctophids,0,0
-0.09182388425124174,0.6252263980678245,-0.8088741665703082,2,RREAS_YOYsardine,0,0
-0.042364186254516475,0.4533980302953884,-0.5381264028044215,2,age1SprSardmeanWAA,0,0
-0.03138908741508867,0.8281495754325401,-0.8909277502627172,2,meanSSBwt,0,0
0.22232180522120182,0.7308402678842686,-0.286196657441865,2,ZM_NorCal,0,0
0.07378851203843267,0.5098482431270437,-0.3622712190501783,2,ZM_SoCal,0,0
-0.2197692370021184,-0.028411984774919727,-0.41112648922931705,2,sardRec,0,1
0.17789380266277785,0.4225831087771546,-0.0667955034515989,2,anchBioSmrySeas1,0,0
-0.09485003718421592,0.5804484076062675,-0.7701484819746993,2,summerSST,0,0
-0.20890375940176817,0.13432968057349082,-0.5521371993770271,2,avgOffTransspring,0,0
0.009930094513815713,0.43025375228907914,-0.4103935632614477,2,avgOffTranssummer,0,0
0.22389789089052609,0.4803009920071951,-0.03250521022614289,2,sprRelOffTrans,0,0
0.15897702189683732,0.949747757966536,-0.6317937141728616,2,sumRelOffTrans,0,0
0.04824310412103053,0.6083918012570219,-0.5119055930149607,2,meanK,0,0
0.18058425876195353,0.5642606867551443,-0.20309216923123724,2,OC_LUSI_39N,0,0
0.06297096386144735,0.9024301243995639,-0.7764881966766692,2,sardSpawnHab,0,0
-0.15348036907256524,0.11570964067718015,-0.4226703788223107,2,sardNurseHab,0,0
-0.18792347922869967,0.37870480626275627,-0.7545517647201556,2,springSST,0,0
0.07657704748049346,0.3459847251616891,-0.1928306302007022,2,randTest,0,0
0.2593640047627986,0.14898497489960594,0.36974303462599123,3,NCOPspring,0,1
0.2723000583510795,0.06511571468644566,0.4794844020157133,3,NCOPsummerlag1,0,1
-0.04903029146365084,0.13939199482838394,-0.23745257775568562,3,BEUTI_33N,0,0
0.10911637846192696,0.1394266519350599,0.07880610498879398,3,BEUTI_39N,0,1
-0.031093057874635094,0.03052644615995917,-0.09271256190922944,3,CUTI_33N,0,0
0.08007812525245138,-0.012060718722225937,0.17221696922712876,3,CUTI_39N,0,0
-0.3589413438474894,-0.35884831438240794,-0.3590343733125707,3,OC_LUSI_33N,0,1
0.2518654862113061,0.24296519099497543,0.26076578142763684,3,OC_STI_33N,0,1
-0.275826211902793,-0.4218908648203273,-0.12976155898525854,3,RREAS_Myctophids,0,1
0.2720324648646213,0.1013196155813385,0.4427453141479041,3,RREAS_YOYsardine,0,1
0.3567393241142652,0.3081877912014191,0.40529085702711126,3,age1SprSardmeanWAA,0,1
0.4870375188741224,0.2890476993094905,0.6850273384387542,3,meanSSBwt,0,1
-0.00434441522517065,-0.09408975036093166,0.0854009199105904,3,ZM_NorCal,0,0
0.011353540542043933,-0.20071880970704015,0.22342589079112818,3,ZM_SoCal,0,0
-0.12099649002535545,-0.0845093765495451,-0.15748360350116578,3,sardRec,0,1
0.004034513393164581,0.06106349059476185,-0.0529944638084327,3,anchBioSmrySeas1,0,0
0.17243739032546096,-0.053885703159668785,0.3987604838105908,3,summerSST,0,0
0.1261105148522908,0.26778918246265854,-0.01556815275807688,3,avgOffTransspring,0,0
0.33802898443170215,0.2949386375867975,0.38111933127660685,3,avgOffTranssummer,0,1
-0.06679038083823433,0.103591538347377,-0.23717230002384562,3,sprRelOffTrans,0,0
-0.37928136735539963,-0.4029240229758495,-0.35563871173494965,3,sumRelOffTrans,0,1
0.21478711352247254,-0.06873072927403417,0.49830495631897914,3,meanK,0,0
-0.06832431937970175,-0.055705501874784236,-0.08094313688461935,3,OC_LUSI_39N,0,1
-0.5709917783865965,-0.6179646496246325,-0.5240189071485606,3,sardSpawnHab,0,1
-0.11189972750831978,-0.21555842833176558,-0.008241026684874087,3,sardNurseHab,0,1
0.024806043603531447,-0.13424872504112173,0.18386081224818462,3,springSST,0,0
-0.09260973037787848,-0.11677156220479033,-0.06844789855096658,3,randTest,0,1
-0.6047708340671768,-0.3478782623123528,-0.8616634058220008,1,NCOPspring,0,1
-0.5031730456951695,-0.24586216376803058,-0.7604839276223084,1,NCOPsummerlag1,0,1
-0.15192754159125327,0.2781080127907612,-0.5819630959732677,1,BEUTI_33N,0,0
-0.5237361272902001,-0.17677650229142794,-0.8706957522889722,1,BEUTI_39N,0,1
-0.3140525419139488,0.045516941329122054,-0.6736220251570197,1,CUTI_33N,0,0
-0.533081512874792,-0.2208455935418044,-0.8453174322077797,1,CUTI_39N,0,1
-0.30787363197832135,0.2979727662110247,-0.9137200301676676,1,OC_LUSI_33N,0,0
0.25215336508823843,0.7215013153317036,-0.21719458515522674,1,OC_STI_33N,0,0
0.1620284201127713,0.47884590249407194,-0.15478906226852926,1,RREAS_Myctophids,0,0
0.39908330188611285,0.8774717570443276,-0.07930515327210183,1,RREAS_YOYsardine,0,0
-0.09618703270061227,0.4683506303157398,-0.6607246957169642,1,age1SprSardmeanWAA,0,0
0.1268981969678204,0.8060814265402341,-0.5522850326045933,1,meanSSBwt,0,0
-0.723286766249957,-0.2686597877750619,-1.1779137447248522,1,ZM_NorCal,0,1
-0.5945452109337402,-0.2434659083796233,-0.9456245134878571,1,ZM_SoCal,0,1
0.3162793843463652,0.6390459025638621,-0.006487133871131645,1,sardRec,0,0
-0.03902447547056635,0.2828617726462871,-0.3609107235874197,1,anchBioSmrySeas1,0,0
0.5514144078301882,0.9855552198861643,0.1172735957742122,1,summerSST,0,1
0.21556980930727815,0.6310149031780939,-0.1998752845635376,1,avgOffTransspring,0,0
-0.16695774285922654,0.22162012431267303,-0.5555356100311261,1,avgOffTranssummer,0,0
-0.17591424923019966,0.2216166418103206,-0.5734451402707198,1,sprRelOffTrans,0,0
-0.27488562761333624,0.3168359028680871,-0.8666071580947596,1,sumRelOffTrans,0,0
0.25682163777297057,0.7036634285184928,-0.19002015297255173,1,meanK,0,0
-0.40558489888577753,-0.01355097688692336,-0.7976188208846317,1,OC_LUSI_39N,0,1
0.07339131354137665,0.7486935971084596,-0.6019109700257061,1,sardSpawnHab,0,0
0.6100001277433452,0.9906702783731767,0.2293299771135139,1,sardNurseHab,0,1
0.7503339048700908,1.1987481834709188,0.3019196262692627,1,springSST,0,1
0.017721099948206802,0.2909757209484708,-0.2555335210520572,1,randTest,0,0
0.14468601202131653,0.0832267622834617,0.20614526175917136,2,NCOPspring,0,1
0.03534315405947468,0.1228749756437981,-0.05218866752484874,2,NCOPsummerlag1,0,0
0.22481861689498436,0.529757635428459,-0.08012040163849019,2,BEUTI_33N,0,0
0.1496650216887748,0.4046042829883968,-0.10527423961084714,2,BEUTI_39N,0,0
0.13967140592872268,0.4974714772970101,-0.21812866543956472,2,CUTI_33N,0,0
0.05928014184613732,0.3991790937212541,-0.28061881002897954,2,CUTI_39N,0,0
0.13418368013304416,1.1988218142714895,-0.9304544540054014,2,OC_LUSI_33N,0,0
-0.10065194444950824,0.6807996385171546,-0.882103527416171,2,OC_STI_33N,0,0
-0.06508368761914879,0.4268831780867331,-0.5570505533250307,2,RREAS_Myctophids,0,0
-0.032683238759460886,0.9178929549063696,-0.9832594324252915,2,RREAS_YOYsardine,0,0
-0.05014593292127191,0.6415938799616682,-0.741885745804212,2,age1SprSardmeanWAA,0,0
-0.014576802327822852,1.1848716624274946,-1.2140252670831404,2,meanSSBwt,0,0
0.12456406282438393,0.8038547665866472,-0.5547266409378795,2,ZM_NorCal,0,0
-0.003759350076437365,0.5707600287938266,-0.5782787289467013,2,ZM_SoCal,0,0
-0.17564739383533542,0.04491372116779971,-0.3962085088384705,2,sardRec,0,0
0.1580434798990819,0.4381996723640552,-0.12211271256589143,2,anchBioSmrySeas1,0,0
-0.015158475956158268,0.8665828901298738,-0.8968998420421904,2,summerSST,0,0
-0.1687556462852104,0.2802729360264085,-0.6177842285968294,2,avgOffTransspring,0,0
-0.008553775310609024,0.5644798904069018,-0.5815874410281199,2,avgOffTranssummer,0,0
0.19100205780176827,0.5113775482198412,-0.12937343261630463,2,sprRelOffTrans,0,0
0.11548710221223413,1.1756906280297308,-0.9447164236052625,2,sumRelOffTrans,0,0
0.0760165193732293,0.8661078272196268,-0.7140747884731682,2,meanK,0,0
0.1246823104188357,0.6552270514035468,-0.40586243056587534,2,OC_LUSI_39N,0,0
0.06747706984428059,1.1847557467691363,-1.0498016070805751,2,sardSpawnHab,0,0
-0.07022272205529193,0.30556242520710125,-0.44600786931768516,2,sardNurseHab,0,0
-0.0816903952896907,0.6700155646244002,-0.8333963552037816,2,springSST,0,0
0.10205564123753144,0.2940166829570429,-0.08990540048198002,2,randTest,0,0
0.22184097201338213,0.12760809137354392,0.31607385265322036,3,NCOPspring,0,1
0.22228126438243925,0.06178260920761766,0.3827799195572608,3,NCOPsummerlag1,0,1
-0.0518300860287543,0.2823691237398414,-0.38602929579735,3,BEUTI_33N,0,0
0.08763476678327768,0.17819452598761815,-0.0029249924210627554,3,BEUTI_39N,0,0
-0.04753936199559554,0.08939472008754182,-0.18447344407873284,3,CUTI_33N,0,0
0.054858034460155344,-3.3418424160676363e-4,0.11005025316191752,3,CUTI_39N,0,0
-0.3814575868017339,-0.30576643510918144,-0.45714873849428656,3,OC_LUSI_33N,0,1
0.2696689322373515,0.3184877111864794,0.22085015328822358,3,OC_STI_33N,0,1
-0.2778499172793437,-0.38759780537444943,-0.16810202918423803,3,RREAS_Myctophids,0,1
0.28896796980561346,0.1406137371238937,0.43732220248733317,3,RREAS_YOYsardine,0,1
0.35376383468027583,0.39166552843924834,0.3158621409213034,3,age1SprSardmeanWAA,0,1
0.5063985080352217,0.36916860929663575,0.6436284067738076,3,meanSSBwt,0,1
-0.04400391693502714,-0.09105501401175169,0.0030471801416973587,3,ZM_NorCal,0,0
-0.019580897327641567,-0.19236088979843546,0.15319909514315228,3,ZM_SoCal,0,0
-0.10259641063794361,0.038707228046720776,-0.24390004932260792,3,sardRec,0,0
0.019511053344557855,0.17022930951627657,-0.1312072028271609,3,anchBioSmrySeas1,0,0
0.19625764322172282,-0.019989616059172377,0.4125049025026181,3,summerSST,0,0
0.12753238527806354,0.3508755149203866,-0.09581074436425946,3,avgOffTransspring,0,0
0.32577157201699325,0.33558327844469016,0.31595986558929623,3,avgOffTranssummer,0,1
-0.0721337411393306,0.20747674773228872,-0.3517442300109499,3,sprRelOffTrans,0,0
-0.3908542751679752,-0.3427025187722018,-0.43900603156374846,3,sumRelOffTrans,0,1
0.24866618068584428,-0.0016411763769507148,0.4989735377486393,3,meanK,0,0
-0.09546110745413863,-0.027638524593451813,-0.16328369031482548,3,OC_LUSI_39N,0,1
-0.5477250716035127,-0.5032103521148348,-0.5922397910921904,3,sardSpawnHab,0,1
-0.06747815086531594,-0.12657600899355625,-0.008380292737075523,3,sardNurseHab,0,1
0.06400241036872273,-0.07456657708122816,0.20257139781867367,3,springSST,0,0
-0.018734372259490446,0.09840611681639916,-0.13587486133538007,3,randTest,0,0
0.5634493764667136,0.7999577299899411,0.326941022943486,1,NCOPspring,0,1
0.47305394290584957,0.6846488563828899,0.2614590294288093,1,NCOPsummerlag1,0,1
0.1336002867165522,0.05417932560470437,0.2130212478284001,1,BEUTI_33N,0,1
0.4912863898346671,0.5130344871939858,0.4695382924753484,1,BEUTI_39N,0,1
0.2980168767515692,0.2772610505344797,0.31877270296865856,1,CUTI_33N,0,1
0.5104447714498339,0.5741738945388969,0.4467156483607708,1,CUTI_39N,0,1
0.33260885588423517,0.1703251009602858,0.49489261080818453,1,OC_LUSI_33N,0,1
-0.27118692207203376,-0.3740787011676675,-0.16829514297639991,1,OC_STI_33N,0,1
-0.12289179468460829,-0.08159885718563499,-0.16418473218358154,1,RREAS_Myctophids,0,1
-0.4198666185349309,-0.4813892755209067,-0.358343961548955,1,RREAS_YOYsardine,0,1
0.08202115493699888,0.07817390228825138,0.08586840758574636,1,age1SprSardmeanWAA,0,1
-0.16261397540070271,-0.23310528237576955,-0.09212266842563585,1,meanSSBwt,0,1
0.7025991678195402,0.6913522526091223,0.7138460830299587,1,ZM_NorCal,0,1
0.5824373062750388,0.6385878461987161,0.5262867663513613,1,ZM_SoCal,0,1
-0.2852389412358135,-0.2757538902612663,-0.2947239922103607,1,sardRec,0,1
0.01666936241066627,-0.017644054425221267,0.0509827792465538,1,anchBioSmrySeas1,0,0
-0.5562116548929218,-0.5700549828988772,-0.5423683268869662,1,summerSST,0,1
-0.21033335580573434,-0.30846755103887413,-0.11219916057259452,1,avgOffTransspring,0,1
0.12733932771412182,0.1030693710900894,0.15160928433815418,1,avgOffTranssummer,0,1
0.17172113248200005,0.0884017672444298,0.2550404977195704,1,sprRelOffTrans,0,1
0.30211516963247925,0.15861840721392054,0.44561193205103794,1,sumRelOffTrans,0,1
-0.27979676150026844,-0.2198322977111003,-0.33976122528943653,1,meanK,0,1
0.3956501453408844,0.3447386095245738,0.4465616811571951,1,OC_LUSI_39N,0,1
-0.03804320267386435,-0.16366708283155912,0.08758067748383036,1,sardSpawnHab,0,0
-0.5886252746115298,-0.5060711636699595,-0.6711793855531002,1,sardNurseHab,0,1
-0.733450038526416,-0.7353051188188198,-0.7315949582340123,1,springSST,0,1
0.18626685166316068,0.21776603668710218,0.15476766663921915,1,randTest,0,1
0.22584747194627564,0.32064713979283777,0.13104780409971353,2,NCOPspring,0,1
0.0939715930896418,0.34256498658517337,-0.1546218004058898,2,NCOPsummerlag1,0,0
0.2570161244332266,0.6582137784985722,-0.1441815296321191,2,BEUTI_33N,0,0
0.22861607976331996,0.5894075841646189,-0.13217542463797916,2,BEUTI_39N,0,0
0.1852493787447873,0.5549064088618165,-0.18440765137224197,2,CUTI_33N,0,0
0.13602167320021485,0.5196598465854707,-0.24761650018504094,2,CUTI_39N,0,0
0.2020128608039725,1.1571746514716938,-0.7531489298637488,2,OC_LUSI_33N,0,0
-0.1552306251804399,0.5677381113089981,-0.878199361669878,2,OC_STI_33N,0,0
-0.08365032330325692,0.3782014849650064,-0.5455021315715203,2,RREAS_Myctophids,0,0
-0.1074115578825239,0.7638544854054923,-0.97867760117054,2,RREAS_YOYsardine,0,0
-0.05123026339546753,0.7141120890407704,-0.8165726158317054,2,age1SprSardmeanWAA,0,0
-0.06388073106837025,1.1162289585051612,-1.2439904206419017,2,meanSSBwt,0,0
0.23007074964018465,0.9001765731124438,-0.44003507383207463,2,ZM_NorCal,0,0
0.08112768284653009,0.65511261642234,-0.49285725072927966,2,ZM_SoCal,0,0
-0.2171307600435933,0.10236940801567715,-0.5366309281028637,2,sardRec,0,0
0.17107918583288861,0.5115725275030636,-0.16941415583728633,2,anchBioSmrySeas1,0,0
-0.10585612248331383,0.6922754200075782,-0.903987664974206,2,summerSST,0,0
-0.21684815707827287,0.2760534775469166,-0.7097497917034623,2,avgOffTransspring,0,0
-0.0031795785327734805,0.5104998305280656,-0.5168589875936126,2,avgOffTranssummer,0,0
0.23292219677509296,0.6335016062504918,-0.16765721270030579,2,sprRelOffTrans,0,0
0.17598013010426125,1.0811373917517488,-0.7291771315432262,2,sumRelOffTrans,0,0
0.03071149272428969,0.8191495551195488,-0.7577265696709694,2,meanK,0,0
0.18831600019903616,0.7256941962333872,-0.3490621958353147,2,OC_LUSI_39N,0,0
0.07927876078354937,1.1344924730336392,-0.9759349514665407,2,sardSpawnHab,0,0
-0.15836962677742747,0.30975492651800574,-0.6264941800728607,2,sardNurseHab,0,0
-0.19766213103644492,0.544982753389214,-0.9403070154621038,2,springSST,0,0
0.16033323630527369,0.46726330788376147,-0.14659683527321404,2,randTest,0,0
0.2663374478936062,0.37813281747569766,0.15454207831151479,3,NCOPspring,0,1
0.272922265911279,0.2884954513817948,0.25734908044076327,3,NCOPsummerlag1,0,1
-0.034785449219692274,0.32805535991245943,-0.39762625835184406,3,BEUTI_33N,0,0
0.11477803773150405,0.3343431477009249,-0.10478707223791675,3,BEUTI_39N,0,0
-0.005236735898566172,0.2242550464549503,-0.2347285182520827,3,CUTI_33N,0,0
0.1061519214232762,0.20958330100458555,0.0027205418419668503,3,CUTI_39N,0,1
-0.3391430416431168,-0.0767451191668207,-0.6015409641194129,3,OC_LUSI_33N,0,1
0.23894816943167346,0.4426726945274093,0.03522364433593761,3,OC_STI_33N,0,1
-0.2555739394496306,-0.21774510983563544,-0.2934027690636257,3,RREAS_Myctophids,0,1
0.24423790260883788,0.31969164441755377,0.168784160800122,3,RREAS_YOYsardine,0,1
0.3812598437726107,0.6334482170106284,0.12907147053459297,3,age1SprSardmeanWAA,0,1
0.5114618769977193,0.6830553043172749,0.3398684496781633,3,meanSSBwt,0,1
0.01979633055143279,0.1716239217025376,-0.13203126059967196,3,ZM_NorCal,0,0
0.033980828721150075,0.04698358834192791,0.0209780691003722,3,ZM_SoCal,0,1
-0.12440972583381174,0.07579639596069197,-0.3246158476283154,3,sardRec,0,0
-0.023214340250812218,0.21713178472083988,-0.26356046522246435,3,anchBioSmrySeas1,0,0
0.131481365549193,0.1511425873973593,0.11182014370102662,3,summerSST,0,1
0.12681840673044037,0.4469408482266205,-0.19330403476573976,3,avgOffTransspring,0,0
0.30027924614567203,0.4483612933362527,0.15219719895509143,3,avgOffTranssummer,0,1
-0.0700226460752961,0.2760150340239773,-0.41606032617456956,3,sprRelOffTrans,0,0
-0.3258034935015063,-0.09414222213407514,-0.5574647648689374,3,sumRelOffTrans,0,1
0.2242905290008539,0.21815837981887504,0.23042267818283266,3,meanK,0,1
-0.067506635954298,0.13085384210853596,-0.265867114017132,3,OC_LUSI_39N,0,0
-0.5530410565795503,-0.2872173965256613,-0.8188647166334392,3,sardSpawnHab,0,1
-0.11004670874568785,0.02404543733125647,-0.2441388548226322,3,sardNurseHab,0,0
0.006217714281445658,0.10038381161646365,-0.08794838305357233,3,springSST,0,0
0.12580182518881688,0.24879398334141378,0.0028096670362199733,3,randTest,0,1
-0.5887023886316598,-0.3396990606334074,-0.8377057166299122,1,NCOPspring,0,1
-0.5005122724341636,-0.23918633648543472,-0.7618382083828925,1,NCOPsummerlag1,0,1
-0.14118807575637746,0.30960293001712325,-0.5919790815298783,1,BEUTI_33N,0,0
-0.5099839620633897,-0.1432162907261482,-0.8767516334006313,1,BEUTI_39N,0,1
-0.30610005503557747,0.08902434344988329,-0.7012244535210382,1,CUTI_33N,0,0
-0.5255052938228449,-0.1817261608417399,-0.8692844268039499,1,CUTI_39N,0,1
-0.2885049505368908,0.3157482588861794,-0.892758159959961,1,OC_LUSI_33N,0,0
0.23697353868451568,0.6962770362855465,-0.22232995891651514,1,OC_STI_33N,0,0
0.15469173418725307,0.5216908798119738,-0.2123074114374677,1,RREAS_Myctophids,0,0
0.3870554621977955,0.934497971530542,-0.16038704713495106,1,RREAS_YOYsardine,0,0
-0.08557904468914494,0.45070447327202845,-0.6218625626503184,1,age1SprSardmeanWAA,0,0
0.1433780151923733,0.8001948157415228,-0.5134387853567762,1,meanSSBwt,0,0
-0.7047228532405807,-0.22932958605294054,-1.180116120428221,1,ZM_NorCal,0,1
-0.5819461626936733,-0.2142353107353391,-0.9496570146520074,1,ZM_SoCal,0,1
0.30235796340584686,0.6136142453693524,-0.008898318557658547,1,sardRec,0,0
-0.027133077020333435,0.30469802315697403,-0.35896417719764095,1,anchBioSmrySeas1,0,0
0.5404840624031994,1.0269479158064163,0.05402020899998222,1,summerSST,0,1
0.20150582009147938,0.6484441825264429,-0.245432542343484,1,avgOffTransspring,0,0
-0.16349011415690157,0.2943191136949277,-0.6212993420087308,1,avgOffTranssummer,0,0
-0.15860075162172077,0.23902764936519325,-0.5562291526086347,1,sprRelOffTrans,0,0
-0.26459463035238856,0.4000885497203375,-0.9292778104251147,1,sumRelOffTrans,0,0
0.26701960205758984,0.7277347726956562,-0.19369556858047654,1,meanK,0,0
-0.39071877646813813,-0.008400190453045284,-0.773037362483231,1,OC_LUSI_39N,0,1
0.09240396409979729,0.8769945007195943,-0.6921865725199997,1,sardSpawnHab,0,0
0.6074460933151044,0.9851170721569259,0.22977511447328294,1,sardNurseHab,0,1
0.7323033810438226,1.207392114553104,0.2572146475345413,1,springSST,0,1
0.008953864159216354,0.31661674514275756,-0.2987090168243248,1,randTest,0,0
0.21434960395940045,0.12368619614640265,0.30501301177239826,2,NCOPspring,0,1
0.08784719965815192,0.1569536447540708,0.018740754562233064,2,NCOPsummerlag1,0,1
0.251755836705499,0.5605545671736203,-0.057042893762622254,2,BEUTI_33N,0,0
0.21430839611175653,0.4461286891223157,-0.017511896898802642,2,BEUTI_39N,0,0
0.17672987268270557,0.5123068678672406,-0.15884712250182942,2,CUTI_33N,0,0
0.12181251143935073,0.4245107738557918,-0.18088575097709025,2,CUTI_39N,0,0
0.15034572989494777,0.9126238527358024,-0.6119323929459066,2,OC_LUSI_33N,0,0
-0.11387677623742687,0.42865976257496663,-0.6564133150498204,2,OC_STI_33N,0,0
-0.0891316697326468,0.34705211554428417,-0.5253154550095778,2,RREAS_Myctophids,0,0
-0.07117042321887737,0.6950262238607328,-0.8373670702984876,2,RREAS_YOYsardine,0,0
-0.03161190884918262,0.42968303685044595,-0.49290685454881134,2,age1SprSardmeanWAA,0,0
-0.01002350607318686,0.8015667683363328,-0.8216137804827062,2,meanSSBwt,0,0
0.1947814705614473,0.6987958142997178,-0.3092328731768232,2,ZM_NorCal,0,0
0.05078189144754712,0.47786019089730425,-0.37629640800221,2,ZM_SoCal,0,0
-0.20722510905672123,0.01253329342434413,-0.4269835115377866,2,sardRec,0,0
0.1765186548552165,0.4379757774927712,-0.0849384677823382,2,anchBioSmrySeas1,0,0
-0.067451236760977,0.6200491857163046,-0.7549516592382588,2,summerSST,0,0
-0.19939207670944048,0.18924061499451905,-0.5880247684134,2,avgOffTransspring,0,0
0.008886973806604206,0.5335806274813881,-0.5158066798681797,2,avgOffTranssummer,0,0
0.21418109583932465,0.48775282902080364,-0.05939063734215433,2,sprRelOffTrans,0,0
0.13822964387028314,1.008801150321685,-0.7323418625811188,2,sumRelOffTrans,0,0
0.06321660627862101,0.6237238748318192,-0.4972906622745773,2,meanK,0,0
0.1600155216807302,0.5188464364469947,-0.19881539308553411,2,OC_LUSI_39N,0,0
0.054899243260416564,1.0187007646904647,-0.90890227816963165,2,sardSpawnHab,0,0
-0.13003556613220518,0.09333083467236158,-0.353401966936772,2,sardNurseHab,0,0
-0.15753728475670467,0.3939780661914997,-0.7090526357049091,2,springSST,0,0
-0.04659834383049946,0.2248566023716216,-0.3180532900326205,2,randTest,0,0
0.21824240634966782,0.1259324607118972,0.31055235198743847,3,NCOPspring,0,1
0.24224346320518958,0.04670775047432484,0.4377791759360543,3,NCOPsummerlag1,0,1
-0.09310510791879595,0.13642768905146418,-0.3226379048890561,3,BEUTI_33N,0,0
0.07059160627237239,0.1200685373741709,0.02111467517057386,3,BEUTI_39N,0,1
-0.08821765172420656,-0.0026820651799845108,-0.17375323826842864,3,CUTI_33N,0,1
0.024868761038353837,-0.05276909658718454,0.10250661866389221,3,CUTI_39N,0,0
-0.36286301239074903,-0.3489951621674487,-0.37673086261404937,3,OC_LUSI_33N,0,1
0.2453373002861181,0.24690974794440324,0.2437648526278329,3,OC_STI_33N,0,1
-0.3174032011216147,-0.46122167823228477,-0.1735847240109446,3,RREAS_Myctophids,0,1
0.3213840899354896,0.1652560475252291,0.4775121323457502,3,RREAS_YOYsardine,0,1
0.30861675262432864,0.277774170943464,0.33945933430519315,3,age1SprSardmeanWAA,0,1
0.4417375666518139,0.2609523666564961,0.6225227666471317,3,meanSSBwt,0,1
-0.03998292726342523,-0.11065542715719841,0.03068957263034794,3,ZM_NorCal,0,0
-0.015036371420631772,-0.2085648424695016,0.17849209962823798,3,ZM_SoCal,0,0
-0.12802929195015467,-0.11889434017141515,-0.13716424372889421,3,sardRec,0,1
-9.20889204458028e-4,0.06651858265652644,-0.06836036106544255,3,anchBioSmrySeas1,0,0
0.21054749770949038,-0.003117170537603964,0.42421216595658473,3,summerSST,0,0
0.16104842170648143,0.32266559380291226,-5.687503899494684e-4,3,avgOffTransspring,0,0
0.3846454931151113,0.35148892660133596,0.4178020596288867,3,avgOffTranssummer,0,1
-0.07956341602062482,0.10575011087762459,-0.26487694291887426,3,sprRelOffTrans,0,0
-0.4378592083957972,-0.44641897324973207,-0.4292994435418622,3,sumRelOffTrans,0,1
0.21721258789253495,-0.049407165569608946,0.4838323413546788,3,meanK,0,0
-0.07063514922786006,-0.045085032680707265,-0.0961852657750128,3,OC_LUSI_39N,0,1
-0.6341825688916127,-0.6572647372900977,-0.6111004004931276,3,sardSpawnHab,0,1
-0.1286689876023594,-0.20368252998228908,-0.05365544522242968,3,sardNurseHab,0,1
0.05594576689882155,-0.085120038123496,0.19701157192113916,3,springSST,0,0
0.15857196558948938,0.17488170743983872,0.14226222373914002,3,randTest,0,1
0.532403115742364,0.7614181064846894,0.30338812500003837,1,NCOPspring,0,1
0.44974617708649756,0.6316897325481866,0.26780262162480867,1,NCOPsummerlag1,0,1
0.12721758317055396,0.021954708592555577,0.23248045774855236,1,BEUTI_33N,0,1
0.4875248238532345,0.48973942378323704,0.4853102239232318,1,BEUTI_39N,0,1
0.29515602246075306,0.24005101188863034,0.35026103303287576,1,CUTI_33N,0,1
0.510735182695556,0.5286910071864385,0.49277935820467345,1,CUTI_39N,0,1
0.30992799148275535,0.07812878283222931,0.5417272001332814,1,OC_LUSI_33N,0,1
-0.24833925839131096,-0.39639245627224295,-0.100286060510379,1,OC_STI_33N,0,1
-0.1173182646934678,-0.14988593204509948,-0.08475059734183613,1,RREAS_Myctophids,0,1
-0.41132389064753205,-0.5551640942932162,-0.267483687001848,1,RREAS_YOYsardine,0,1
0.025850288226321586,-0.016479623659981124,0.06818020011262428,1,age1SprSardmeanWAA,0,0
-0.21787141370344812,-0.3880853064525166,-0.04765752095437961,1,meanSSBwt,0,1
0.6890659294342386,0.633912579211479,0.7442192796569981,1,ZM_NorCal,0,1
0.5723460000377649,0.5658291915627296,0.5788628085128001,1,ZM_SoCal,0,1
-0.2694921064121578,-0.2728334507996291,-0.26615076202468646,1,sardRec,0,1
0.025655254162959346,-0.05607562044762421,0.1073861287735429,1,anchBioSmrySeas1,0,0
-0.5440109343253693,-0.6120903852411956,-0.47593148340954294,1,summerSST,0,1
-0.19908807395554798,-0.31389220674524343,-0.08428394116585253,1,avgOffTransspring,0,1
0.13514888841985082,0.04230722075052595,0.22799055608917565,1,avgOffTranssummer,0,1
0.1501020288193271,0.06393406763134496,0.23626999000730925,1,sprRelOffTrans,0,1
0.2827512692005779,0.05005797360342212,0.5154445647977336,1,sumRelOffTrans,0,1
-0.3040803785320795,-0.32181015806659813,-0.2863505989975608,1,meanK,0,1
0.3867739510487178,0.29851355616813147,0.4750343459293042,1,OC_LUSI_39N,0,1
-0.014531936703420345,-0.31162379729004147,0.28255992388320084,1,sardSpawnHab,0,0
-0.571706975229694,-0.5008701420534647,-0.6425438084059234,1,sardNurseHab,0,1
-0.7205270559242445,-0.7615146566420437,-0.6795394552064452,1,springSST,0,1
0.003144340195139053,-0.09574419688327954,0.10203287727355767,1,randTest,0,0
0.2547938673780067,0.364394306318737,0.1451934284372764,2,NCOPspring,0,1
0.11874218035531241,0.3644471402046462,-0.12696277949402135,2,NCOPsummerlag1,0,0
0.26101319859814825,0.6237749596412262,-0.1017485624449298,2,BEUTI_33N,0,0
0.2578942344089243,0.6135970199137143,-0.09780855109586573,2,BEUTI_39N,0,0
0.19753802718518432,0.6003511685024047,-0.20527511413203603,2,CUTI_33N,0,0
0.16336257252943356,0.6060350505391272,-0.27930990548026013,2,CUTI_39N,0,0
0.19180369374593634,1.1481177975583208,-0.7645104100664482,2,OC_LUSI_33N,0,0
-0.14633540241805565,0.5632377840957526,-0.8559085889318638,2,OC_STI_33N,0,0
-0.09841842562427612,0.49911785708372364,-0.695954708332276,2,RREAS_Myctophids,0,0
-0.11195839650131098,0.8459121556055038,-1.0698289486081256,2,RREAS_YOYsardine,0,0
-0.04840995554155098,0.6201536224020374,-0.7169735334851394,2,age1SprSardmeanWAA,0,0
-0.0644226564572338,1.1332043196601753,-1.2620496325746426,2,meanSSBwt,0,0
0.2553926019397285,0.9463847500813652,-0.4355995462019082,2,ZM_NorCal,0,0
0.09389510792726433,0.6614471756690217,-0.4736569598144929,2,ZM_SoCal,0,0
-0.22197243886686477,0.144195335219031,-0.5881402129527604,2,sardRec,0,0
0.19102205899242497,0.5178075050932893,-0.13576338710843935,2,anchBioSmrySeas1,0,0
-0.11314556998142654,0.6954642242179023,-0.9217553641807555,2,summerSST,0,0
-0.2194230549271081,0.2192323624517976,-0.6580784723060138,2,avgOffTransspring,0,0
0.01603729198570917,0.6223877619225209,-0.5903131779511025,2,avgOffTranssummer,0,0
0.2306152444014745,0.563125503726969,-0.10189501492402,2,sprRelOffTrans,0,0
0.1688362021462525,1.1558349952215214,-0.8181625909290163,2,sumRelOffTrans,0,0
0.03484847302925613,0.7895877415526388,-0.7198907954941265,2,meanK,0,0
0.20247041495782153,0.7534222869147168,-0.3484814569990738,2,OC_LUSI_39N,0,0
0.0724843172892913,1.4143283686148667,-1.2693597340362839,2,sardSpawnHab,0,0
-0.17661931379389378,0.2129504041114664,-0.566189031699254,2,sardNurseHab,0,0
-0.22070725404627295,0.5104969696545585,-0.9519114777471042,2,springSST,0,0
0.01262448054767136,0.6554995945914942,-0.6302506334961514,2,randTest,0,0
0.22781481593323658,0.32581012516272256,0.1298195067037506,3,NCOPspring,0,1
0.2246047334656016,0.2495908916157141,0.19961857531548918,3,NCOPsummerlag1,0,1
-0.02151377635160974,0.41981167253878354,-0.46283922524200305,3,BEUTI_33N,0,0
0.10657458051281746,0.3519935645592387,-0.1388444035336038,3,BEUTI_39N,0,0
-0.02149610485607166,0.226837468986364,-0.2698296786985073,3,CUTI_33N,0,0
0.06837429994057545,0.17260639252016674,-0.035857792639015895,3,CUTI_39N,0,0
-0.2970015807871981,-0.06485967406880688,-0.5291434875055895,3,OC_LUSI_33N,0,1
0.2039343230750691,0.38632130512435936,0.02154734102577882,3,OC_STI_33N,0,1
-0.28972485941694226,-0.25969502925006754,-0.31975468958381703,3,RREAS_Myctophids,0,1
0.24752663018607673,0.2808640187733844,0.21418924159876915,3,RREAS_YOYsardine,0,1
0.2570712197189209,0.5075616156985119,0.006580823739329833,3,age1SprSardmeanWAA,0,1
0.4239558120454991,0.5463624861709756,0.30154913792002247,3,meanSSBwt,0,1
0.017425912755244244,0.14630802101750073,-0.11145619550701236,3,ZM_NorCal,0,0
0.05973399693502676,0.12668407993258143,-0.007216086062527882,3,ZM_SoCal,0,0
-0.1824108039238323,-0.014661546338335274,-0.35016006150932927,3,sardRec,0,1
-0.03437493311456845,0.32584904963904066,-0.3945989158681776,3,anchBioSmrySeas1,0,0
0.10741191034519246,0.08734367664286802,0.12748014404751684,3,summerSST,0,1
0.08145831551881393,0.42717306617119993,-0.26425643513357217,3,avgOffTransspring,0,0
0.3110900389494614,0.466548447163948,0.15563163073497488,3,avgOffTranssummer,0,1
-0.021879642363499794,0.3591046511926277,-0.40286393591962727,3,sprRelOffTrans,0,0
-0.3234486700267704,-0.11440913844453296,-0.5324882016090079,3,sumRelOffTrans,0,1
0.13995624152925923,0.17787499394527917,0.10203748911323934,3,meanK,0,1
-0.06011670128405261,0.13771976497975172,-0.25795316754785697,3,OC_LUSI_39N,0,0
-0.6064932106675608,-0.3319472257809103,-0.8810391955542113,3,sardSpawnHab,0,1
-0.16037592354862232,0.016308035851793717,-0.3370598829490383,3,sardNurseHab,0,0
-0.015414080787975543,0.05116258505015908,-0.08199074662611007,3,springSST,0,0
-0.2750570150573458,-0.16748762395880157,-0.38262640615589,3,randTest,0,1
-0.5910586117019908,-0.341368596708154,-0.8407486266958277,1,NCOPspring,0,1
-0.49925638450535675,-0.23689629200790802,-0.7616164770028054,1,NCOPsummerlag1,0,1
-0.15398469786916036,0.3735151781345879,-0.6814845738729085,1,BEUTI_33N,0,0
-0.5114266504608099,-0.12597865273183917,-0.8968746481897806,1,BEUTI_39N,0,1
-0.3053439211661896,0.10966017538139151,-0.7203480177137705,1,CUTI_33N,0,0
-0.5251750313107466,-0.16764083122989462,-0.8827092313915986,1,CUTI_39N,0,1
-0.26701403765612264,0.37912142748410826,-0.9131495027963537,1,OC_LUSI_33N,0,0
0.22629319644454912,0.7357620168034489,-0.28317562391435064,1,OC_STI_33N,0,0
0.15878015269208007,0.5386751889206077,-0.22111488353644748,1,RREAS_Myctophids,0,0
0.37742944398428346,0.9260072818632892,-0.17114839389472225,1,RREAS_YOYsardine,0,0
-0.10306618945576229,0.4843005288337346,-0.6904329077452591,1,age1SprSardmeanWAA,0,0
0.10974553912283888,0.8470647093941477,-0.6275736311484698,1,meanSSBwt,0,0
-0.707483510827987,-0.18038929504417545,-1.2345777266117985,1,ZM_NorCal,0,1
-0.5812352559304989,-0.1790753620726257,-0.983395149788372,1,ZM_SoCal,0,1
0.3170126352600301,0.6776973857929001,-0.043672115272839915,1,sardRec,0,0
-0.01021087111038485,0.34051399864898935,-0.3609357408697591,1,anchBioSmrySeas1,0,0
0.5398143450663798,1.0725345771223223,0.007094113010437303,1,summerSST,0,1
0.19541869628831182,0.6588388471541977,-0.26800145457757407,1,avgOffTransspring,0,0
-0.14800735677580484,0.39639569490151744,-0.6924104084531271,1,avgOffTranssummer,0,0
-0.15908931391160389,0.2802312342630945,-0.5984098620863023,1,sprRelOffTrans,0,0
-0.2682134010930151,0.49539230373238624,-1.0318191059184165,1,sumRelOffTrans,0,0
0.2601855142728452,0.7357519826781117,-0.2153809541324213,1,meanK,0,0
-0.38522513676496223,0.034061761123360845,-0.8045120346532855,1,OC_LUSI_39N,0,0
0.07187773361261782,0.8344570828513145,-0.6907016156260788,1,sardSpawnHab,0,0
0.5978999920205581,0.9990679488426814,0.1967320351984348,1,sardNurseHab,0,1
0.7332690266177644,1.2477654187548115,0.21877263448071732,1,springSST,0,1
-0.2768860562763824,0.2652170844203369,-0.8189891969731018,1,randTest,0,0
0.21427061842010475,0.1237529728485523,0.3047882639916572,2,NCOPspring,0,1
0.09160968758443873,0.146625011777733,0.036594363391144386,2,NCOPsummerlag1,0,1
0.24539242187366156,0.6223520486121396,-0.13156720486481638,2,BEUTI_33N,0,0
0.2049864659113058,0.45446950967100586,-0.04449657784839428,2,BEUTI_39N,0,0
0.1615078494671143,0.5436766776354286,-0.22066097870120005,2,CUTI_33N,0,0
0.10883147191147119,0.46365355929195,-0.24599061546900755,2,CUTI_39N,0,0
0.11665222321799881,1.04728182606216,-0.8139773796261622,2,OC_LUSI_33N,0,0
-0.09295650033173826,0.6023150866555689,-0.7882280873190455,2,OC_STI_33N,0,0
-0.10627291355061534,0.4010259065077332,-0.6135717336089639,2,RREAS_Myctophids,0,0
-0.03831730072632111,0.8502796759413942,-0.9269142773940363,2,RREAS_YOYsardine,0,0
-4.324051395326184e-4,0.5838503987488167,-0.584715209027882,2,age1SprSardmeanWAA,0,0
0.03859498572855194,1.1161389146202212,-1.0389489431631171,2,meanSSBwt,0,0
0.17487782526749795,0.8565721382389103,-0.5068164877039144,2,ZM_NorCal,0,0
0.03555781094831091,0.5774299568047082,-0.5063143349080864,2,ZM_SoCal,0,0
-0.2143612528510552,-0.03145583786275816,-0.39726666783935227,2,sardRec,0,1
0.1651015062200694,0.4931447096292946,-0.16294169718915574,2,anchBioSmrySeas1,0,0
-0.04304351693602715,0.8510923200362319,-0.9371793539082861,2,summerSST,0,0
-0.1806617532266519,0.23909926125467856,-0.6004227677079824,2,avgOffTransspring,0,0
0.021346530691449525,0.7572362204404626,-0.7145431590575635,2,avgOffTranssummer,0,0
0.20548722851940315,0.5041869486132079,-0.09321249157440155,2,sprRelOffTrans,0,0
0.1094631974764316,1.2650133913063404,-1.0460869963534773,2,sumRelOffTrans,0,0
0.08875301647323865,0.6960978760628342,-0.5185918431163571,2,meanK,0,0
0.14651680544386997,0.605977828519635,-0.31294421763189506,2,OC_LUSI_39N,0,0
0.022321083931868102,1.0625118140972591,-1.0178696462335228,2,sardSpawnHab,0,0
-0.12259552623283865,0.162584397140779,-0.4077754496064563,2,sardNurseHab,0,0
-0.1381476732923173,0.5772852306660456,-0.8535805772506803,2,springSST,0,0
0.09853464480390228,0.8686667137132826,-0.6715974241054782,2,randTest,0,0
0.23338658000792253,0.13479348364183807,0.33197967637400705,3,NCOPspring,0,1
0.23722782745233464,0.06629489314149772,0.4081607617631715,3,NCOPsummerlag1,0,1
-0.12501564597864445,0.20653565869625312,-0.4565669506535419,3,BEUTI_33N,0,0
0.0811501530136952,0.1557864533051058,0.006513852722284663,3,BEUTI_39N,0,1
-0.07354201084405082,0.024008468979095726,-0.17109249066719728,3,CUTI_33N,0,0
0.038904046987432245,-0.04953400933094521,0.12734210330580964,3,CUTI_39N,0,0
-0.36192502775923074,-0.38042809729813276,-0.3434219582203288,3,OC_LUSI_33N,0,1
0.2600710835874694,0.2407395357361945,0.2794026314387442,3,OC_STI_33N,0,1
-0.31105081356636943,-0.47184651685899026,-0.15025511027374874,3,RREAS_Myctophids,0,1
0.2910498164500004,0.06807061825379468,0.514029014646206,3,RREAS_YOYsardine,0,1
0.3383555195095428,0.3003358769131063,0.37637516210597916,3,age1SprSardmeanWAA,0,1
0.49617587203430275,0.2316826691493198,0.7606690749192856,3,meanSSBwt,0,1
-0.059661043604553515,-0.17787531072588217,0.058553223516775166,3,ZM_NorCal,0,0
-0.012028420517055133,-0.22070923901313613,0.19665239797902595,3,ZM_SoCal,0,0
-0.07484214482139324,0.0887197496797151,-0.23840403932250157,3,sardRec,0,0
0.06815664622152505,0.11648695617243046,0.019826336270619638,3,anchBioSmrySeas1,0,1
0.22535999315524097,-0.0685062969536383,0.5192262832641202,3,summerSST,0,0
0.1358768885904747,0.3272211082621473,-0.055467331081197835,3,avgOffTransspring,0,0
0.4304998989390207,0.3790565592163462,0.4819432386616952,3,avgOffTranssummer,0,1
-0.08120947797282829,0.17682278246247904,-0.33924173840813554,3,sprRelOffTrans,0,0
-0.4730268836936443,-0.5299193985370141,-0.41613436885027455,3,sumRelOffTrans,0,1
0.16205364323953794,-0.06981078781591221,0.39391807429498804,3,meanK,0,0
-0.07914135961194807,-0.05771977933067271,-0.10056293989322335,3,OC_LUSI_39N,0,1
-0.5564007386004015,-0.6026543780980694,-0.5101470991027336,3,sardSpawnHab,0,1
-0.10991864892470779,-0.18047883281304905,-0.03935846503636649,3,sardNurseHab,0,1
0.062290934239039,-0.13461952866291949,0.2592013971409974,3,springSST,0,0
-0.2770244787559879,-0.32026500652868173,-0.23378395098329413,3,randTest,0,1
0.577516633094103,0.82265737230158,0.3323758938866258,1,NCOPspring,0,1
0.48188900719695676,0.7057241987655597,0.25805381562835394,1,NCOPsummerlag1,0,1
0.16696938180855342,0.15841050361702777,0.17552826000007907,1,BEUTI_33N,0,1
0.5076548718542644,0.5411552956794908,0.47415444802903794,1,BEUTI_39N,0,1
0.30282137261586284,0.34880656667540877,0.2568361785563168,1,CUTI_33N,0,1
0.5122911318125002,0.5777324841493722,0.4468497794756283,1,CUTI_39N,0,1
0.3273217329831357,0.2558836122074909,0.39875985375878065,1,OC_LUSI_33N,0,1
-0.265837994692652,-0.30128940359009393,-0.23038658579521004,1,OC_STI_33N,0,1
-0.1489990538960764,-0.06693362612890344,-0.23106448166324933,1,RREAS_Myctophids,0,1
-0.40097275652524034,-0.4156539767464766,-0.386291536304004,1,RREAS_YOYsardine,0,1
0.04677871356924994,0.10618939001696676,-0.012631962878466851,1,age1SprSardmeanWAA,0,0
-0.16609290790521883,-0.13697457562818705,-0.1952112401822506,1,meanSSBwt,0,1
0.6915121191066789,0.7278725407122761,0.6551516975010817,1,ZM_NorCal,0,1
0.551118783195384,0.6404279951612001,0.4618095712295678,1,ZM_SoCal,0,1
-0.3049960305546413,-0.23612650029985194,-0.37386556080943073,1,sardRec,0,1
0.055961293371209274,0.03490605321790219,0.07701653352451636,1,anchBioSmrySeas1,0,1
-0.536258003439257,-0.5117174387025114,-0.5607985681760025,1,summerSST,0,1
-0.22524550562862844,-0.2651395530278915,-0.1853514582293654,1,avgOffTransspring,0,1
0.14357317970711425,0.17614408768988868,0.11100227172433987,1,avgOffTranssummer,0,1
0.18429598062148117,0.162495273682988,0.20609668755997432,1,sprRelOffTrans,0,1
0.2875403967649791,0.23841308336438777,0.33666771016557046,1,sumRelOffTrans,0,1
-0.24845536596226642,-0.1345581697891324,-0.36235256213540035,1,meanK,0,1
0.39702388979393854,0.4020229363560315,0.3920248432318456,1,OC_LUSI_39N,0,1
-0.07336247210294974,-0.10444406161158577,-0.042280882594313673,1,sardSpawnHab,0,1
-0.5917894711831592,-0.47412572571583206,-0.7094532166504861,1,sardNurseHab,0,1
-0.7196991244516389,-0.6837350110147934,-0.7556632378884844,1,springSST,0,1
0.018547436367436068,-9.901786539228963e-4,0.03808505138879509,1,randTest,0,0
0.21100849904701993,0.30057610017101755,0.12144089792302232,2,NCOPspring,0,1
0.07560505238915792,0.32615475897037227,-0.17494465419205646,2,NCOPsummerlag1,0,0
0.25597461829657747,0.674682583959097,-0.16273334736594197,2,BEUTI_33N,0,0
0.23301740478752397,0.6659688584406929,-0.19993404886564498,2,BEUTI_39N,0,0
0.14911150895363845,0.4700866996185068,-0.17186368171122987,2,CUTI_33N,0,0
0.1280453093648421,0.5777886721731483,-0.3216980534434642,2,CUTI_39N,0,0
0.18795223171050368,1.0987675968882997,-0.7228631334672925,2,OC_LUSI_33N,0,0
-0.1431312431236557,0.5439940427876452,-0.8302565290349565,2,OC_STI_33N,0,0
-0.11289575774016275,0.2701797425502196,-0.4959712580305451,2,RREAS_Myctophids,0,0
-0.09631487531003069,0.7902895897740698,-0.9829193403941311,2,RREAS_YOYsardine,0,0
-0.0767049702091426,0.6359636732141951,-0.7893736136324803,2,age1SprSardmeanWAA,0,0
-0.04834883648514118,0.9888320053067292,-1.0855296782770114,2,meanSSBwt,0,0
0.19166219308159765,0.8492158109974575,-0.4658914248342622,2,ZM_NorCal,0,0
0.023850565646207744,0.5774762944738416,-0.5297751631814261,2,ZM_SoCal,0,0
-0.1917673452612819,0.13636013258769739,-0.5198948231102611,2,sardRec,0,0
0.23169331853457045,0.6527613426681529,-0.18937470559901204,2,anchBioSmrySeas1,0,0
-0.07761287574918851,0.7202858974547264,-0.8755116489531034,2,summerSST,0,0
-0.22369702365768676,0.28308496491611806,-0.7304790122314915,2,avgOffTransspring,0,0
0.008441026293148801,0.46210222047380334,-0.4452201678875058,2,avgOffTranssummer,0,0
0.23513299409219027,0.6476929549882862,-0.17742696680390557,2,sprRelOffTrans,0,0
0.1451088143229374,0.9651955767438435,-0.6749779480979688,2,sumRelOffTrans,0,0
0.07156139256642369,0.7773945889101869,-0.6342718037773395,2,meanK,0,0
0.1694147115405134,0.6702591419664203,-0.3314297188853935,2,OC_LUSI_39N,0,0
0.07329209135509326,1.117878187069476,-0.9712940043592895,2,sardSpawnHab,0,0
-0.13184351003119915,0.32364116676368193,-0.5873281868260802,2,sardNurseHab,0,0
-0.16601555828515122,0.5769105944155317,-0.9089417109858341,2,springSST,0,0
-0.13890256152864405,0.31097452529461556,-0.5887796483519037,2,randTest,0,0
0.21078988703405013,0.3002646930636936,0.12131508100440663,3,NCOPspring,0,1
0.24340195313188534,0.21168271924004134,0.27512118702372934,3,NCOPsummerlag1,0,1
-0.032294126756192545,0.2295170315835275,-0.2941052850959126,3,BEUTI_33N,0,0
0.013959375594097198,0.21735831728578792,-0.1894395660975935,3,BEUTI_39N,0,0
0.006094676328742318,0.15161898746704625,-0.13942963480956166,3,CUTI_33N,0,0
-0.005344949157315343,0.07186994907706779,-0.08255984739169853,3,CUTI_39N,0,0
-0.39122019807416214,-0.1651179764955661,-0.6173224196527584,3,OC_LUSI_33N,0,1
0.27758347302304476,0.4499412533776712,0.10522569266841836,3,OC_STI_33N,0,1
-0.20080401733655778,-0.1970009858127006,-0.20460704886041495,3,RREAS_Myctophids,0,1
0.34140410248860587,0.41289056906937915,0.26991763590783263,3,RREAS_YOYsardine,0,1
0.3564850189808477,0.567120463814439,0.14584957414725647,3,age1SprSardmeanWAA,0,1
0.49135301571296264,0.603378186349379,0.37932784507654627,3,meanSSBwt,0,1
-0.0689407483409728,0.03926883065597074,-0.1771503273379163,3,ZM_NorCal,0,0
-0.03366787097461066,-0.07070865453968322,0.0033729125904619073,3,ZM_SoCal,0,0
-0.13708797876143747,-0.04496803921808709,-0.2292079183047878,3,sardRec,0,1
-0.08886760054814151,0.18485677507695703,-0.36259197617324,3,anchBioSmrySeas1,0,0
0.22826059991288689,0.22993257648991622,0.22658862333585764,3,summerSST,0,1
0.16546211704323505,0.45275171303066936,-0.12182747894419926,3,avgOffTransspring,0,0
0.27454083306505295,0.37383073453386617,0.17525093159623975,3,avgOffTranssummer,0,1
-0.0868524431578234,0.1970305223550235,-0.3707354086706703,3,sprRelOffTrans,0,0
-0.3509974145472227,-0.17712370588813445,-0.5248711232063109,3,sumRelOffTrans,0,1
0.2344830851427304,0.18363031850168382,0.2853358517837769,3,meanK,0,1
-0.1002536623735686,0.05899556552834212,-0.25950289027547935,3,OC_LUSI_39N,0,0
-0.6035431152113164,-0.37901422783338956,-0.8280720025892433,3,sardSpawnHab,0,1
-0.06018431961018622,0.03137380694397213,-0.15174244616434457,3,sardNurseHab,0,0
0.11369975080331737,0.1817253441097631,0.04567415749687164,3,springSST,0,1
0.2202691182807876,0.46835057688398685,-0.02781234032241167,3,randTest,0,0
-0.5793335749788495,-0.3342281700631734,-0.8244389798945256,1,NCOPspring,0,1
-0.48289972994635305,-0.22794652319510492,-0.7378529366976012,1,NCOPsummerlag1,0,1
-0.15694431742877502,0.42190089859217383,-0.7357895334497239,1,BEUTI_33N,0,0
-0.5129995261930815,-0.04423186245390354,-0.9817671899322595,1,BEUTI_39N,0,1
-0.3027162929412116,0.10348096206080479,-0.7089135479432278,1,CUTI_33N,0,0
-0.5312671101814718,-0.08643506635255971,-0.9760991540103837,1,CUTI_39N,0,1
-0.3147971837842175,0.5024946653859107,-1.1320890329543456,1,OC_LUSI_33N,0,0
0.2606439853683564,0.9107222468804697,-0.38943427614375675,1,OC_STI_33N,0,0
0.15632934276072807,0.4747175541205718,-0.16205886859911559,1,RREAS_Myctophids,0,0
0.3945262455922246,1.0273249695631834,-0.2382724783787343,1,RREAS_YOYsardine,0,0
-0.05566926601383827,0.4833001418886368,-0.5946386739163134,1,age1SprSardmeanWAA,0,0
0.16045950811178725,0.924090043518459,-0.6031710272948846,1,meanSSBwt,0,0
-0.7038373279162022,-0.13066369921932436,-1.27701095661308,1,ZM_NorCal,0,1
-0.5738381313969166,-0.16613040017542235,-0.9815458626184109,1,ZM_SoCal,0,1
0.3071416767625909,0.6750101032282045,-0.06072674970302272,1,sardRec,0,0
-0.02950265723739167,0.35592014608622913,-0.4149254605610124,1,anchBioSmrySeas1,0,0
0.5458401235782895,1.1337695102620464,-0.04208926310546741,1,summerSST,0,0
0.20551030733098108,0.7255781803893535,-0.31455756572739124,1,avgOffTransspring,0,0
-0.15125232603801214,0.3280721511793875,-0.6305768032554118,1,avgOffTranssummer,0,0
-0.17297352411620176,0.35894496104631674,-0.7048920092787203,1,sprRelOffTrans,0,0
-0.28708991366697506,0.5461778782267666,-1.1203577055607168,1,sumRelOffTrans,0,0
0.28074916921325244,0.7548057831551831,-0.1933074447286783,1,meanK,0,0
-0.3882524353018329,0.05776765404788815,-0.8342725246515539,1,OC_LUSI_39N,0,0
0.0449917547227448,0.8141124913798384,-0.7241289819343487,1,sardSpawnHab,0,0
0.5945134528548195,1.0198790803738755,0.1691478253357636,1,sardNurseHab,0,1
0.7296256536564116,1.301366602415694,0.15788470489712939,1,springSST,0,1
-0.0069731252608925265,0.5593814663392669,-0.5733277168610519,1,randTest,0,0
0.20797331462690533,0.1199836214779385,0.29596300777587214,2,NCOPspring,0,1
0.0821864293523466,0.14857920339718236,0.015793655307510923,2,NCOPsummerlag1,0,1
0.25836674481718697,0.675988722962396,-0.15925523332802194,2,BEUTI_33N,0,0
0.2172327944479499,0.6381003902815873,-0.20363480138568754,2,BEUTI_39N,0,0
0.16221037745115305,0.5110241420021958,-0.1866033870998897,2,CUTI_33N,0,0
0.12578483776326427,0.7015875529873987,-0.45001787746087,2,CUTI_39N,0,0
0.1574940025716873,1.3656086937667289,-1.0506206886233542,2,OC_LUSI_33N,0,0
-0.12511833661417676,0.8079708238433365,-1.0582074970716897,2,OC_STI_33N,0,0
-0.1063967754494944,0.26801078142976764,-0.48080433232875636,2,RREAS_Myctophids,0,0
-0.06361317621727802,0.9892763741135487,-1.1165027265481051,2,RREAS_YOYsardine,0,0
-0.01757256532637498,0.47913916573367293,-0.5142842963864229,2,age1SprSardmeanWAA,0,0
0.004261698363856009,1.154281580239282,-1.1457581835115698,2,meanSSBwt,0,0
0.18644499018166175,0.9665002200196728,-0.5936102396563493,2,ZM_NorCal,0,0
0.03872914687875119,0.6326752548869048,-0.5552169611294024,2,ZM_SoCal,0,0
-0.21045351282486663,-0.03169455105823299,-0.3892124745915003,2,sardRec,0,1
0.17952712272039226,0.4315993585563268,-0.07254511311554226,2,anchBioSmrySeas1,0,0
-0.06178660683034662,0.9617896827284467,-1.0853628963891402,2,summerSST,0,0
-0.19530245065692764,0.29882264180458934,-0.6894275431184446,2,avgOffTransspring,0,0
0.012817926038558261,0.6216281055927707,-0.5959922535156541,2,avgOffTranssummer,0,0
0.22354696103360225,0.6536611128240176,-0.206567190756813,2,sprRelOffTrans,0,0
0.1393891202164918,1.396050524546115,-1.117272284113131,2,sumRelOffTrans,0,0
0.08161053034567078,0.7156177561222612,-0.5523966954309196,2,meanK,0,0
0.15355522191075877,0.6606542082556289,-0.3535437644341115,2,OC_LUSI_39N,0,0
0.04782954548361573,1.0880703026729028,-0.9924112117056714,2,sardSpawnHab,0,0
-0.1250151283106457,0.2506005586417537,-0.5006308152630451,2,sardNurseHab,0,0
-0.1495573802734174,0.7057725512484647,-1.0048873117952994,2,springSST,0,0
0.06016999480084592,0.8141384235794898,-0.6937984339777981,2,randTest,0,0
0.2649177994620161,0.15283593969948134,0.3769996592245509,3,NCOPspring,0,1
0.25783449242535067,0.07713548872445512,0.43853349612624626,3,NCOPsummerlag1,0,1
-0.1391657161416885,0.20511034240848475,-0.4834417746918618,3,BEUTI_33N,0,0
0.017598917917414886,0.0994750392193374,-0.06427720338450765,3,BEUTI_39N,0,0
-0.039888321450661596,0.05775318661727988,-0.13752982951860304,3,CUTI_33N,0,0
-0.04741513899094216,-0.1520295551480742,0.057199277166190055,3,CUTI_39N,0,0
-0.46815223205825407,-0.4732039651781504,-0.4631004989383577,3,OC_LUSI_33N,0,1
0.3538439657915449,0.3450489099956008,0.36263902158748895,3,OC_STI_33N,0,1
-0.24431727672591835,-0.3620452778303612,-0.12658927562147543,3,RREAS_Myctophids,0,1
0.34827855740334784,0.13832624300599583,0.5582308718007,3,RREAS_YOYsardine,0,1
0.27889668130365963,0.24581543927006033,0.31197792333725904,3,age1SprSardmeanWAA,0,1
0.5074975022548657,0.2598496991678171,0.7551453053419145,3,meanSSBwt,0,1
-0.07339596652009328,-0.1817197892317791,0.034927856191592555,3,ZM_NorCal,0,0
-0.015470035406807664,-0.23576338324575105,0.20482331243213575,3,ZM_SoCal,0,0
-0.09401041680411952,0.06391457646885015,-0.2519354100770892,3,sardRec,0,0
0.006673217751106228,0.18101911170104434,-0.16767267619883186,3,anchBioSmrySeas1,0,0
0.26167246837128255,-0.022473105207454158,0.5458180419500193,3,summerSST,0,0
0.15979290971901816,0.3606029070877416,-0.0410170876497053,3,avgOffTransspring,0,0
0.3781275947124586,0.3462386511755454,0.4100165382493718,3,avgOffTranssummer,0,1
-0.14061709766539826,0.1337031207487991,-0.4149373160795957,3,sprRelOffTrans,0,0
-0.5044781446359659,-0.5365316855653901,-0.4724246037065416,3,sumRelOffTrans,0,1
0.15519454634178126,-0.0770591045499715,0.387448197233534,3,meanK,0,0
-0.08110233296516227,-0.056419819345698285,-0.10578484658462628,3,OC_LUSI_39N,0,1
-0.5515860836198374,-0.5794249125177904,-0.5237472547218842,3,sardSpawnHab,0,1
-0.08834557210629665,-0.18430450804143395,0.007613363828840702,3,sardNurseHab,0,0
0.0965492247693096,-0.09874035962635108,0.29183880916497024,3,springSST,0,0
-0.38032194036936606,-0.3661648153256604,-0.3944790654130717,3,randTest,0,1
0.5889054788912035,0.839334017789205,0.338476939993202,1,NCOPspring,0,1
0.4967960462912305,0.7229890730043604,0.27060301957810057,1,NCOPsummerlag1,0,1
0.14395362735429984,0.0991958904611846,0.18871136424741503,1,BEUTI_33N,0,1
0.507391832308683,0.5589860544078115,0.4557976102095545,1,BEUTI_39N,0,1
0.30452854653174233,0.3097317736157594,0.2993253194477253,1,CUTI_33N,0,1
0.5202320110215833,0.600785735547267,0.4396782864958997,1,CUTI_39N,0,1
0.2983665572676123,0.1885900763642232,0.40814303817100134,1,OC_LUSI_33N,0,1
-0.245460622595141,-0.3084783497180857,-0.1824428954721964,1,OC_STI_33N,0,1
-0.15405368615726805,-0.09386984409379354,-0.21423752822074263,1,RREAS_Myctophids,0,1
-0.38943014179860713,-0.41426634633307635,-0.36459393726413786,1,RREAS_YOYsardine,0,1
0.09319077246397245,0.14785018661036242,0.03853135831758259,1,age1SprSardmeanWAA,0,1
-0.12524776805407173,-0.12502051354182458,-0.12547502256631882,1,meanSSBwt,0,1
0.7047320635258234,0.72471481779052,0.684749309261127,1,ZM_NorCal,0,1
0.5800654095177572,0.6611975858796845,0.4989332331558299,1,ZM_SoCal,0,1
-0.306215273052149,-0.26781285195346993,-0.344617694150828,1,sardRec,0,1
0.028295131733853226,0.029302824681331358,0.027287438786375087,1,anchBioSmrySeas1,0,1
-0.5392032284217843,-0.5250291411919739,-0.5533773156515946,1,summerSST,0,1
-0.20465095107919262,-0.25962322893858475,-0.1496786732198005,1,avgOffTransspring,0,1
0.162537524951922,0.1618754138453992,0.16319963605844484,1,avgOffTranssummer,0,1
0.1667804798784542,0.12348843375971019,0.21007252599719833,1,sprRelOffTrans,0,1
0.26813729194476227,0.16676090184982395,0.36951368203970064,1,sumRelOffTrans,0,1
-0.26018130280771296,-0.16077516103420936,-0.3595874445812166,1,meanK,0,1
0.39382674900044135,0.3799665750412958,0.40768692295958686,1,OC_LUSI_39N,0,1
-0.0783871219402201,-0.14315975919564997,-0.013614484684790096,1,sardSpawnHab,0,1
-0.5976319555477916,-0.4831314860411497,-0.7121324250544334,1,sardNurseHab,0,1
-0.7317340706959017,-0.698188899880859,-0.7652792415109442,1,springSST,0,1
-0.006928336957638936,0.04013526829080909,-0.053991942206086954,1,randTest,0,0
0.20432352701021927,0.29121088697840286,0.11743616704203565,2,NCOPspring,0,1
0.07827421217314683,0.3196017792534189,-0.16305335490712528,2,NCOPsummerlag1,0,0
0.24872994205393031,0.6770344825864695,-0.17957459847860874,2,BEUTI_33N,0,0
0.2068038064765335,0.5795570963291202,-0.1659494833760532,2,BEUTI_39N,0,0
0.1662252776833372,0.5719455617146012,-0.2394950063479268,2,CUTI_33N,0,0
0.11236770666381762,0.5304169178039343,-0.30568150447629894,2,CUTI_39N,0,0
0.16809905772431902,1.1923452568637314,-0.8561471414150934,2,OC_LUSI_33N,0,0
-0.1292181476299143,0.6441816908080005,-0.9026179860678293,2,OC_STI_33N,0,0
-0.08727498342540625,0.4261181393467075,-0.6006681061975199,2,RREAS_Myctophids,0,0
-0.07488761866234914,0.8537475663200581,-1.0035228036447563,2,RREAS_YOYsardine,0,0
-0.042689106743746055,0.6917113125417329,-0.7770895260292251,2,age1SprSardmeanWAA,0,0
-0.02871250745864304,1.1563926475510669,-1.213817662468353,2,meanSSBwt,0,0
0.1931827182140075,0.9099871498406201,-0.523621713412605,2,ZM_NorCal,0,0
0.045603388354969826,0.6459337417187077,-0.5547269650087681,2,ZM_SoCal,0,0
-0.20440147070594097,0.1258868366564981,-0.53468977806838,2,sardRec,0,0
0.17587382709502533,0.5534305134091505,-0.20168285921909995,2,anchBioSmrySeas1,0,0
-0.06976077645125392,0.7969692058867723,-0.9364907587892801,2,summerSST,0,0
-0.19935706166429346,0.30565015370507176,-0.7043642770336587,2,avgOffTransspring,0,0
0.0034510901260659532,0.5994690108080751,-0.5925668305559432,2,avgOffTranssummer,0,0
0.2178980836859434,0.6339597680178042,-0.19816360064591731,2,sprRelOffTrans,0,0
0.1452155212803873,1.1659579680914272,-0.8755269255306526,2,sumRelOffTrans,0,0
0.05888697701662679,0.8483788136113082,-0.7306048595780545,2,meanK,0,0
0.16375144694926672,0.7140973793172708,-0.3865944854187373,2,OC_LUSI_39N,0,0
0.06281699800293927,1.160437245690207,-1.0348032496843285,2,sardSpawnHab,0,0
-0.12873384350217346,0.3439644347499756,-0.6014321217543227,2,sardNurseHab,0,0
-0.15654263895029988,0.6188030530129733,-0.9318883309135733,2,springSST,0,0
-0.046993614051253615,0.19527453450416435,-0.2892617626066716,2,randTest,0,0
0.22233122167728417,0.316876246289521,0.12778619706504732,3,NCOPspring,0,1
0.24010236423292836,0.2345546116812947,0.24565011678456194,3,NCOPsummerlag1,0,1
-0.06724723872309168,0.31309488389394824,-0.4475893613401316,3,BEUTI_33N,0,0
0.07683255193376726,0.2912045970314109,-0.13753949316387643,3,BEUTI_39N,0,0
-0.044253870811065216,0.178408649267442,-0.2669163908895724,3,CUTI_33N,0,0
0.049671148784714375,0.13581811228299254,-0.03647581471356376,3,CUTI_39N,0,0
-0.3899233413730971,-0.14449960257423416,-0.6353470801719601,3,OC_LUSI_33N,0,1
0.27879408055463967,0.46933536624833694,0.08825279486094245,3,OC_STI_33N,0,1
-0.2725305646066627,-0.2537672695835714,-0.29129385962975396,3,RREAS_Myctophids,0,1
0.2978818588782332,0.35065815980238335,0.245105557954083,3,RREAS_YOYsardine,0,1
0.34289431951866606,0.5668848473582728,0.11890379167905912,3,age1SprSardmeanWAA,0,1
0.5092764401027904,0.6310723570924066,0.38748052311317416,3,meanSSBwt,0,1
-0.050741386326906085,0.0838159136747887,-0.18529868632860097,3,ZM_NorCal,0,0
-0.016723000850222575,-0.03334213243613239,-1.0386926431271704e-4,3,ZM_SoCal,0,1
-0.10366885495464848,0.08815361668495497,-0.295491326594252,3,sardRec,0,0
0.003302376018849515,0.21119487445090002,-0.20459012241320101,3,anchBioSmrySeas1,0,0
0.2012987672434293,0.19225890072876722,0.2103386337580912,3,summerSST,0,1
0.14182603939410562,0.4587323677641425,-0.17508028897593128,3,avgOffTransspring,0,0
0.33247845506716833,0.4707424114145933,0.19421449871974342,3,avgOffTranssummer,0,1
-0.08748352857388382,0.2580338042736695,-0.4330008614214371,3,sprRelOffTrans,0,0
-0.39929387766617647,-0.18099041505682892,-0.617597340275524,3,sumRelOffTrans,0,1
0.2320431698666608,0.18954729217699884,0.27453904755632275,3,meanK,0,1
-0.09586875855441498,0.09218050202303738,-0.2839180191318673,3,OC_LUSI_39N,0,0
-0.5574020701360822,-0.3126815825469558,-0.8021225577252088,3,sardSpawnHab,0,1
-0.06905669464167419,0.046202607108065175,-0.1843159963914135,3,sardNurseHab,0,0
0.06976704482773755,0.13882311367861622,7.109759768589158e-4,3,springSST,0,1
0.054916751148055845,0.18728105088243346,-0.0774475485863218,3,randTest,0,0
0.5865488064268816,0.837939148530229,0.33515846432353397,1,NCOPspring,0,1
0.49325375910077995,0.7552281957299052,0.23127932247165475,1,NCOPsummerlag1,0,1
0.14397373622521817,0.5538497469587648,-0.2659022745083285,1,BEUTI_33N,0,0
0.5108207696734395,0.8537022783973653,0.16793926094951372,1,BEUTI_39N,0,1
0.3117844241808768,0.6898857812952025,-0.06631693293344887,1,CUTI_33N,0,0
0.5242953173062339,0.8492367000874665,0.1993539345250011,1,CUTI_39N,0,1
0.294651376737346,0.9352258702216127,-0.34592311674692094,1,OC_LUSI_33N,0,0
-0.24612605721985711,0.2670305995900871,-0.7592827140298013,1,OC_STI_33N,0,0
-0.1655764130797176,0.1498503609373569,-0.48100318709679213,1,RREAS_Myctophids,0,0
-0.3820669846476603,0.11627567182215243,-0.8804096411174729,1,RREAS_YOYsardine,0,0
0.097502477207066,0.6080128658463927,-0.4130079114322607,1,age1SprSardmeanWAA,0,0
-0.11523265357996748,0.5657826646308304,-0.7962479717907653,1,meanSSBwt,0,0
0.7066994190568376,1.183586110517379,0.2298127275962965,1,ZM_NorCal,0,1
0.5859950082678872,0.9672946009915794,0.20469541554419501,1,ZM_SoCal,0,1
-0.31738320443778456,0.006210506586695613,-0.6409769154622648,1,sardRec,0,0
0.02649260993196994,0.32252118775754823,-0.2695359678936084,1,anchBioSmrySeas1,0,0
-0.5355533317279488,-0.0639049375223649,-1.0072017259335329,1,summerSST,0,1
-0.20307611682309284,0.20126296416750883,-0.6074151978136946,1,avgOffTransspring,0,0
0.17555947272642164,0.5476111861103183,-0.1964922406574751,1,avgOffTranssummer,0,0
0.16645406509154578,0.5458886177703434,-0.2129804875872518,1,sprRelOffTrans,0,0
0.2589870889168922,0.8613647125794288,-0.34339053474564446,1,sumRelOffTrans,0,0
-0.2514855799781639,0.23430304277963762,-0.7372742027359656,1,meanK,0,0
0.39427624225657193,0.7932783671890122,-0.00472588267586832,1,OC_LUSI_39N,0,0
-0.07131768751154902,0.5831401844636633,-0.7257755594867614,1,sardSpawnHab,0,0
-0.5974384032203102,-0.209442874515054,-0.9854339319255664,1,sardNurseHab,0,1
-0.7316661334930665,-0.25906876778788995,-1.2042634991982433,1,springSST,0,1
-0.05412293738759305,0.3760644049935883,-0.4843102797687744,1,randTest,0,0
-0.20621199150133565,-0.29459287732246403,-0.11783110568020724,2,NCOPspring,0,1
-0.0817906568429142,-0.01698392213130523,-0.14659739155452317,2,NCOPsummerlag1,0,1
-0.24454292167916164,0.07342973372370482,-0.562515577082028,2,BEUTI_33N,0,0
-0.20320974207923317,0.017345511060363694,-0.42376499521883,2,BEUTI_39N,0,0
-0.16915799949755822,0.16856097288785066,-0.5068769718829671,2,CUTI_33N,0,0
-0.1096417441969111,0.15780242814370668,-0.377085916537529,2,CUTI_39N,0,0
-0.14813853335377214,0.677240360754712,-0.9735174274622563,2,OC_LUSI_33N,0,0
0.11696000941996426,0.7535279516018251,-0.5196079327618965,2,OC_STI_33N,0,0
0.10103717698151067,0.4397435935108569,-0.2376692395478356,2,RREAS_Myctophids,0,0
0.05288202121234231,0.7275822347245468,-0.6218181922998622,2,RREAS_YOYsardine,0,0
0.02120722803190113,0.45196844848202544,-0.4095539924182232,2,age1SprSardmeanWAA,0,0
-0.002043486216815271,0.8352738405108718,-0.8393608129445024,2,meanSSBwt,0,0
-0.18332041411942163,0.3327044232096799,-0.6993452514485231,2,ZM_NorCal,0,0
-0.04442748149092812,0.40387830178467643,-0.4927332647665327,2,ZM_SoCal,0,0
0.21441717099314322,0.44011183012417626,-0.011277488137889896,2,sardRec,0,0
-0.16976115820162355,0.10753633507431906,-0.4470586514775662,2,anchBioSmrySeas1,0,0
0.052439020174755296,0.6945890333041406,-0.5897109929546303,2,summerSST,0,0
0.18954425438978315,0.549813105921712,-0.1707245971421456,2,avgOffTransspring,0,0
-0.023030488950375114,0.36963752676220585,-0.4156985046629561,2,avgOffTranssummer,0,0
-0.21176371261288124,0.08349852451386316,-0.5070259497396257,2,sprRelOffTrans,0,0
-0.12168803411058321,0.6593823433196062,-0.9027584115407726,2,sumRelOffTrans,0,0
-0.06796991220432064,0.5280766894039912,-0.6640165138126326,2,meanK,0,0
-0.1566147524194026,0.25358935940355354,-0.5668188642423586,2,OC_LUSI_39N,0,0
-0.04083310996828182,0.741418848333262,-0.8230850682698257,2,sardSpawnHab,0,0
0.12456210791284626,0.41476998153221994,-0.16564576570652748,2,sardNurseHab,0,0
0.1444833898572936,0.6879804302933388,-0.3990136505787515,2,springSST,0,0
0.03149103344032342,0.558877083715814,-0.4958950168351671,2,randTest,0,0
-0.17575627529005627,-0.2510840735701901,-0.10042847700992248,3,NCOPspring,0,1
-0.21425058564942145,-0.40654958000745145,-0.021951591291391445,3,NCOPsummerlag1,0,1
0.0922837528451103,0.27447518503542057,-0.08990767934519994,3,BEUTI_33N,0,0
-0.05541854472884772,-0.022548888736990513,-0.08828820072070499,3,BEUTI_39N,0,1
0.11275705810774633,0.18911873141292465,0.03639538480256807,3,CUTI_33N,0,1
-0.014290839830486665,-0.08974951897299688,0.06116783931202361,3,CUTI_39N,0,0
0.44084982734185507,0.4520002871987191,0.42969936748499094,3,OC_LUSI_33N,0,1
-0.3328667884857407,-0.3316001668989053,-0.33413341007257624,3,OC_STI_33N,0,1
0.25253272196974164,0.1144319323240639,0.3906335116154194,3,RREAS_Myctophids,0,1
-0.30808262589694646,-0.46166525510346546,-0.1544999966904274,3,RREAS_YOYsardine,0,1
-0.29858195582417896,-0.33864625654027003,-0.25851765510808794,3,age1SprSardmeanWAA,0,1
-0.49971131988633105,-0.6793131340512453,-0.32010950572141683,3,meanSSBwt,0,1
0.1027666281045024,0.03560613933149803,0.16992711687750667,3,ZM_NorCal,0,1
0.07886214200929591,-0.1224077264213399,0.2801320104399317,3,ZM_SoCal,0,0
0.03244481610476538,0.10606343128459642,-0.04117379907506563,3,sardRec,0,0
-0.03229039432046063,-0.052453668447813684,-0.012127120193107632,3,anchBioSmrySeas1,0,1
-0.23420684462353109,-0.44090513838710577,-0.027508550859956515,3,summerSST,0,1
-0.15943397345599847,-0.015260228287374611,-0.3036077186246223,3,avgOffTransspring,0,1
-0.303501061039271,-0.340671083467488,-0.266331038611054,3,avgOffTranssummer,0,1
0.10215799060698168,0.26772445602910405,-0.06340847481514064,3,sprRelOffTrans,0,0
0.4222610202415239,0.4105761064616784,0.4339459340213693,3,sumRelOffTrans,0,1
-0.2840639423482276,-0.5594079163295567,-0.008719968366898478,3,meanK,0,1
0.13604954164008576,0.16153525585724843,0.11056382742292314,3,OC_LUSI_39N,0,1
0.530277946582723,0.5025172791693966,0.5580386139960493,3,sardSpawnHab,0,1
0.024877298725246022,-0.06074582989032036,0.11050042734081245,3,sardNurseHab,0,0
-0.10968665404791285,-0.24468270035791778,0.025309392262092056,3,springSST,0,0
-0.32043477454559677,-0.36777169348515704,-0.2730978556060365,3,randTest,0,1
0.5432509416683908,0.7742154169076918,0.3122864664290898,1,NCOPspring,0,1
0.458108979196115,0.6989489983286374,0.21726896006359248,1,NCOPsummerlag1,0,1
0.12741784612007195,0.06402792854152911,0.19080776369861485,1,BEUTI_33N,0,1
0.4764957693962977,0.5226450131274458,0.43034652566514947,1,BEUTI_39N,0,1
0.28628820414556505,0.29420474176167655,0.27837166652945355,1,CUTI_33N,0,1
0.49172642155016255,0.5943392806128632,0.3891135624874619,1,CUTI_39N,0,1
0.3601781669527031,0.28353400079651325,0.43682233310889307,1,OC_LUSI_33N,0,1
-0.2956592676837443,-0.3371095630178941,-0.2542089723495946,1,OC_STI_33N,0,1
-0.12236655797223632,-0.022683331188757292,-0.22204978475571532,1,RREAS_Myctophids,0,1
-0.4246499588153254,-0.38204842815598006,-0.46725148947467066,1,RREAS_YOYsardine,0,1
0.05983966953116446,0.1219897701517127,-0.002310431089383752,1,age1SprSardmeanWAA,0,0
-0.20054629301728313,-0.14669978015951857,-0.25439280587504765,1,meanSSBwt,0,1
0.697717514816919,0.7510910328408071,0.6443439967930311,1,ZM_NorCal,0,1
0.5808489561480589,0.7097454849773069,0.45195242731881086,1,ZM_SoCal,0,1
-0.28405439507081504,-0.2608569958081207,-0.30725179433350946,1,sardRec,0,1
0.023467782983136593,0.013028405784789782,0.03390716018148346,1,anchBioSmrySeas1,0,1
-0.5543043887763912,-0.46649457551123236,-0.6421142020415501,1,summerSST,0,1
-0.21068551770360874,-0.2832758447773176,-0.13809519062989986,1,avgOffTransspring,0,1
0.13108721187400219,0.1609176683678314,0.10125675538017301,1,avgOffTranssummer,0,1
0.17881122930150595,0.09976440817244522,0.2578580504305666,1,sprRelOffTrans,0,1
0.29118155606651963,0.24200509635149386,0.34035801578154556,1,sumRelOffTrans,0,1
-0.2997088287837699,-0.1354708369111525,-0.4639468206563873,1,meanK,0,1
0.3973036304348034,0.38956754882355193,0.4050397120460548,1,OC_LUSI_39N,0,1
-0.021067112835717272,-0.035282619482469746,-0.006851606188964854,1,sardSpawnHab,0,1
-0.5824066238263209,-0.46305262416948856,-0.7017606234831533,1,sardNurseHab,0,1
-0.7379805566832061,-0.6593108890972466,-0.8166502242691657,1,springSST,0,1
-0.27652946838102177,-0.2455014608940456,-0.307557475867998,1,randTest,0,1
-0.239304119605714,-0.34104485518105115,-0.13756338403037685,2,NCOPspring,0,1
-0.10774721007393283,-0.05186302585473426,-0.16363139429313137,2,NCOPsummerlag1,0,1
-0.25296980390660767,-0.38112827682738903,-0.12481133098582628,2,BEUTI_33N,0,1
-0.23397097012662443,-0.28586604520669384,-0.18207589504655503,2,BEUTI_39N,0,1
-0.1794548826904814,-0.23006422058640674,-0.1288455447945561,2,CUTI_33N,0,1
-0.13576792032656712,-0.08409720149077428,-0.18743863916235992,2,CUTI_39N,0,1
-0.20066622048443147,0.007801411848833539,-0.4091338528176966,2,OC_LUSI_33N,0,0
0.15752399450251828,0.31131518413588105,0.0037328048691556703,2,OC_STI_33N,0,1
0.10014444471972803,0.24984955831814482,-0.04956066887868871,2,RREAS_Myctophids,0,0
0.10097470506828318,0.41020879315443626,-0.20825938301786998,2,RREAS_YOYsardine,0,0
0.04123939297013819,0.13022504819019265,-0.047746262249916196,2,age1SprSardmeanWAA,0,0
0.05667278699762124,0.42632440351097006,-0.31297882951572753,2,meanSSBwt,0,0
-0.23811780842693794,-0.09059940791931706,-0.3856362089345588,2,ZM_NorCal,0,1
-0.08612019277238742,0.14541486340148804,-0.31765524894626274,2,ZM_SoCal,0,0
0.22682210683320722,0.17667896882105671,0.2769652448453577,2,sardRec,0,1
-0.17983528627558373,-0.21785586218372363,-0.1418147103674438,2,anchBioSmrySeas1,0,1
0.10184092193664845,0.42945826391651054,-0.22577642004321363,2,summerSST,0,0
0.2147803039542355,0.14279925208889024,0.2867613558195808,2,avgOffTransspring,0,1
-0.018182347331012677,0.06891080024068313,-0.10527549490270854,2,avgOffTranssummer,0,0
-0.23649296938981346,-0.36396462713761846,-0.10902131164200851,2,sprRelOffTrans,0,1
-0.15531513123226495,0.0371024660708488,-0.3477327285353787,2,sumRelOffTrans,0,0
-0.035063390320965865,0.3087632567440983,-0.37889003738603005,2,meanK,0,0
-0.19194578944273127,-0.13981812125802423,-0.24407345762743834,2,OC_LUSI_39N,0,1
-0.05444306560176365,0.1487105960661179,-0.2575967272696451,2,sardSpawnHab,0,0
0.1688460273155496,0.24912785966653647,0.08856419496456272,2,sardNurseHab,0,1
0.2070606738929537,0.4438577850355149,-0.029736437249607412,2,springSST,0,0
0.09822635965097563,0.20978183719891647,-0.01332911789696517,2,randTest,0,0
0.28165373734306043,0.40139951715679645,0.16190795752932444,3,NCOPspring,0,1
0.29257958721783967,0.5122841998102239,0.07287497462545546,3,NCOPsummerlag1,0,1
-0.024118270873907163,0.4920677674646037,-0.540304309212418,3,BEUTI_33N,0,0
0.14302875694332579,0.5485224226045897,-0.2624649087179381,3,BEUTI_39N,0,0
0.018602527371322605,0.42445820779301313,-0.3872531530503679,3,CUTI_33N,0,0
0.13401033255713643,0.5076700526489009,-0.23964938753462817,3,CUTI_39N,0,0
-0.35433742541231417,0.6899101693012201,-1.3985850201258485,3,OC_LUSI_33N,0,0
0.25545642331118723,1.060717887263087,-0.5498050406407127,3,OC_STI_33N,0,0
-0.25833473586501265,0.16748383080794918,-0.6841533025379745,3,RREAS_Myctophids,0,0
0.23217096394193465,1.0601814390393973,-0.595839511155528,3,RREAS_YOYsardine,0,0
0.38081448119676164,1.1785789408983856,-0.4169499785048623,3,age1SprSardmeanWAA,0,0
0.5331113787588255,1.7407836752963004,-0.6745609177786493,3,meanSSBwt,0,0
0.04110439392486359,0.7217238906312184,-0.6395151027814912,3,ZM_NorCal,0,0
0.048574444935563676,0.5848900661982996,-0.4877411763271723,3,ZM_SoCal,0,0
-0.12800458325149197,0.25290904193442165,-0.5089182084374057,3,sardRec,0,0
-7.558016457705902e-4,0.4240692023142826,-0.42558080560582373,3,anchBioSmrySeas1,0,0
0.11881296820408754,0.8605635089464603,-0.6229375725382851,3,summerSST,0,0
0.11388615085507478,0.6895473101947357,-0.4617750084845862,3,avgOffTransspring,0,0
0.3098105933253108,0.8322110027659242,-0.2125898161153026,3,avgOffTranssummer,0,0
-0.07561650532026373,0.45797292068089807,-0.6092059313214255,3,sprRelOffTrans,0,0
-0.31586592006311875,0.5865473185207355,-1.218279158646973,3,sumRelOffTrans,0,0
0.22335703410974578,0.9557038437865908,-0.5089897755670991,3,meanK,0,0
-0.05348861623277816,0.5230296142735922,-0.6300068467391485,3,OC_LUSI_39N,0,0
-0.5226112216686363,0.48868334735949226,-1.5339057906967648,3,sardSpawnHab,0,0
-0.10816225087184206,0.3989969536777399,-0.615321455421424,3,sardNurseHab,0,0
-0.010711366427115732,0.7268742688392781,-0.7482970016935094,3,springSST,0,0
0.09591885711441442,0.5947885619159421,-0.40295084768711326,3,randTest,0,0
0.594393772675819,0.8485724184528547,0.34021512689878347,1,NCOPspring,0,1
0.4995174238362736,0.7126034581536448,0.28643138951890246,1,NCOPsummerlag1,0,1
0.13063322756739162,0.5281035904538712,-0.26683713531908804,1,BEUTI_33N,0,0
0.5187225493969396,0.79907178268893575,0.23837331610494347,1,BEUTI_39N,0,1
0.3018632635690821,0.5585592154707486,0.04516731166741564,1,CUTI_33N,0,1
0.5315315656012842,0.7443801355640226,0.31868299563854596,1,CUTI_39N,0,1
0.27321454844372184,0.5145733558595001,0.03185574102794356,1,OC_LUSI_33N,0,1
-0.22973306746438207,-0.024887506842895687,-0.43457862808586845,1,OC_STI_33N,0,1
-0.1747278108984623,-0.025481514185403425,-0.3239741076115212,1,RREAS_Myctophids,0,1
-0.38053680177025995,-0.25239814347527595,-0.5086754600652439,1,RREAS_YOYsardine,0,1
0.12877529492615608,0.445944809909079,-0.1883942200567668,1,age1SprSardmeanWAA,0,0
-0.07989975834529901,0.15903476293860327,-0.3188342796292013,1,meanSSBwt,0,0
0.7137028381210831,0.9290190232112436,0.4983866530309229,1,ZM_NorCal,0,1
0.5987797718084642,0.7791469110558928,0.41841263256103545,1,ZM_SoCal,0,1
-0.3124994912568657,0.005773540211021694,-0.6307725227247531,1,sardRec,0,0
0.023691478996377878,0.25212281327498975,-0.20473985528223398,1,anchBioSmrySeas1,0,0
-0.5384289238419449,-0.4206885975324213,-0.6561692501514684,1,summerSST,0,1
-0.1963326786061494,0.09217882119850479,-0.48484417841080363,1,avgOffTransspring,0,0
0.19444412341214018,0.38562173916955267,0.003266507654727663,1,avgOffTranssummer,0,1
0.15559255788565135,0.4845660115296011,-0.1733808957582984,1,sprRelOffTrans,0,0
0.23800648481943096,0.4605399269209755,0.01547304271788636,1,sumRelOffTrans,0,1
-0.2609011110228418,-0.0629849569932823,-0.4588172650524013,1,meanK,0,1
0.39498844693757024,0.6114268874108811,0.17855000646425928,1,OC_LUSI_39N,0,1
-0.07001794514827883,0.19607676246131842,-0.3361126527578761,1,sardSpawnHab,0,0
-0.6003437949126209,-0.35550131179669225,-0.8451862780285496,1,sardNurseHab,0,1
-0.7416052351511802,-0.5580322448896365,-0.9251782254127239,1,springSST,0,1
-0.07034409611365511,0.19300430401129745,-0.3336924962386077,1,randTest,0,0
0.20366006477351567,0.29075054560065694,0.11656958394637444,2,NCOPspring,0,1
0.08454857523350738,0.29453151698293356,-0.12543436651591888,2,NCOPsummerlag1,0,0
0.2373118302449963,0.45470684379284976,0.01991681669714293,2,BEUTI_33N,0,1
0.19449009685964186,0.3923778216006,-0.0033976278813162147,2,BEUTI_39N,0,0
0.16248542285509307,0.5549761088171511,-0.2300052631069648,2,CUTI_33N,0,0
0.10376277406722265,0.45747169537383114,-0.2499461472393859,2,CUTI_39N,0,0
0.1210324385518103,1.293222553919565,-1.0511576768159443,2,OC_LUSI_33N,0,0
-0.09557332529703938,0.8108112157153459,-1.0019578663094246,2,OC_STI_33N,0,0
-0.10180337604019829,0.5143940864824875,-0.7180008385628839,2,RREAS_Myctophids,0,0
-0.03398899138478213,0.9907534027582063,-1.0587313855277707,2,RREAS_YOYsardine,0,0
0.005851311970531382,0.7363673618189345,-0.7246647378778718,2,age1SprSardmeanWAA,0,0
0.037590652136006264,1.434831885400719,-1.3596505811287063,2,meanSSBwt,0,0
0.1736454344778371,0.9184912185111735,-0.5712003495554995,2,ZM_NorCal,0,0
0.04533650535950261,0.7035668585908845,-0.6128938478718795,2,ZM_SoCal,0,0
-0.21500900841202872,-0.08527808319501133,-0.3447399336290461,2,sardRec,0,1
0.15072493147671462,0.4447912914762696,-0.1433414285228404,2,anchBioSmrySeas1,0,0
-0.04117535707647145,0.9996425375527401,-1.0819932517056827,2,summerSST,0,0
-0.1736958795684836,0.20450285442027083,-0.551894613557238,2,avgOffTransspring,0,0
0.036029224403731575,0.63581633799594794,-0.5637578891884848,2,avgOffTranssummer,0,0
0.19626315411723622,0.4122100025654878,-0.01968369433101537,2,sprRelOffTrans,0,0
0.0982095691931608,1.2369634938789527,-1.0405443554926308,2,sumRelOffTrans,0,0
0.07655608009764348,0.9867824734045884,-0.8336703132093015,2,meanK,0,0
0.14842165121188255,0.7730862310162128,-0.47624292859244777,2,OC_LUSI_39N,0,0
0.02235777627199685,0.9981955619541477,-0.9534800094101543,2,sardSpawnHab,0,0
-0.11960244719780236,0.3933412034489573,-0.6325460978445622,2,sardNurseHab,0,0
-0.1333369340187335,0.7117421631053815,-0.9784160311428485,2,springSST,0,0
-0.11534394426501968,0.5152972321147158,-0.745985120644755,2,randTest,0,0
-0.1998546536054773,-0.28531783902378127,-0.11439146818717329,3,NCOPspring,0,1
-0.1901978856680663,-0.22666362869225887,-0.1537321426438738,3,NCOPsummerlag1,0,1
0.12685703621832045,0.7812749833441807,-0.5275609109075398,3,BEUTI_33N,0,0
-0.0923221223207231,0.16923793827889558,-0.35388218292034174,3,BEUTI_39N,0,0
0.09645973157404389,0.5563936461985913,-0.3634741830505037,3,CUTI_33N,0,0
-0.05624669102386898,0.17143535557351525,-0.28392873762125326,3,CUTI_39N,0,0
0.4409155014820022,1.3259709736960588,-0.44413997073205436,3,OC_LUSI_33N,0,0
-0.33065802502550146,0.3456437086333667,-1.0069597586843695,3,OC_STI_33N,0,0
0.294083620778418,0.6134583919565925,-0.025291150399756424,3,RREAS_Myctophids,0,0
-0.28275534562163923,0.239182583394828,-0.8046932746381064,3,RREAS_YOYsardine,0,0
-0.3510098801861169,0.1761854408370721,-0.8782052012093057,3,age1SprSardmeanWAA,0,0
-0.5416846090127603,0.21747138853582143,-1.300840606561342,3,meanSSBwt,0,0
0.06383258285406379,0.5213881319120288,-0.39372296620390124,3,ZM_NorCal,0,0
0.03387909319922089,0.3933722411277469,-0.32561405472930516,3,ZM_SoCal,0,0
0.014065418203000807,0.41611952619060144,-0.3879886897845999,3,sardRec,0,0
-0.09537460734628192,0.26407090137640177,-0.4548201160689656,3,anchBioSmrySeas1,0,0
-0.22169054680561256,0.2616700254279717,-0.7050511190391968,3,summerSST,0,0
-0.14594075953240038,0.40945022200005754,-0.7013317410648583,3,avgOffTransspring,0,0
-0.3239697677964828,0.104033468632959,-0.7519730042259245,3,avgOffTranssummer,0,0
0.09754474761398174,0.6276935634333864,-0.432604068205423,3,sprRelOffTrans,0,0
0.43106562801398807,1.2592154100779782,-0.39708415405000197,3,sumRelOffTrans,0,0
-0.24368516698254125,0.21229018938811872,-0.6996605233532013,3,meanK,0,0
0.15180819465873943,0.6679062326076877,-0.36428984329020886,3,OC_LUSI_39N,0,0
0.45932872051873197,1.1860006374136942,-0.2673431963762304,3,sardSpawnHab,0,0
0.013628489346554612,0.31315695462543863,-0.2858999759323295,3,sardNurseHab,0,0
-0.07902262687834044,0.35956099773602923,-0.5176062514927101,3,springSST,0,0
-0.29145633618239036,0.3667266281116599,-0.9496393004764405,3,randTest,0,0
-0.583972461868045,-0.33760019845904626,-0.8303447252770436,1,NCOPspring,0,1
-0.49008603360995207,-0.23879353715250443,-0.7413785300673997,1,NCOPsummerlag1,0,1
-0.15240519128644864,0.35435859878576187,-0.6591689813586592,1,BEUTI_33N,0,0
-0.5086549983157336,-0.1229790006172121,-0.894330996014255,1,BEUTI_39N,0,1
-0.30863014416608026,0.08683813509297596,-0.7040984234251364,1,CUTI_33N,0,0
-0.5244279201236595,-0.1739175965600787,-0.8749382436872404,1,CUTI_39N,0,1
-0.30564505119889457,0.3388594186250635,-0.9501495210228528,1,OC_LUSI_33N,0,0
0.2516838762968031,0.7633888451437663,-0.26002109255016,1,OC_STI_33N,0,0
0.14727367191696075,0.48921446734509477,-0.19466712351117324,1,RREAS_Myctophids,0,0
0.3961063280421379,0.9366713224118598,-0.14445866632758406,1,RREAS_YOYsardine,0,0
-0.0862189094895839,0.44683751659893195,-0.6192753355780998,1,age1SprSardmeanWAA,0,0
0.13650869067781493,0.8125199808612585,-0.5395025995056286,1,meanSSBwt,0,0
-0.706140725122238,-0.2152027735677695,-1.1970786766767065,1,ZM_NorCal,0,1
-0.579899955573258,-0.21663412564158346,-0.9431657855049326,1,ZM_SoCal,0,1
0.3062633978999985,0.6463522336222589,-0.03382543782226177,1,sardRec,0,0
-0.02555145731963445,0.30740099071336024,-0.3585039053526291,1,anchBioSmrySeas1,0,0
0.5487386171384585,1.0526104670626466,0.044866767214270305,1,summerSST,0,1
0.20920228961847992,0.6796445962521045,-0.26124001701514465,1,avgOffTransspring,0,0
-0.14706141937490225,0.3211317201657503,-0.6152545589155547,1,avgOffTranssummer,0,0
-0.16746621652798377,0.268892239075572,-0.6038246721315396,1,sprRelOffTrans,0,0
-0.2879705827678764,0.43686708052198053,-1.0128082460577332,1,sumRelOffTrans,0,0
0.27433441051218044,0.7064835161866702,-0.1578146951623093,1,meanK,0,0
-0.3950785551258867,0.00646454842944881,-0.7966216586812223,1,OC_LUSI_39N,0,0
0.05535824859578187,0.7996376013020838,-0.6889211041105201,1,sardSpawnHab,0,0
0.5976442350794616,0.9870625326290327,0.2082259375298903,1,sardNurseHab,0,1
0.7335447169606986,1.2182639223203493,0.24882551160104793,1,springSST,0,1
-0.0027143727599347467,0.3518349853820217,-0.3572637309018912,1,randTest,0,0
0.21873954244462,0.12645547138288024,0.3110236135063597,2,NCOPspring,0,1
0.09285923372574886,0.15669951210107796,0.02901895535041979,2,NCOPsummerlag1,0,1
0.25249410992169896,0.6082761181884264,-0.10328789834502863,2,BEUTI_33N,0,0
0.21409768542948227,0.4748644234164992,-0.04666905255753476,2,BEUTI_39N,0,0
0.1679414139186846,0.5050814896267951,-0.16919866178942589,2,CUTI_33N,0,0
0.11916082355794878,0.4600831909930661,-0.2217615438771685,2,CUTI_39N,0,0
0.13743883868971665,1.0005165516054189,-0.7256388742259856,2,OC_LUSI_33N,0,0
-0.10895671405992452,0.5450959743020127,-0.7630094024218618,2,OC_STI_33N,0,0
-0.10439245260051101,0.3182738514212956,-0.5270587566223177,2,RREAS_Myctophids,0,0
-0.054130174074654425,0.7588804585528177,-0.8671408067021266,2,RREAS_YOYsardine,0,0
-0.007628019828120017,0.4624793321757916,-0.47773537183203174,2,age1SprSardmeanWAA,0,0
0.021295576778431136,0.9239836481094719,-0.8813924945526098,2,meanSSBwt,0,0
0.18781312259101265,0.7564398566921068,-0.3808136115100816,2,ZM_NorCal,0,0
0.04550939744105967,0.5097986685458975,-0.41877987366377833,2,ZM_SoCal,0,0
-0.2160019289898248,-0.006213372060280664,-0.42579048591936897,2,sardRec,0,1
0.17287821273982745,0.4511907278220796,-0.10543430234242465,2,anchBioSmrySeas1,0,0
-0.056932142853123535,0.7259637595023859,-0.839828045208633,2,summerSST,0,0
-0.19237714149281193,0.2292170854118147,-0.6139713683974386,2,avgOffTransspring,0,0
0.020629256206572355,0.5856479852879004,-0.5443894728747559,2,avgOffTranssummer,0,0
0.21421851682772483,0.5219068029199574,-0.0934697692645077,2,sprRelOffTrans,0,0
0.12613365811596958,1.1341953290173872,-0.8819280127854479,2,sumRelOffTrans,0,0
0.07988618262570693,0.6279620948039246,-0.468189729552511,2,meanK,0,0
0.15521472441300813,0.5613290294815816,-0.25089958065556534,2,OC_LUSI_39N,0,0
0.03191036741468714,0.978457533068043,-0.9146367982386684,2,sardSpawnHab,0,0
-0.13087919964470868,0.15073016461577385,-0.4124885639051912,2,sardNurseHab,0,0
-0.1498458822475798,0.46843199025752263,-0.7681237547526821,2,springSST,0,0
0.04646784029685235,0.39883389772637595,-0.3058982171326713,2,randTest,0,0
0.2562281130102736,0.14812798111463266,0.3643282449059145,3,NCOPspring,0,1
0.27032378018004927,0.06378313979070299,0.4768644205693955,3,NCOPsummerlag1,0,1
-0.12345679082065784,0.11949158270564364,-0.36640516434695936,3,BEUTI_33N,0,0
0.08321832214333294,0.11938049034584022,0.047056153940825685,3,BEUTI_39N,0,1
-0.0609322781135697,-0.0011531597581680153,-0.12071139646897139,3,CUTI_33N,0,1
0.040799532205218064,-0.0678956049693122,0.14949466937974842,3,CUTI_39N,0,0
-0.3785976532913385,-0.42245809204031315,-0.3347372145423637,3,OC_LUSI_33N,0,1
0.2776118335423942,0.23753821964195498,0.31768544744283345,3,OC_STI_33N,0,1
-0.30561211902145335,-0.48038124517003444,-0.13084299287287215,3,RREAS_Myctophids,0,1
0.30195752010377364,0.08274802955394567,0.5211670106536015,3,RREAS_YOYsardine,0,1
0.3149759955911348,0.23611197770021855,0.3938400134820511,3,age1SprSardmeanWAA,0,1
0.4741246760790886,0.2088038311092898,0.7394455210488873,3,meanSSBwt,0,1
-0.02069173815414968,-0.1390198507327157,0.0976363744244163,3,ZM_NorCal,0,0
0.00953047488323927,-0.22509627723704384,0.24415722700352244,3,ZM_SoCal,0,0
-0.10074313865822844,-0.037153649076769824,-0.164332628239687,3,sardRec,0,1
0.023294652156279662,0.05371653140458987,-0.007127227092030536,3,anchBioSmrySeas1,0,0
0.212556938204589,-0.06634162216745476,0.4914554985766329,3,summerSST,0,0
0.1572899988828576,0.29684857252619884,0.017731425239516263,3,avgOffTransspring,0,1
0.401880946325218,0.3307650996671566,0.4729967929832793,3,avgOffTranssummer,0,1
-0.09197850039873248,0.09518502584916444,-0.27914202664662946,3,sprRelOffTrans,0,0
-0.47185582594879033,-0.5461242412412614,-0.39758741065631953,3,sumRelOffTrans,0,1
0.169593659853658,-0.1305520260724048,0.4697393457797209,3,meanK,0,0
-0.06437507449677111,-0.06800683273536415,-0.06074331625817808,3,OC_LUSI_39N,0,1
-0.5931150874357387,-0.679583132658412,-0.5066470422130656,3,sardSpawnHab,0,1
-0.11859432633152296,-0.231009930225564,-0.006178722437481951,3,sardNurseHab,0,1
0.03469026011637055,-0.16030641765763287,0.22968693789037392,3,springSST,0,0
-0.20670016613299888,-0.2029626190061865,-0.21043771325981125,3,randTest,0,1
0.5780977714768437,0.8215291888548184,0.334666354098869,1,NCOPspring,0,1
0.4875364796624698,0.6742080105915048,0.30086494873343494,1,NCOPsummerlag1,0,1
0.11281193236020648,-0.036459366565936874,0.2620832312863499,1,BEUTI_33N,0,0
0.511535857995812,0.5242168659313515,0.49885485006027247,1,BEUTI_39N,0,1
0.285371623568372,0.11637995127796892,0.4543632958587751,1,CUTI_33N,0,1
0.527217390454174,0.4997965642124815,0.5546382166958665,1,CUTI_39N,0,1
0.23985734138819903,-0.04219340175585991,0.5219080845322579,1,OC_LUSI_33N,0,0
-0.19884839817362931,-0.3761734943868571,-0.021523301960401506,1,OC_STI_33N,0,1
-0.18847665972019312,-0.26858191003184834,-0.10837140940853784,1,RREAS_Myctophids,0,1
-0.35295285967660717,-0.5498010173740844,-0.15610470197913004,1,RREAS_YOYsardine,0,1
0.07420867274375516,0.052761552839254294,0.095655792648256,1,age1SprSardmeanWAA,0,1
-0.1651006417875379,-0.300184037310169,-0.030017246264906726,1,meanSSBwt,0,1
0.6954732294635025,0.5924154962501151,0.7985309626768902,1,ZM_NorCal,0,1
0.5919712295378268,0.539398653742116,0.6445438053335374,1,ZM_SoCal,0,1
-0.30257169620452884,-0.30670095667441916,-0.29844243573463847,1,sardRec,0,1
0.020111642812639958,-0.04514809119627686,0.08537137682155678,1,anchBioSmrySeas1,0,0
-0.5190145739261767,-0.676599278434493,-0.3614298694178605,1,summerSST,0,1
-0.17834601661832164,-0.25296640431894124,-0.10372562891770198,1,avgOffTransspring,0,1
0.21053149857923698,0.041857960632886576,0.37920503652558746,1,avgOffTranssummer,0,1
0.1379619515171801,0.06374129869051268,0.21218260434384753,1,sprRelOffTrans,0,1
0.20122193949297196,-0.16614022481359073,0.5685841037995345,1,sumRelOffTrans,0,0
-0.282590385409188,-0.37854739148500605,-0.18663337933337004,1,meanK,0,1
0.37310492113566407,0.2755850717792197,0.4706247704921085,1,OC_LUSI_39N,0,1
-0.09742634072400702,-0.4717986498339044,0.2769459683858905,1,sardSpawnHab,0,0
-0.6097748396065081,-0.5120641791914796,-0.7074855000215367,1,sardNurseHab,0,1
-0.725437716130958,-0.8121500278610887,-0.6387254044008274,1,springSST,0,1
-0.012096375360114764,-0.2294582951384205,0.20526554441819098,1,randTest,0,0
0.2745775772877422,0.39019955702416265,0.1589555975513217,2,NCOPspring,0,1
0.13839293871808714,0.3704586694358287,-0.09367279199965442,2,NCOPsummerlag1,0,0
0.2524741042778312,0.7033391496979186,-0.1983909411422563,2,BEUTI_33N,0,0
0.2629166473635081,0.6185911600398811,-0.09275786531286498,2,BEUTI_39N,0,0
0.19588282037586996,0.9022087744365999,-0.5104431336848598,2,CUTI_33N,0,0
0.16779859618105022,0.7227738732059438,-0.38717668084384327,2,CUTI_39N,0,0
0.13599647519133978,1.2407666181785144,-0.9687736677958347,2,OC_LUSI_33N,0,0
-0.10664260841800258,0.6910454709995211,-0.9043306878355263,2,OC_STI_33N,0,0
-0.13791531207937835,0.5605327382254608,-0.8363633623842176,2,RREAS_Myctophids,0,0
-0.06651934829239133,1.0116494561229126,-1.1446881527076953,2,RREAS_YOYsardine,0,0
-0.0014765765143250065,0.6274033675355049,-0.6303565205641548,2,age1SprSardmeanWAA,0,0
0.009976937763370886,1.0784235055446456,-1.0584696300179037,2,meanSSBwt,0,0
0.24907503081778143,1.0718344728441898,-0.573684411208627,2,ZM_NorCal,0,0
0.09890540919320384,0.6729137195356235,-0.47510290114921594,2,ZM_SoCal,0,0
-0.24519514151515304,0.018504952063738117,-0.5088952350940442,2,sardRec,0,0
0.17821358034787296,0.48939817437323563,-0.1329710136774897,2,anchBioSmrySeas1,0,0
-0.08718874801758167,0.9050175673467912,-1.0793950633819545,2,summerSST,0,0
-0.19469372382287106,0.16322404946492414,-0.5526114971106663,2,avgOffTransspring,0,0
0.062289789142123936,0.9097512559129979,-0.7851716776287501,2,avgOffTranssummer,0,0
0.21746991646923078,0.5238142871986521,-0.08887445426019051,2,sprRelOffTrans,0,0
0.11521875171622986,1.5161563882413156,-1.285718884808856,2,sumRelOffTrans,0,0
0.05643254329072052,0.8682645423232627,-0.7553994557418218,2,meanK,0,0
0.18516441259848654,0.774363723722006,-0.4040348985250328,2,OC_LUSI_39N,0,0
0.01452209149497824,1.549768465083296,-1.5207242820933395,2,sardSpawnHab,0,0
-0.1847298866788051,0.1176073878732979,-0.4870671612309082,2,sardNurseHab,0,0
-0.2105432290755222,0.6144013581669463,-1.0354878163179908,2,springSST,0,0
0.010397181946613883,0.9717155666333036,-0.950921202740076,2,randTest,0,0
0.20784826676580367,0.295371174956744,0.12032535857486337,3,NCOPspring,0,1
0.19158875091209238,0.23361525651118004,0.14956224531300472,3,NCOPsummerlag1,0,1
-0.10092968520069512,0.4497600240121761,-0.6516193944135663,3,BEUTI_33N,0,0
0.08873257336660283,0.36003615846992926,-0.18257101173672358,3,BEUTI_39N,0,0
-0.15839482755699558,0.12353149345926925,-0.4403211485732603,3,CUTI_33N,0,0
0.006789765323109903,0.12478284771438185,-0.11120331706816208,3,CUTI_39N,0,0
-0.34210782395347106,-0.15042219224959671,-0.5337934556573454,3,OC_LUSI_33N,0,1
0.23033995295556695,0.3889575872627286,0.07172231864840514,3,OC_STI_33N,0,1
-0.3128542384185528,-0.2546551899604173,-0.37105328687668837,3,RREAS_Myctophids,0,1
0.28321844712960836,0.2837229077316683,0.2827139865275484,3,RREAS_YOYsardine,0,1
0.22325946705276833,0.4739576398800397,-0.027438705774502983,3,age1SprSardmeanWAA,0,0
0.3250992626587598,0.4013294604405758,0.24886906487694374,3,meanSSBwt,0,1
-0.04513879236994567,0.07566766454601263,-0.16594524928590404,3,ZM_NorCal,0,0
0.05197653665161517,0.2534329567101896,-0.14947988340695922,3,ZM_SoCal,0,0
-0.11669727558337135,0.2175585013649261,-0.45095305253166884,3,sardRec,0,0
0.0290778706288131,0.41677273194785835,-0.3586169906902322,3,anchBioSmrySeas1,0,0
0.1787364046748536,0.1730841694103577,0.18438863993934945,3,summerSST,0,1
0.0449858068212822,0.4068672214942466,-0.31689560785168214,3,avgOffTransspring,0,0
0.3914173858535066,0.5473437946506642,0.23549097705634903,3,avgOffTranssummer,0,1
-0.02690203687164957,0.4148659858927174,-0.4686700596360166,3,sprRelOffTrans,0,0
-0.47610463120259217,-0.28745884199750593,-0.6647504204076784,3,sumRelOffTrans,0,1
0.15141408930343517,0.3332336545747624,-0.030405475967892018,3,meanK,0,0
-0.076175050210623,0.1173914977568301,-0.2697415981780761,3,OC_LUSI_39N,0,0
-0.6271141219722229,-0.3731167337173766,-0.88111151022706935,3,sardSpawnHab,0,1
-0.2033148232355742,0.07508383566992233,-0.48171348214107074,3,sardNurseHab,0,0
0.028924462371274412,0.1082639260171061,-0.050415001274557274,3,springSST,0,0
-0.37248138947456155,-0.23802399107536282,-0.5069387878737603,3,randTest,0,1
0.5499361941286203,0.7820385839212817,0.3178338043359589,1,NCOPspring,0,1
0.4609024698968857,0.7030963036636539,0.21870863613011748,1,NCOPsummerlag1,0,1
0.1431548371097817,0.04931418073267679,0.23699549348688656,1,BEUTI_33N,0,1
0.4879996396383003,0.5300844440880399,0.4459148351885607,1,BEUTI_39N,0,1
0.30469994091456154,0.296330187553162,0.31306969427596104,1,CUTI_33N,0,1
0.5067373178351371,0.6108337446311688,0.40264089103910544,1,CUTI_39N,0,1
0.33007446394928763,0.2749557585512366,0.38519316934733866,1,OC_LUSI_33N,0,1
-0.26627837058300013,-0.2890541695968943,-0.2435025715691059,1,OC_STI_33N,0,1
-0.12078717690189836,-0.014275499298929085,-0.22729885450486767,1,RREAS_Myctophids,0,1
-0.4128334212837067,-0.3487695830857574,-0.476897259481656,1,RREAS_YOYsardine,0,1
0.058503416521344595,0.1342521427652682,-0.01724530972257901,1,age1SprSardmeanWAA,0,0
-0.18128715560027311,-0.08093069915049728,-0.28164361205004895,1,meanSSBwt,0,1
0.6958040797158593,0.7649962104692576,0.6266119489624611,1,ZM_NorCal,0,1
0.5743096005613554,0.7179161703559132,0.4307030307667976,1,ZM_SoCal,0,1
-0.28577910016810776,-0.26698483591831407,-0.3045733644179014,1,sardRec,0,1
0.02315940856843516,0.007897923055870087,0.03842089408100027,1,anchBioSmrySeas1,0,1
-0.5514098257860449,-0.44017747012267233,-0.6626421814494177,1,summerSST,0,1
-0.2113614395020042,-0.2887462164065111,-0.13397666259749738,1,avgOffTransspring,0,1
0.12504719452395352,0.15318533266672313,0.09690905638118383,1,avgOffTranssummer,0,1
0.16672469026037576,0.08628861759763898,0.2471607629231126,1,sprRelOffTrans,0,1
0.30342678314222504,0.26105553798635217,0.3457980282980979,1,sumRelOffTrans,0,1
-0.28378370683843634,-0.09674989506579385,-0.4708175186110789,1,meanK,0,1
0.3949179919399419,0.39472208499367556,0.39511389888620835,1,OC_LUSI_39N,0,1
-0.01598387247316807,-0.02578915745520932,-0.0061785874911266525,1,sardSpawnHab,0,1
-0.5817185984095908,-0.4440142306627993,-0.7194229661563821,1,sardNurseHab,0,1
-0.7253580716386607,-0.6226414234307768,-0.8280747198465445,1,springSST,0,1
0.033590686037176125,0.11325505054760648,-0.046073678473254276,1,randTest,0,0
-0.23716581114841306,-0.3372624262327936,-0.1370691960640325,2,NCOPspring,0,1
-0.10594502245178808,-0.0497440449375684,-0.1621459999660078,2,NCOPsummerlag1,0,1
-0.2563256990280171,-0.38533792382383614,-0.12731347423219827,2,BEUTI_33N,0,1
-0.2354772698574954,-0.26197037216741814,-0.20898416754757274,2,BEUTI_39N,0,1
-0.18439209801508363,-0.167332982471126,-0.20145121355904125,2,CUTI_33N,0,1
-0.14035452950490196,-0.028817157567312193,-0.2518919014424918,2,CUTI_39N,0,1
-0.18392079136739872,0.14154285847352432,-0.5093844412083218,2,OC_LUSI_33N,0,0
0.14255049401311398,0.37073247697925205,-0.08563148895302404,2,OC_STI_33N,0,0
0.09493704930072489,0.32325970392085157,-0.13338560531940186,2,RREAS_Myctophids,0,0
0.09647674853088692,0.5231511741783712,-0.3301976771165975,2,RREAS_YOYsardine,0,0
0.037378038459961585,0.18733723062977498,-0.11258115370985197,2,age1SprSardmeanWAA,0,0
0.03569899718131514,0.5057778357630291,-0.43437984140039865,2,meanSSBwt,0,0
-0.2327267241211095,-0.003987483848268643,-0.46146596439395043,2,ZM_NorCal,0,1
-0.07950194804859206,0.20656011397308793,-0.36556401007027206,2,ZM_SoCal,0,0
0.22232387188913222,0.18423239906293623,0.26041534471532823,2,sardRec,0,1
-0.17865176917384176,-0.19060197593498265,-0.16670156241270084,2,anchBioSmrySeas1,0,1
0.098450627685713,0.5456563659851196,-0.3487551106136937,2,summerSST,0,0
0.21172597887658567,0.19866126656422523,0.224790691188946,2,avgOffTransspring,0,1
-0.013107241119484123,0.1730821002725779,-0.1992965825115462,2,avgOffTranssummer,0,0
-0.22765590967240373,-0.32734864568459104,-0.12796317366021648,2,sprRelOffTrans,0,1
-0.1603650316102341,0.19544504975764992,-0.5161751129781181,2,sumRelOffTrans,0,0
-0.04364715983093938,0.3545457136459927,-0.4418400333078714,2,meanK,0,0
-0.18717834436962422,-0.06885498791799283,-0.3055017008212556,2,OC_LUSI_39N,0,1
-0.06139682287177045,0.3110842250387061,-0.43387787078224693,2,sardSpawnHab,0,0
0.16330060291591983,0.24110546087654627,0.0854957449552933,2,sardNurseHab,0,1
0.19761800031359197,0.5146614166973357,-0.11942541607015174,2,springSST,0,0
-0.07622255555481605,0.0025352244882274333,-0.15498033559785954,2,randTest,0,0
0.2974623991847174,0.4230073886968714,0.17191740967256341,3,NCOPspring,0,1
0.29539268300073146,0.5061618166132396,0.08462354938822347,3,NCOPsummerlag1,0,1
-0.04194255082331472,0.522799899949413,-0.6066850015960423,3,BEUTI_33N,0,0
0.1508888362434065,0.5790546925916682,-0.27727702010485517,3,BEUTI_39N,0,0
-0.01755201603971278,0.4789641604118231,-0.5140681924912487,3,CUTI_33N,0,0
0.11592514974891613,0.5314768164396031,-0.2996265169417709,3,CUTI_39N,0,0
-0.3368423409489198,0.685734314109856,-1.3594189960076957,3,OC_LUSI_33N,0,0
0.23032005063757172,0.9946466019068099,-0.5340065006316664,3,OC_STI_33N,0,0
-0.29939040248526555,0.18239125825438507,-0.7811720632249162,3,RREAS_Myctophids,0,0
0.24185453960497158,1.09050151929593,-0.6067924400859868,3,RREAS_YOYsardine,0,0
0.34734700577442634,1.1110426299555693,-0.41634861840671655,3,age1SprSardmeanWAA,0,0
0.4614873948417322,1.5397061973165438,-0.6167314076330794,3,meanSSBwt,0,0
0.051732751121580656,0.7418277692045716,-0.6383622669614103,3,ZM_NorCal,0,0
0.05910846560403621,0.587319452822116,-0.46910252161404353,3,ZM_SoCal,0,0
-0.141168274599293,0.2466600642431911,-0.5289966134417771,3,sardRec,0,0
0.016096011321437967,0.45713149779217155,-0.4249394751492956,3,anchBioSmrySeas1,0,0
0.1343245475875641,0.9061192385449085,-0.6374701433697803,3,summerSST,0,0
0.11200352505798943,0.7245589082106723,-0.5005518580946933,3,avgOffTransspring,0,0
0.35957150367104546,0.9787069685409013,-0.2595639611988104,3,avgOffTranssummer,0,0
-0.05037695551203329,0.47826443046755096,-0.5790183414916176,3,sprRelOffTrans,0,0
-0.36248527578596434,0.6659317380243166,-1.3909022895962453,3,sumRelOffTrans,0,0
0.19519428583744597,0.8787584330405902,-0.48836986136569815,3,meanK,0,0
-0.04706086518042467,0.5461474345617445,-0.6402691649225938,3,OC_LUSI_39N,0,0
-0.5793055775733628,0.5639247551244273,-1.7225359102711528,3,sardSpawnHab,0,0
-0.17058177833383464,0.2826387639894422,-0.6238023206571115,3,sardNurseHab,0,0
-0.030318833805320244,0.6865732347006303,-0.7472109023112706,3,springSST,0,0
0.10151093600702871,0.3960189504390548,-0.19299707842499741,3,randTest,0,0
0.5362693306396091,0.7641853291802424,0.3083533320989758,1,NCOPspring,0,1
0.45309563572576883,0.6358980124916773,0.2702932589598604,1,NCOPsummerlag1,0,1
0.15042257038234283,-0.1500759953287408,0.45092113609342643,1,BEUTI_33N,0,0
0.49012599937628304,0.40878648400661655,0.5714655147459495,1,BEUTI_39N,0,1
0.31498735633307956,0.11379593232918468,0.5161787803369744,1,CUTI_33N,0,1
0.5149278882639231,0.44572333517105106,0.5841324413567951,1,CUTI_39N,0,1
0.33940748505986185,-0.018968712779880055,0.6977836828996038,1,OC_LUSI_33N,0,0
-0.27362108116961004,-0.5243844860616296,-0.02285767627759063,1,OC_STI_33N,0,1
-0.1163998092820578,-0.2001705817541555,-0.032629036809960044,1,RREAS_Myctophids,0,1
-0.4164833665371533,-0.6105607368403617,-0.22240599623394489,1,RREAS_YOYsardine,0,1
0.036425699989151475,-0.04576798675709187,0.11861938673539486,1,age1SprSardmeanWAA,0,0
-0.2063927545412531,-0.42121749375187323,0.0084319846693670791,1,meanSSBwt,0,0
0.7020624556955818,0.5534328322384622,0.8506920791527011,1,ZM_NorCal,0,1
0.5800530910167003,0.437860595619455,0.7222455864139457,1,ZM_SoCal,0,1
-0.2925612164814463,-0.41286341082954126,-0.17225902213335134,1,sardRec,0,1
0.013420230851726243,-0.12823020618254297,0.15507066788599544,1,anchBioSmrySeas1,0,0
-0.5595542324075898,-0.7565892337627325,-0.36251923105244727,1,summerSST,0,1
-0.2088639432714175,-0.43252188951670495,0.01479400297386993,1,avgOffTransspring,0,0
0.11732262107112812,-0.04379289159424643,0.27843813373650267,1,avgOffTranssummer,0,0
0.16488777705102117,-0.057573027619820444,0.3873485817218628,1,sprRelOffTrans,0,0
0.31870752375841044,-0.05151040310299013,0.688925450619811,1,sumRelOffTrans,0,0
-0.2996295790197463,-0.4750645868604448,-0.1241945711790477,1,meanK,0,1
0.39809637534015946,0.2341239099471629,0.562068840733156,1,OC_LUSI_39N,0,1
0.023346428612046,-0.31244443987217163,0.35913729709626374,1,sardSpawnHab,0,0
-0.5719580280113994,-0.582321583022393,-0.5615944730004057,1,sardNurseHab,0,1
-0.7288942596533989,-0.8715307773896428,-0.5862577419171551,1,springSST,0,1
-0.06476663033864974,-0.1925085083534501,0.06297524767615065,1,randTest,0,0
0.222884579190332,0.31761116250041127,0.12815799588025273,2,NCOPspring,0,1
0.09865530341475723,0.309711194101342,-0.11240058727182753,2,NCOPsummerlag1,0,0
0.2512181713095562,0.8167425611275464,-0.31430621850843404,2,BEUTI_33N,0,0
0.21964574224118918,0.6904196448062748,-0.25112816032389645,2,BEUTI_39N,0,0
0.17954942354193465,0.8920026386580742,-0.532903791574205,2,CUTI_33N,0,0
0.12803967560493343,0.769597911535791,-0.513518560325924,2,CUTI_39N,0,0
0.14237519528827777,1.6021365676418529,-1.317386177065297,2,OC_LUSI_33N,0,0
-0.11107320194965214,0.9705461945443753,-1.1926925984436796,2,OC_STI_33N,0,0
-0.10698162680085145,0.5582109060561165,-0.7721741596578193,2,RREAS_Myctophids,0,0
-0.05460091187770216,1.1478030990929797,-1.257004922848384,2,RREAS_YOYsardine,0,0
-0.010747333866733913,0.7315143920959521,-0.75300905982942,2,age1SprSardmeanWAA,0,0
0.012319390996396944,1.4952899927264998,-1.4706512107337062,2,meanSSBwt,0,0
0.20198478770998562,1.1925647247259579,-0.788595149305987,2,ZM_NorCal,0,0
0.06038782375554945,0.8756726198936315,-0.7548969723825325,2,ZM_SoCal,0,0
-0.2241633988183397,0.06741220755071038,-0.5157390051873898,2,sardRec,0,0
0.1662470642326275,0.46884050760405954,-0.13634637913880454,2,anchBioSmrySeas1,0,0
-0.061672622214519884,1.152220481739813,-1.2755657261688529,2,summerSST,0,0
-0.18754871097102893,0.4067603495519109,-0.7818577714939688,2,avgOffTransspring,0,0
0.029593545715526155,0.8750729596730806,-0.8158858682420282,2,avgOffTranssummer,0,0
0.2113116346406412,0.6674390505015406,-0.24481578122025818,2,sprRelOffTrans,0,0
0.12415788528370908,1.6835062512244199,-1.4351904806570015,2,sumRelOffTrans,0,0
0.06867872610026492,1.0663812278568594,-0.9290237756563298,2,meanK,0,0
0.16325477420303075,0.9150172383737609,-0.5885076899676994,2,OC_LUSI_39N,0,0
0.03877908009787182,1.5466867606234915,-1.469128600427748,2,sardSpawnHab,0,0
-0.1371979432990606,0.3825294479557503,-0.6569253345538715,2,sardNurseHab,0,0
-0.160679852639338,0.8777095296025743,-1.1990692348812504,2,springSST,0,0
0.003316091973535105,0.6384205859758239,-0.6317884020287536,2,randTest,0,0
0.3223960357822936,0.4594152726146972,0.18537679894988993,3,NCOPspring,0,1
0.2789689816193114,0.3789601637008378,0.17897779953778511,3,NCOPsummerlag1,0,1
-0.10898076359487152,0.47597959590284866,-0.6939411230925918,3,BEUTI_33N,0,0
0.13345253134475865,0.4298291010788013,-0.162924038389284,3,BEUTI_39N,0,0
-0.07887461806612792,0.22149169248859896,-0.3792409286208548,3,CUTI_33N,0,0
0.07741914110293913,0.2373552363581858,-0.08251695415230753,3,CUTI_39N,0,0
-0.3696307526707836,-0.1529392266927434,-0.5863222786488238,3,OC_LUSI_33N,0,1
0.2563753888734806,0.4381207689263976,0.07463000882056359,3,OC_STI_33N,0,1
-0.3082251244045603,-0.17194960597770975,-0.4445006428314108,3,RREAS_Myctophids,0,1
0.2149131947697569,0.2711931307711842,0.15863325876832957,3,RREAS_YOYsardine,0,1
0.278023315106968,0.5757388578346345,-0.01969222762069861,3,age1SprSardmeanWAA,0,0
0.43965144571858483,0.5741661090038903,0.3051367824332794,3,meanSSBwt,0,1
0.04672788803980854,0.20600773549089774,-0.1125519594112806,3,ZM_NorCal,0,0
0.05534549890485102,0.25842244747823795,-0.1477314496685359,3,ZM_SoCal,0,0
-0.09170330486479247,0.3249605172120402,-0.5083671269416252,3,sardRec,0,0
0.07085631137087786,0.48138825025216425,-0.3396756275104086,3,anchBioSmrySeas1,0,0
0.12963154751049216,0.20014687956342236,0.05911621545756196,3,summerSST,0,1
0.09320417531760003,0.47842389007707475,-0.2920155394418745,3,avgOffTransspring,0,0
0.3884094006216543,0.5621005531750614,0.21471824806824735,3,avgOffTranssummer,0,1
-0.05827623699584699,0.4143649712013004,-0.5309174451929943,3,sprRelOffTrans,0,0
-0.42166562475155517,-0.22400672103471322,-0.619324528468397,3,sumRelOffTrans,0,1
0.1770145261535289,0.42984189231433156,-0.07581284000727392,3,meanK,0,0
-0.0453548021361696,0.16721973230427192,-0.2579293365766111,3,OC_LUSI_39N,0,0
-0.568469334181904,-0.30826557544812433,-0.8286730929156837,3,sardSpawnHab,0,1
-0.17614060993173553,0.07115718368963281,-0.42343840355310375,3,sardNurseHab,0,0
-0.04609846170686488,0.08105465353380498,-0.17325157694753468,3,springSST,0,0
-0.27340605671273704,-0.08265718394160568,-0.4641549294838685,3,randTest,0,1
0.61479622649089,0.8753719093116719,0.35422054367010813,1,NCOPspring,0,1
0.5269298234281334,0.7441000468194647,0.30975960003680225,1,NCOPsummerlag1,0,1
0.12015076413940387,0.11213058668147954,0.1281709415973282,1,BEUTI_33N,0,1
0.5147781826250705,0.578701109058301,0.45085525619183975,1,BEUTI_39N,0,1
0.2895385039248034,0.28122761782884326,0.2978493900207635,1,CUTI_33N,0,1
0.527977390395092,0.5876781207383924,0.4682766600517914,1,CUTI_39N,0,1
0.2177953388813056,0.125006816223616,0.3105838615389952,1,OC_LUSI_33N,0,1
-0.1821033214863496,-0.22119394401051176,-0.1430126989621876,1,OC_STI_33N,0,1
-0.20424100489967717,-0.15387515765176016,-0.25460685214759415,1,RREAS_Myctophids,0,1
-0.3327551643317549,-0.3755306027327087,-0.28997972593080107,1,RREAS_YOYsardine,0,1
0.11396454748242196,0.21797683695917508,0.009952258005668818,1,age1SprSardmeanWAA,0,1
-0.0802383406409814,-0.07545274407598557,-0.08502393720597717,1,meanSSBwt,0,1
0.6884656847924243,0.70559017744689,0.6713411921379587,1,ZM_NorCal,0,1
0.5766618038943095,0.635783040083802,0.517540567704817,1,ZM_SoCal,0,1
-0.31801608511091894,-0.26431759794573867,-0.3717145722760992,1,sardRec,0,1
0.024574130506854405,0.0428722585390279,0.0062760024746809084,1,anchBioSmrySeas1,0,1
-0.5009946873096934,-0.5143783160824966,-0.4876110585368903,1,summerSST,0,1
-0.17326031889725257,-0.19311154388220458,-0.15340909391230056,1,avgOffTransspring,0,1
0.22734650256797745,0.23513464548699056,0.21955835964896445,1,avgOffTranssummer,0,1
0.13855125778313976,0.14304508278925843,0.13405743277702115,1,sprRelOffTrans,0,1
0.18594678248011526,0.08404536565727332,0.2878481993029572,1,sumRelOffTrans,0,1
-0.23045039971745757,-0.1592952319024012,-0.30160556753251394,1,meanK,0,1
0.36544668659588525,0.36941400329411944,0.361479369897651,1,OC_LUSI_39N,0,1
-0.17005342881010335,-0.2471383991393649,-0.09296845848084184,1,sardSpawnHab,0,1
-0.6133731653275366,-0.4807598855870808,-0.7459864450679925,1,sardNurseHab,0,1
-0.7146496966470582,-0.6956962872037287,-0.7336031060903878,1,springSST,0,1
-0.11884370517104295,-0.15055241798134436,-0.08713499236074164,1,randTest,0,1
0.22148118392229374,0.31535393109564036,0.12760843674894712,2,NCOPspring,0,1
0.0910449232998232,0.3358602085947559,-0.1537703619951095,2,NCOPsummerlag1,0,0
0.25699813409465144,0.6838438159664377,-0.1698475477771348,2,BEUTI_33N,0,0
0.227146081528442,0.6171648495054443,-0.16287268644856032,2,BEUTI_39N,0,0
0.1940713396008812,0.7104011053070558,-0.3222584261052935,2,CUTI_33N,0,0
0.14058041042866842,0.6291677253065252,-0.34800690444918836,2,CUTI_39N,0,0
0.1652031100832578,1.1157135145851103,-0.7853072944185945,2,OC_LUSI_33N,0,0
-0.12023274404800445,0.5524358583452516,-0.7929013464412603,2,OC_STI_33N,0,0
-0.09612385602054228,0.41193948854694334,-0.604187200588028,2,RREAS_Myctophids,0,0
-0.0830410208331224,0.8372505862689615,-1.0033326279352064,2,RREAS_YOYsardine,0,0
-0.027299973453668164,0.5341239935060591,-0.5887239404133954,2,age1SprSardmeanWAA,0,0
-0.02976058106201951,1.0315308247640034,-1.0910519868880426,2,meanSSBwt,0,0
0.21456538844528203,0.9354558247944328,-0.5063250479038688,2,ZM_NorCal,0,0
0.06411413377948307,0.6724349249830339,-0.5442066574240676,2,ZM_SoCal,0,0
-0.21792139193189844,0.10177904132779113,-0.5376218251915881,2,sardRec,0,0
0.17952229774306572,0.5462548601566983,-0.18721026467056684,2,anchBioSmrySeas1,0,0
-0.08381209562709088,0.79027719167107,-0.9579013829252516,2,summerSST,0,0
-0.20183478680321942,0.2749770579909912,-0.6786466315974301,2,avgOffTransspring,0,0
0.01545130050402857,0.5920474999295315,-0.5611448989214745,2,avgOffTranssummer,0,0
0.21453745114496803,0.5846930777219661,-0.15561817543203008,2,sprRelOffTrans,0,0
0.14991909601852924,1.1776613465401442,-0.8778231545030857,2,sumRelOffTrans,0,0
0.05137243353098665,0.8324645708767217,-0.7297197038147485,2,meanK,0,0
0.17025462897727944,0.6866144399777149,-0.3461051820231561,2,OC_LUSI_39N,0,0
0.07431406413100786,1.2536370645659431,-1.1050089363039273,2,sardSpawnHab,0,0
-0.14143017812989872,0.28819412767564945,-0.5710544839354469,2,sardNurseHab,0,0
-0.17878176455921088,0.6062996001529264,-0.9638631292713482,2,springSST,0,0
-0.1334545832584128,0.44622610502797366,-0.7131352715447993,2,randTest,0,0
0.14390383205713486,0.20489613760989298,0.08291152650437676,3,NCOPspring,0,1
0.1691964709469385,0.1426950778260592,0.19569786406781778,3,NCOPsummerlag1,0,1
-0.10022138355072752,0.3150802317157594,-0.5155229988172144,3,BEUTI_33N,0,0
-0.005325146603200048,0.21822952169061655,-0.22887981489701664,3,BEUTI_39N,0,0
-0.1500102763384456,0.11344328642865392,-0.413463839105545,3,CUTI_33N,0,0
-0.06369007602770042,0.027327737481543497,-0.15470788953694434,3,CUTI_39N,0,0
-0.3961507121643655,-0.14307993498551042,-0.6492214893432207,3,OC_LUSI_33N,0,1
0.2636182607947524,0.44690995950989504,0.08032656207960978,3,OC_STI_33N,0,1
-0.2494594472748026,-0.22687929902670095,-0.2720395955229042,3,RREAS_Myctophids,0,1
0.34669952869440757,0.41153308975240477,0.28186596763641036,3,RREAS_YOYsardine,0,1
0.2220992787636889,0.41085054653490644,0.03334801099247131,3,age1SprSardmeanWAA,0,1
0.4528577236037946,0.5671080503981201,0.33860739680946905,3,meanSSBwt,0,1
-0.14722125279872098,-0.00553624084859998,-0.28890626474884207,3,ZM_NorCal,0,1
-0.09746649865459915,-0.10921433300562083,-0.0857186643035775,3,ZM_SoCal,0,1
-0.05201163570626528,0.16568239728783696,-0.26970566870036744,3,sardRec,0,0
-0.00234747945215312,0.23017188234423683,-0.234866841248543,3,anchBioSmrySeas1,0,0
0.27713954637738814,0.2767829312500801,0.27749616150469614,3,summerSST,0,1
0.15547976017567589,0.4787867591476873,-0.1678272387963355,3,avgOffTransspring,0,0
0.3024422299181853,0.44374492186297626,0.1611395379733944,3,avgOffTranssummer,0,1
-0.08017187526158162,0.2572126534201702,-0.41755640394333343,3,sprRelOffTrans,0,0
-0.44199105564234975,-0.1987701652693046,-0.6852119460153947,3,sumRelOffTrans,0,1
0.25877798015193637,0.2219052964019762,0.29565066390189654,3,meanK,0,1
-0.13215586561407647,0.05789722969987261,-0.32220896092802553,3,OC_LUSI_39N,0,0
-0.5876962973385147,-0.2940066629916096,-0.8813859316854198,3,sardSpawnHab,0,1
-0.024187509031059193,0.08744538797795254,-0.1358204060400709,3,sardNurseHab,0,0
0.17217929925112008,0.2477296762114719,0.09662892229076843,3,springSST,0,1
0.23085522049264248,0.4639108080666997,-0.0022003670814147447,3,randTest,0,0
-0.5920866102932777,-0.34199984304370434,-0.842173377542851,1,NCOPspring,0,1
-0.5060340623455712,-0.23212467348040822,-0.7799434512107344,1,NCOPsummerlag1,0,1
-0.13028794437859922,0.3534928576458869,-0.6140687464030854,1,BEUTI_33N,0,0
-0.5162429037472068,-0.12300717573868224,-0.9094786317557313,1,BEUTI_39N,0,1
-0.2949061363415951,0.15756863328416187,-0.7473809059673522,1,CUTI_33N,0,0
-0.5275645829267704,-0.1270496281613286,-0.9280795376922123,1,CUTI_39N,0,1
-0.2404999095263981,0.3920806540491565,-0.8730804731019528,1,OC_LUSI_33N,0,0
0.19957621101758205,0.6774776236109142,-0.27832520157575014,1,OC_STI_33N,0,0
0.19273535742416203,0.60820703564303,-0.2227363207947059,1,RREAS_Myctophids,0,0
0.3445336090559345,0.930495016424119,-0.2414277983122501,1,RREAS_YOYsardine,0,0
-0.0962469355834606,0.43864973785781936,-0.6311436090247406,1,age1SprSardmeanWAA,0,0
0.1419914225958217,0.7914672842101524,-0.507484439018509,1,meanSSBwt,0,0
-0.694023063286635,-0.15056024470902477,-1.2374858818642454,1,ZM_NorCal,0,1
-0.5770732984673068,-0.17497234190081407,-0.9791742550337996,1,ZM_SoCal,0,1
0.3135072668804385,0.6493923416878321,-0.02237780792695504,1,sardRec,0,0
-0.027554623162855396,0.318291215724103,-0.3734004620498138,1,anchBioSmrySeas1,0,0
0.512043473550213,1.0712331218660702,-0.04714617476564428,1,summerSST,0,0
0.18065736698707285,0.5964487492937711,-0.23513401531962544,1,avgOffTransspring,0,0
-0.20694323472504272,0.32035291176665487,-0.7342393812167405,1,avgOffTranssummer,0,0
-0.1446984445971967,0.2344542044917569,-0.5238510936861502,1,sprRelOffTrans,0,0
-0.20749163167082818,0.5555384123929327,-0.970521675734589,1,sumRelOffTrans,0,0
0.2713811312175728,0.7618746989511056,-0.2191124365159601,1,meanK,0,0
-0.3757852208442944,0.024916159582211966,-0.7764866012708008,1,OC_LUSI_39N,0,0
0.11718936663227983,0.9548734898102652,-0.7204947565457057,1,sardSpawnHab,0,0
0.6094519534494851,1.0034237901107896,0.2154801167881806,1,sardNurseHab,0,1
0.7204219487821971,1.2399710063507938,0.2008728912136007,1,springSST,0,1
0.04588475735716491,0.407756496392376,-0.3159869816780461,1,randTest,0,0
0.24570990630342665,0.14192644780200545,0.34949336480484783,2,NCOPspring,0,1
0.11289851191416138,0.16351220553833692,0.06228481828998586,2,NCOPsummerlag1,0,1
0.2612820146147504,0.5633655931363241,-0.04080156390682316,2,BEUTI_33N,0,0
0.24240589139352176,0.47365451134669206,0.011157271440351474,2,BEUTI_39N,0,1
0.18976637890832304,0.5823227966946678,-0.20279003887802172,2,CUTI_33N,0,0
0.14506491442064848,0.5115331374913002,-0.2214033086500032,2,CUTI_39N,0,0
0.15093427177581473,0.8868611688254191,-0.5849926252737896,2,OC_LUSI_33N,0,0
-0.1161742107953574,0.3975853480439579,-0.6299337696346727,2,OC_STI_33N,0,0
-0.11129835160991858,0.34147355122323225,-0.5640702544430694,2,RREAS_Myctophids,0,0
-0.07182767086690225,0.6830398686189989,-0.8266952103528035,2,RREAS_YOYsardine,0,0
-0.0189595945841996,0.38251126314326345,-0.42043045231166265,2,age1SprSardmeanWAA,0,0
-0.006021976105219762,0.7136733050364321,-0.7257172572468715,2,meanSSBwt,0,0
0.22450367322969833,0.789225559323768,-0.3402182128643716,2,ZM_NorCal,0,0
0.07218155733875488,0.4872442717176321,-0.34288115704012245,2,ZM_SoCal,0,0
-0.23144097820012194,-0.03329608026254206,-0.4295858761377017,2,sardRec,0,1
0.17994844045906205,0.44386965951944357,-0.08397277860131942,2,anchBioSmrySeas1,0,0
-0.0812274629533733,0.6555934400779974,-0.8180483659847438,2,summerSST,0,0
-0.2037518863312959,0.08514806668638386,-0.4926518393489756,2,avgOffTransspring,0,0
0.027622523733615692,0.5960633315814663,-0.5408182841142348,2,avgOffTranssummer,0,0
0.22190772675027776,0.43876299729408996,0.005052456206465633,2,sprRelOffTrans,0,1
0.13813360639587063,1.0762588553522567,-0.7999916425605151,2,sumRelOffTrans,0,0
0.059001676966936686,0.5858030114730907,-0.46779965753921715,2,meanK,0,0
0.17744825569873024,0.5169745500865345,-0.162078038689074,2,OC_LUSI_39N,0,0
0.04464338152668332,1.0001842021374348,-0.9108974390840682,2,sardSpawnHab,0,0
-0.1590532295838826,0.0405841783596374,-0.3586906375274026,2,sardNurseHab,0,0
-0.1870066210893635,0.37294029650617627,-0.7469535386849033,2,springSST,0,0
0.021816922328933328,0.42867876629546575,-0.38504492163759907,2,randTest,0,0
0.19596008184610367,0.11319005711175058,0.27873010658045677,3,NCOPspring,0,1
0.21568697237850298,0.04347105670921477,0.38790288804779116,3,NCOPsummerlag1,0,1
-0.12060619243241393,0.17350791235995985,-0.41472029722478776,3,BEUTI_33N,0,0
0.03922489163747653,0.11881844594156324,-0.04036866266661021,3,BEUTI_39N,0,0
-0.14129260062974422,-0.033525992632449375,-0.24905920862703904,3,CUTI_33N,0,1
-0.04048402984179332,-0.11496193599375049,0.03399387631016382,3,CUTI_39N,0,0
-0.3634503134996373,-0.32075640161128055,-0.4061442253879942,3,OC_LUSI_33N,0,1
0.24376666868755725,0.27123395185666843,0.216299385518446,3,OC_STI_33N,0,1
-0.3304825271552164,-0.46153884141388246,-0.1994262128965504,3,RREAS_Myctophids,0,1
0.3336906419124315,0.18769929129081853,0.4796819925340444,3,RREAS_YOYsardine,0,1
0.27206045943773915,0.2715404143034994,0.2725805045719789,3,age1SprSardmeanWAA,0,1
0.38350732790262104,0.22378327840123746,0.5432313774040045,3,meanSSBwt,0,1
-0.10780134405602759,-0.16883060583719048,-0.046772082274864735,3,ZM_NorCal,0,1
-0.029554443420914817,-0.19863017934990698,0.13952129250807743,3,ZM_SoCal,0,0
-0.11416439675638192,-0.05326433495963159,-0.17506445855313224,3,sardRec,0,1
0.03865114440033116,0.10398570310275712,-0.026683414302094782,3,anchBioSmrySeas1,0,0
0.2634133476603351,0.05106818993260598,0.4757585053880643,3,summerSST,0,1
0.11036264390584394,0.30314343425441687,-0.08241814644272896,3,avgOffTransspring,0,0
0.41298965151116385,0.4018790077334293,0.42410029528889837,3,avgOffTranssummer,0,1
-0.02614466191679222,0.16906718562937043,-0.22135650946295488,3,sprRelOffTrans,0,0
-0.49410944689265424,-0.47653564491114625,-0.5116832488741623,3,sumRelOffTrans,0,1
0.19728071061397887,-0.03510882324618003,0.42967024447413765,3,meanK,0,0
-0.07983363906843205,-0.029328605466206276,-0.1303386726706578,3,OC_LUSI_39N,0,1
-0.6194805001924037,-0.6035440542132475,-0.6354169461715597,3,sardSpawnHab,0,1
-0.10793176286038227,-0.15422618220259643,-0.06163734351816813,3,sardNurseHab,0,1
0.0922190890823836,-0.03747065884235112,0.22190883700711841,3,springSST,0,0
0.22476986691471226,0.12305796875711217,0.32648176507231236,3,randTest,0,1
0.6042279539887083,0.8603908978347281,0.3480650101426886,1,NCOPspring,0,1
0.5164172606116983,0.7893793162784836,0.2434552049449129,1,NCOPsummerlag1,0,1
0.13488570654713258,0.19252784318250774,0.07724356991175742,1,BEUTI_33N,0,1
0.5080020729561375,0.6254599567394213,0.39054418917285355,1,BEUTI_39N,0,1
0.29651279800827735,0.37962505571563454,0.21340054030092007,1,CUTI_33N,0,1
0.519651994935708,0.6698142255306129,0.3694897643408033,1,CUTI_39N,0,1
0.26634741414088053,0.3366959716081134,0.1959988566736477,1,OC_LUSI_33N,0,1
-0.2215786950765803,-0.14887647758517647,-0.29428091256798405,1,OC_STI_33N,0,1
-0.17607090985746804,-0.029628603466391054,-0.322513216248545,1,RREAS_Myctophids,0,1
-0.36358939667705314,-0.23485491345505938,-0.4923238798990469,1,RREAS_YOYsardine,0,1
0.14178061120106583,0.3293281507094311,-0.04576692830729942,1,age1SprSardmeanWAA,0,0
-0.061839694055644004,0.14294741557214669,-0.26662680368343467,1,meanSSBwt,0,0
0.6978679853906528,0.8351951592257525,0.5605408115555531,1,ZM_NorCal,0,1
0.5734733654776953,0.7514292931814931,0.3955174377738977,1,ZM_SoCal,0,1
-0.3132215141728216,-0.20894794216743412,-0.4174950861782092,1,sardRec,0,1
0.027455804993203846,0.11494421969884464,-0.06003260971243694,1,anchBioSmrySeas1,0,0
-0.5270619875781715,-0.3738819019307117,-0.6802420732256313,1,summerSST,0,1
-0.19205868503697937,-0.15010699564977797,-0.2340103744241808,1,avgOffTransspring,0,1
0.1776779008034853,0.28214752632367834,0.07320827528329225,1,avgOffTranssummer,0,1
0.1533243243180322,0.20129700506265466,0.10535164357340977,1,sprRelOffTrans,0,1
0.24228853353607815,0.31975816074404306,0.16481890632811333,1,sumRelOffTrans,0,1
-0.2308801321925663,-8.699489255081794e-4,-0.4608903154596246,1,meanK,0,1
0.3777189392370377,0.4605525841518123,0.29488529432226307,1,OC_LUSI_39N,0,1
-0.12352544716888758,0.005878950523068305,-0.2529298448608435,1,sardSpawnHab,0,0
-0.5959623677675696,-0.4078001467386845,-0.7841245887964549,1,sardNurseHab,0,1
-0.7218733096375625,-0.5653080309739903,-0.8784385883011346,1,springSST,0,1
-0.08456821274767368,0.014884937852059299,-0.18402136334740662,1,randTest,0,0
-0.21185727048575576,-0.3016743365856599,-0.1220402043858516,2,NCOPspring,0,1
-0.08298654046368246,-0.012670686544672405,-0.15330239438269253,2,NCOPsummerlag1,0,1
-0.2490508213313467,-0.39086691471790935,-0.10723472794478403,2,BEUTI_33N,0,1
-0.2126593308747339,-0.2951028829277006,-0.13021577882176713,2,BEUTI_39N,0,1
-0.16799649831627544,-0.2580402536758404,-0.07795274295671056,2,CUTI_33N,0,1
-0.11538269539130226,-0.10495214599856598,-0.12581324478403857,2,CUTI_39N,0,1
-0.17175353695380638,-0.20049491838725134,-0.1430121555203615,2,OC_LUSI_33N,0,1
0.13070543283648334,0.10611813077094134,0.15529273490202522,2,OC_STI_33N,0,1
0.0916476120503898,0.16496870771744657,0.01832651638333302,2,RREAS_Myctophids,0,1
0.0784088789550379,0.18438081176430787,-0.027563053854231953,2,RREAS_YOYsardine,0,0
0.04438213818210528,0.006889029152423953,0.08187524721178657,2,age1SprSardmeanWAA,0,1
0.02607600057195031,0.1297241131038961,-0.07757211195999543,2,meanSSBwt,0,0
-0.20135326021295277,-0.18943722210018615,-0.21326929832571956,2,ZM_NorCal,0,1
-0.05232745699682764,0.07322224321924023,-0.1778771572128955,2,ZM_SoCal,0,0
0.21075610554784868,0.15772682817620054,0.2637853829194968,2,sardRec,0,1
-0.17770032272386663,-0.21036962956989627,-0.145031015877837,2,anchBioSmrySeas1,0,1
0.0797485695548123,0.2291808455883565,-0.06968370647873186,2,summerSST,0,0
0.20524894398852062,0.05626589666997889,0.3542319913070623,2,avgOffTransspring,0,1
-1.9540289979216863e-4,-0.002407438201707024,0.0020166324021227144,2,avgOffTranssummer,0,0
-0.21885114143076928,-0.3693706435290859,-0.06833163933245268,2,sprRelOffTrans,0,1
-0.15116621747102404,-0.1579082470357195,-0.1444241879063285,2,sumRelOffTrans,0,1
-0.05716668659533153,0.1237282624881913,-0.2380616356788543,2,meanK,0,0
-0.16614497691489252,-0.2219272463054222,-0.11036270752436278,2,OC_LUSI_39N,0,1
-0.06103266342275343,-0.07345636996716408,-0.04860895687834288,2,sardSpawnHab,0,1
0.13662429850163987,0.1378734287552704,0.13537516824800927,2,sardNurseHab,0,1
0.16606011021935801,0.23750886717691522,0.09461135326180077,2,springSST,0,1
0.025785321198663752,0.04370376746227392,0.0078668749350536,2,randTest,0,1
0.1692809048707371,0.2410476853421623,0.09751412439931191,3,NCOPspring,0,1
0.21773386018633148,0.4178653110123192,0.017602409360343747,3,NCOPsummerlag1,0,1
-0.06620094372443928,0.4019094779603548,-0.5343113654092334,3,BEUTI_33N,0,0
0.025893424965429256,0.41209301047908753,-0.360306160548229,3,BEUTI_39N,0,0
-0.05475415565335008,0.32362204763330177,-0.4331303589400019,3,CUTI_33N,0,0
0.009569712697253166,0.38009114292419777,-0.36095171752969135,3,CUTI_39N,0,0
-0.404593609890543,0.4693293814418314,-1.2785166012229174,3,OC_LUSI_33N,0,0
0.2845552774327758,0.9363055469939741,-0.36719499212842244,3,OC_STI_33N,0,0
-0.23427527827325623,0.15952996795609833,-0.6280805245026106,3,RREAS_Myctophids,0,0
0.3226817348759453,1.0855896448053879,-0.44022617505349737,3,RREAS_YOYsardine,0,0
0.3831050356039333,1.1025008213173209,-0.3362907501094543,3,age1SprSardmeanWAA,0,0
0.5363855808261327,1.5505116779628398,-0.47774051631057424,3,meanSSBwt,0,0
-0.11940423903739897,0.5219224865162285,-0.7607309645910265,3,ZM_NorCal,0,0
-0.07839225744635316,0.43073356931669116,-0.5875180842093974,3,ZM_SoCal,0,0
-0.06568076494136957,0.2789327488463623,-0.41029427872910146,3,sardRec,0,0
-7.326013619022437e-4,0.3776992970703146,-0.379164499794119,3,anchBioSmrySeas1,0,0
0.2706844888265171,1.0259245926081269,-0.4845556149550927,3,summerSST,0,0
0.16974830846284833,0.6805500881490064,-0.3410534712233097,3,avgOffTransspring,0,0
0.32495624841299986,0.8579474608238298,-0.20803496399783,3,avgOffTranssummer,0,0
-0.09299986775908635,0.34447755548238423,-0.530477291000557,3,sprRelOffTrans,0,0
-0.4188283570385266,0.46198898945293587,-1.299645703529989,3,sumRelOffTrans,0,0
0.2740361725939669,0.9371281876198319,-0.38905584243189795,3,meanK,0,0
-0.11746840234091858,0.3631430815593584,-0.5980798862411956,3,OC_LUSI_39N,0,0
-0.5244568844769864,0.379586911243365,-1.4285006801973377,3,sardSpawnHab,0,0
0.003765178698123803,0.45636935806197876,-0.4488390006657312,3,sardNurseHab,0,0
0.1472840163774671,0.8306121891469309,-0.5360441563919967,3,springSST,0,0
0.15555414678849092,0.5301494767537933,-0.21904118317681148,3,randTest,0,0
0.6101252464247996,0.8664463758179903,0.3538041170316089,1,NCOPspring,0,1
0.520840241551657,0.7919759550628753,0.2497045280404385,1,NCOPsummerlag1,0,1
0.14287526687292257,0.14919921890053414,0.136551314845311,1,BEUTI_33N,0,1
0.5150896661980503,0.6116673143402644,0.41851201805583604,1,BEUTI_39N,0,1
0.2915996090490714,0.35467362668185054,0.22852559141629222,1,CUTI_33N,0,1
0.5277409105556704,0.6704911510410101,0.3849906700703307,1,CUTI_39N,0,1
0.2558757779113818,0.3151203276077773,0.19663122821498633,1,OC_LUSI_33N,0,1
-0.21533295846338563,-0.1521450321123981,-0.2785208848143732,1,OC_STI_33N,0,1
-0.1815640817971944,-0.031832966068333954,-0.33129519752605485,1,RREAS_Myctophids,0,1
-0.35258944752950727,-0.21699034126455707,-0.4881885537944576,1,RREAS_YOYsardine,0,1
0.1271166020286876,0.30285515064266466,-0.04862194658528944,1,age1SprSardmeanWAA,0,0
-0.07914726347133558,0.13168653732725483,-0.289981064269926,1,meanSSBwt,0,0
0.6967300776729378,0.8325863887098859,0.56087376663599,1,ZM_NorCal,0,1
0.5690074168537482,0.7596131183485005,0.3784017153589959,1,ZM_SoCal,0,1
-0.31418492801227005,-0.22041956092247636,-0.4079502951020638,1,sardRec,0,1
0.02832392875844969,0.09816130451058877,-0.04151344699368936,1,anchBioSmrySeas1,0,0
-0.5233531896551544,-0.3535577429780833,-0.6931486363322256,1,summerSST,0,1
-0.19196420207681264,-0.1776246139249884,-0.2063037902286369,1,avgOffTransspring,0,1
0.18241483237282413,0.28126299353588646,0.08356667120976174,1,avgOffTranssummer,0,1
0.15459475384919052,0.169321648936128,0.1398678587622531,1,sprRelOffTrans,0,1
0.234458498397741,0.30553372938954304,0.1633832674059389,1,sumRelOffTrans,0,1
-0.23982715595664356,0.00584676050447927,-0.48550107241776636,1,meanK,0,0
0.3722839994806089,0.4468365036690497,0.297731495292168,1,OC_LUSI_39N,0,1
-0.1385678109038818,-0.020559226824874988,-0.2565763949828887,1,sardSpawnHab,0,1
-0.6053565990163239,-0.41186008991872436,-0.7988531081139234,1,sardNurseHab,0,1
-0.7157756851716455,-0.5519450472431527,-0.8796063231001381,1,springSST,0,1
-0.15515705753764436,-0.030373520950041533,-0.27994059412524724,1,randTest,0,1
-0.21012452891232788,-0.29840043108097947,-0.12184862674367632,2,NCOPspring,0,1
-0.08376277574268529,-0.008864897581905007,-0.1586606539034655,2,NCOPsummerlag1,0,1
-0.25241312522761467,-0.4238251019633359,-0.0810011484918936,2,BEUTI_33N,0,1
-0.2123830048199393,-0.2597840758517487,-0.16498193378812984,2,BEUTI_39N,0,1
-0.1662350316254203,-0.21938528724674838,-0.11308477600409222,2,CUTI_33N,0,1
-0.11811932442654902,-0.005936065754433874,-0.23030258309866417,2,CUTI_39N,0,1
-0.1595498984550459,0.0027601307253060925,-0.3218599276353979,2,OC_LUSI_33N,0,0
0.12384771680183869,0.23581074132156482,0.011884692282112558,2,OC_STI_33N,0,1
0.08723448670861643,0.2650626603757504,-0.0905936869585176,2,RREAS_Myctophids,0,0
0.07366705704157009,0.38664016279727237,-0.2393060487141323,2,RREAS_YOYsardine,0,0
0.03038285041536931,0.09787774794766602,-0.03711204711692731,2,age1SprSardmeanWAA,0,0
0.0041654825750737645,0.3219921387973646,-0.31366117364721724,2,meanSSBwt,0,0
-0.19368400398738092,-0.033356045235315074,-0.3540119627394469,2,ZM_NorCal,0,1
-0.04397164990271174,0.2147172503268648,-0.3026605501322881,2,ZM_SoCal,0,0
0.20686986120109918,0.18000968747333917,0.23373003492885916,2,sardRec,0,1
-0.17812875812843557,-0.181098256845083,-0.17515925941178817,2,anchBioSmrySeas1,0,1
0.07131245923442256,0.4440633594846325,-0.3014384410157875,2,summerSST,0,0
0.20215839041138114,0.12316943565410243,0.2811473451686598,2,avgOffTransspring,0,1
2.2236972491355977e-4,0.13346948714979368,-0.13302474769996656,2,avgOffTranssummer,0,0
-0.2171347626388773,-0.3586788785001489,-0.07559064677760571,2,sprRelOffTrans,0,1
-0.14797488624227328,0.069944752838400015,-0.36589452532294653,2,sumRelOffTrans,0,0
-0.0719753029642013,0.23951062193614103,-0.3834612278645435,2,meanK,0,0
-0.15923218433302705,-0.1510735513871126,-0.1673908172789415,2,OC_LUSI_39N,0,1
-0.059328957267302335,0.13364871615699167,-0.2523066306915962,2,sardSpawnHab,0,0
0.12922434520779486,0.18738209497823907,0.07106659543735072,2,sardNurseHab,0,1
0.1551866862330748,0.38441812961702526,-0.07404475715087579,2,springSST,0,0
0.004062419082091331,0.2160861557484905,-0.20796131758430772,2,randTest,0,0
0.19656182708858658,0.2791398712035755,0.11398378297359767,3,NCOPspring,0,1
0.22543107548245675,0.4142163351560119,0.0366458158089016,3,NCOPsummerlag1,0,1
-0.10113750787942034,0.4653526194787381,-0.6676276352375787,3,BEUTI_33N,0,0
0.017406877177424535,0.47706367143396977,-0.4422499170791207,3,BEUTI_39N,0,0
-0.058981636416119726,0.38531035059818874,-0.5032736234304281,3,CUTI_33N,0,0
-0.041797083499330714,0.4498192596504956,-0.533413426649157,3,CUTI_39N,0,0
-0.4117658815778641,0.5964479703695393,-1.4199797335252673,3,OC_LUSI_33N,0,0
0.29152337560116476,1.0464023292161753,-0.4633555780138455,3,OC_STI_33N,0,0
-0.2954251065198898,0.20249667838407806,-0.7933468914238576,3,RREAS_Myctophids,0,0
0.3703454324015919,1.2973550234253357,-0.5566641586221519,3,RREAS_YOYsardine,0,0
0.336173304713374,1.049244739156976,-0.376898129730228,3,age1SprSardmeanWAA,0,0
0.48594585445177163,1.5049398152662163,-0.5330481063626732,3,meanSSBwt,0,0
-0.1267903105632236,0.6225517252590829,-0.8761323463855302,3,ZM_NorCal,0,0
-0.08610011721588409,0.4767349773981715,-0.6489352118299397,3,ZM_SoCal,0,0
-0.09929529244734875,0.27068735958875334,-0.46927794448345084,3,sardRec,0,0
0.019478913487263196,0.441446472197367,-0.40248864522284067,3,anchBioSmrySeas1,0,0
0.31437994343251247,1.2210287915098736,-0.5922689046448486,3,summerSST,0,0
0.18695457446396938,0.8187675721074155,-0.44485842317947666,3,avgOffTransspring,0,0
0.39963859061955886,1.1108702610919412,-0.3115930798528234,3,avgOffTranssummer,0,0
-0.09006581407374427,0.41307348589958703,-0.5932051140470755,3,sprRelOffTrans,0,0
-0.48773639310535155,0.6397327936775772,-1.6152055798882803,3,sumRelOffTrans,0,0
0.2294205101617721,0.8722947026477208,-0.41345368232417673,3,meanK,0,0
-0.08169219896011269,0.4178380181949461,-0.5812224161151716,3,OC_LUSI_39N,0,0
-0.5939591491081198,0.53430924338843,-1.7222275416046693,3,sardSpawnHab,0,0
-0.04317168807836885,0.40866497482749004,-0.4950083509842277,3,sardNurseHab,0,0
0.13492606010544358,0.8845742749338675,-0.6147221547229804,3,springSST,0,0
0.23930240699008537,0.8076629648833911,-0.3290581509032203,3,randTest,0,0
0.5673861868676787,0.8098442714570147,0.32492810227834285,1,NCOPspring,0,1
0.4674354680560195,0.732116976570044,0.20275395954199507,1,NCOPsummerlag1,0,1
0.12421415086526363,0.7762800049407665,-0.5278517032102392,1,BEUTI_33N,0,0
0.5050227612646714,0.9188906361862621,0.09115488634308062,1,BEUTI_39N,0,1
0.2939534373205973,0.7056105550098224,-0.11770368036862783,1,CUTI_33N,0,0
0.5221974429678067,0.9172479386501547,0.12714694728545856,1,CUTI_39N,0,1
0.283781410942153,1.2417976306916723,-0.6742348088073662,1,OC_LUSI_33N,0,0
-0.2343185402275117,0.5341821733463278,-1.0028192538013512,1,OC_STI_33N,0,0
-0.16953011064243576,0.20849993913706455,-0.547560160421936,1,RREAS_Myctophids,0,0
-0.3772650643144801,0.15796134217692437,-0.9124914708058846,1,RREAS_YOYsardine,0,0
0.18441833711779038,1.0839170816952257,-0.7150804074596451,1,age1SprSardmeanWAA,0,0
-0.036389090648522804,1.0753425800673537,-1.1481207613643996,1,meanSSBwt,0,0
0.7060745948974809,1.3309925500327904,0.08115663976217152,1,ZM_NorCal,0,1
0.5969575790650625,1.109663182525116,0.08425197560500924,1,ZM_SoCal,0,1
-0.307962876905599,0.2929426077306044,-0.9088683615418024,1,sardRec,0,0
0.015683203810584356,0.512913528059096,-0.48154712043792725,1,anchBioSmrySeas1,0,0
-0.5410480436234938,0.1533886344258121,-1.2354847216727995,1,summerSST,0,0
-0.19046094860433227,0.25941963473996466,-0.6403415319486292,1,avgOffTransspring,0,0
0.1735131463009722,0.7976374584577082,-0.4506111658557638,1,avgOffTranssummer,0,0
0.15604576599625652,0.7260572135149408,-0.41396568152242763,1,sprRelOffTrans,0,0
0.25279943977845387,1.1898849412086712,-0.6842860616517634,1,sumRelOffTrans,0,0
-0.28038868584209214,0.3824325513907592,-0.9432099230749436,1,meanK,0,0
0.38738216558971433,0.955446613183611,-0.18068228200418224,1,OC_LUSI_39N,0,0
-0.00844715264714023,0.5181777870133246,-0.5350720923076051,1,sardSpawnHab,0,0
-0.5741833425230286,-0.02916292434001674,-1.1192037607060406,1,sardNurseHab,0,1
-0.7362550305926203,-0.08699764394778842,-1.3855124172374522,1,springSST,0,1
-0.0014337856752886513,0.8999550960023259,-0.9028226673529032,1,randTest,0,0
-0.21790232873541243,-0.31101735775014766,-0.12478729972067719,2,NCOPspring,0,1
-0.08755662722894164,-0.05353210879712211,-0.12158114566076123,2,NCOPsummerlag1,0,1
-0.2718184767458615,0.07370388873747781,-0.6173408422292009,2,BEUTI_33N,0,0
-0.22451542957233964,-0.0659766743218471,-0.3830541848228323,2,BEUTI_39N,0,1
-0.17625732357172988,0.046833194203281886,-0.39934784134674167,2,CUTI_33N,0,0
-0.13028679423359324,0.11485480546418553,-0.375428393931372,2,CUTI_39N,0,0
-0.20055284528567188,1.1096621592441676,-1.5107678498155113,2,OC_LUSI_33N,0,0
0.1599569315070728,1.1751961688845471,-0.8552823058704014,2,OC_STI_33N,0,0
0.1105646415811508,0.39318202801955576,-0.17205274485725414,2,RREAS_Myctophids,0,0
0.06564595783059007,0.7655732500110305,-0.6342813343498505,2,RREAS_YOYsardine,0,0
0.002781465756068362,1.0271818183057528,-1.021618886793616,2,age1SprSardmeanWAA,0,0
3.3107289804225695e-5,1.60471164941703,-1.6046454348374215,2,meanSSBwt,0,0
-0.2306111407207365,0.4855466786613028,-0.9467689601027759,2,ZM_NorCal,0,0
-0.07905677700314231,0.3548202661535312,-0.5129338201598158,2,ZM_SoCal,0,0
0.26430438544034823,0.6917625939845662,-0.16315382310386964,2,sardRec,0,0
-0.1285551625145497,0.37501965289059375,-0.632129977919693,2,anchBioSmrySeas1,0,0
0.1033561132226872,1.1428650964274587,-0.9361528699820844,2,summerSST,0,0
0.19131904624124044,0.4154455281324852,-0.03280743565000426,2,avgOffTransspring,0,0
0.006836617125803565,0.7568415430673241,-0.7431683088157169,2,avgOffTranssummer,0,0
-0.23515257494486833,0.09599188432628644,-0.5662970342160231,2,sprRelOffTrans,0,0
-0.17869722035747662,1.1211830968943872,-1.4785775376093402,2,sumRelOffTrans,0,0
-0.05447464576276901,0.592200397606096,-0.7011496891316339,2,meanK,0,0
-0.19042876752661528,0.4290512369292131,-0.8099087719824436,2,OC_LUSI_39N,0,0
-0.05408132675825618,0.4320173139315952,-0.5401799674481076,2,sardSpawnHab,0,0
0.1559554088009843,0.6691662209284468,-0.35725540332647826,2,sardNurseHab,0,0
0.19441207925707019,1.0154088458535908,-0.6265846873394505,2,springSST,0,0
0.16548107640545018,1.2310335530154135,-0.9000714002045132,2,randTest,0,0
-0.28364052699462555,-0.4048471063558269,-0.1624339476334242,3,NCOPspring,0,1
-0.23372672497233898,-0.3661201148011276,-0.10133333514355039,3,NCOPsummerlag1,0,1
0.10182948921119128,0.5859749871708605,-0.382316008748478,3,BEUTI_33N,0,0
-0.16080102334935725,-0.02061891926771281,-0.30098312743100175,3,BEUTI_39N,0,1
-0.0319979522529676,0.13578584186991738,-0.1997817463758526,3,CUTI_33N,0,0
-0.13234887584157712,-0.08695909098385357,-0.17773866069930072,3,CUTI_39N,0,1
0.4310017622996815,0.5783909201507189,0.283612604448644,3,OC_LUSI_33N,0,1
-0.32914615886771714,-0.21356839612891107,-0.44472392160652313,3,OC_STI_33N,0,1
0.21664267620704064,0.27367572271913565,0.15960962969494563,3,RREAS_Myctophids,0,1
-0.12678802624083832,-0.16124398420702551,-0.09233206827465112,3,RREAS_YOYsardine,0,1
-0.5516862722364004,-0.5108542468618693,-0.5925182976109318,3,age1SprSardmeanWAA,0,1
-0.6865523008471752,-0.8002164694383954,-0.5728881322559551,3,meanSSBwt,0,1
-0.02058938069219024,-0.006570875192333903,-0.03460788619204669,3,ZM_NorCal,0,1
-0.09040333524663163,5.020175396685533e-4,-0.18130868803293182,3,ZM_SoCal,0,0
-0.04827234654498681,0.2888156364188526,-0.38536032950882626,3,sardRec,0,0
-0.23219814352021168,-0.12284636074488871,-0.3415499262955347,3,anchBioSmrySeas1,0,1
-0.19063432953442327,-0.28158844262439,-0.09968021644445657,3,summerSST,0,1
-0.01636653785982352,0.25134616946046867,-0.2840792451801157,3,avgOffTransspring,0,0
-0.41666059052561333,-0.3418134052498554,-0.4915077758013714,3,avgOffTranssummer,0,1
0.0790869305323215,0.4617030606276557,-0.3035291995630127,3,sprRelOffTrans,0,0
0.4411119746833491,0.5624308009787341,0.31979314838796413,3,sumRelOffTrans,0,1
-0.15901164676303212,-0.06934627796834779,-0.24867701555771649,3,meanK,0,1
0.08912291705870426,0.20254701608508296,-0.02430118196767446,3,OC_LUSI_39N,0,0
0.22983918195841616,0.3166765144355687,0.14300184948126354,3,sardSpawnHab,0,1
0.038802462296370854,0.0428482559758231,0.03475666861691867,3,sardNurseHab,0,1
-0.008149095298625897,-0.04726614252309008,0.030967951925838344,3,springSST,0,0
-0.4656467541185766,-0.1870160708063887,-0.7442774374307645,3,randTest,0,1
0.5775650941903587,0.8221007655305806,0.3330294228501369,1,NCOPspring,0,1
0.48876476431612503,0.6985908966209267,0.2789386320113233,1,NCOPsummerlag1,0,1
0.13434135989725718,0.04843909955231257,0.2202436202422018,1,BEUTI_33N,0,1
0.4987996613680488,0.5257271107039223,0.47187221203217533,1,BEUTI_39N,0,1
0.30061690966796234,0.26775866138155335,0.3334751579543714,1,CUTI_33N,0,1
0.5158834341598376,0.5709515033084697,0.46081536501120557,1,CUTI_39N,0,1
0.2999632118425486,0.1142210318265206,0.4857053918585766,1,OC_LUSI_33N,0,1
-0.2474746203463829,-0.3643028028847759,-0.1306464378079899,1,OC_STI_33N,0,1
-0.14585694891915724,-0.12414488904383213,-0.16756900879448233,1,RREAS_Myctophids,0,1
-0.3935812146412456,-0.47712819509559556,-0.3100342341868958,1,RREAS_YOYsardine,0,1
0.09535638539805279,0.08587056962858153,0.10484220116752405,1,age1SprSardmeanWAA,0,1
-0.13121568931900904,-0.2171807312598641,-0.045250647378153944,1,meanSSBwt,0,1
0.6996387034042545,0.6763751709210198,0.722902235887489,1,ZM_NorCal,0,1
0.5812621236362565,0.6200477047054781,0.542476542567035,1,ZM_SoCal,0,1
-0.2953794686714085,-0.28747827413882743,-0.3032806632039897,1,sardRec,0,1
0.02209882907725124,-0.011758046028726099,0.05595570418322858,1,anchBioSmrySeas1,0,0
-0.5408868945321323,-0.5798396395027836,-0.5019341495614809,1,summerSST,0,1
-0.1999574074095502,-0.30039228197677426,-0.0995225328423261,1,avgOffTransspring,0,1
0.1574632385562043,0.1079732701772056,0.20695320693520303,1,avgOffTranssummer,0,1
0.16045701170612153,0.08037447458031002,0.24053954883193296,1,sprRelOffTrans,0,1
0.26984229221422734,0.09025587245017636,0.4494287119782784,1,sumRelOffTrans,0,1
-0.26535393779674254,-0.22457988945025648,-0.3061279861432287,1,meanK,0,1
0.3929234919166423,0.3377110079117762,0.44813597592150833,1,OC_LUSI_39N,0,1
-0.06835292589575684,-0.22449972665235768,0.08779387486084406,1,sardSpawnHab,0,0
-0.5940438610434671,-0.50745564495801,-0.6806320771289243,1,sardNurseHab,0,1
-0.72934218936911,-0.7422673517916031,-0.7164170269466171,1,springSST,0,1
-0.0538893304937054,7.843951078270461e-4,-0.10856305609523785,1,randTest,0,0
0.2328923503567687,0.33149679826636547,0.13428790244717193,2,NCOPspring,0,1
0.10220823636824501,0.34941377742914914,-0.14499730469265917,2,NCOPsummerlag1,0,0
0.2554912016354482,0.6639078805237075,-0.15292547725281114,2,BEUTI_33N,0,0
0.23004390638969396,0.5945637120466815,-0.13447589926729359,2,BEUTI_39N,0,0
0.18324561501325742,0.6076621052004811,-0.24117087517396624,2,CUTI_33N,0,0
0.13498168906733282,0.5580306670195023,-0.28806728888483674,2,CUTI_39N,0,0
0.17992151448858387,1.2288740556148714,-0.8690310266377034,2,OC_LUSI_33N,0,0
-0.13883379183179162,0.6422339426455024,-0.9199015263090856,2,OC_STI_33N,0,0
-0.09456525742180134,0.4520698393978655,-0.6412003542414682,2,RREAS_Myctophids,0,0
-0.09064465205067351,0.8635089674824399,-1.044798271583787,2,RREAS_YOYsardine,0,0
-0.03713334637007515,0.7446916156424807,-0.818958308382631,2,age1SprSardmeanWAA,0,0
-0.03186887024476748,1.211689816643552,-1.275427557133087,2,meanSSBwt,0,0
0.22406690143248337,0.9522666384101955,-0.5041328355452288,2,ZM_NorCal,0,0
0.07331552310498886,0.7001833638486762,-0.5535523176386985,2,ZM_SoCal,0,0
-0.22062112821097943,0.09723347564718947,-0.5384757320691483,2,sardRec,0,0
0.17698590101181505,0.5468429088832653,-0.19287110685963518,2,anchBioSmrySeas1,0,0
-0.09238709255410502,0.8068355174690873,-0.9916097025772974,2,summerSST,0,0
-0.2096091773867909,0.30185279994588676,-0.7210711547194686,2,avgOffTransspring,0,0
0.011704380884343252,0.6402553811795022,-0.6168466194108159,2,avgOffTranssummer,0,0
0.2260421569077957,0.6270751776747794,-0.17499086385918802,2,sprRelOffTrans,0,0
0.1565936543106685,1.2168266545026616,-0.9036393458813246,2,sumRelOffTrans,0,0
0.047236266518255354,0.8902026670632532,-0.7957301340267424,2,meanK,0,0
0.18360783880241394,0.7498239746795128,-0.3826082970746849,2,OC_LUSI_39N,0,0
0.06029665041369739,1.2209516535444307,-1.1003583527170357,2,sardSpawnHab,0,0
-0.1556256306797658,0.316468555524444,-0.6277198168839756,2,sardNurseHab,0,0
-0.18947635435259916,0.6057594815192477,-0.9847121902244461,2,springSST,0,0
-0.018140208843674236,0.18941101127877302,-0.2256914289661215,2,randTest,0,0
0.2369906054352189,0.337330216302226,0.13665099456821186,3,NCOPspring,0,1
0.2428416210203438,0.2564668822374642,0.22921635980322339,3,NCOPsummerlag1,0,1
-0.05731501322289137,0.36977998894347364,-0.4844100153892564,3,BEUTI_33N,0,0
0.0964043688666371,0.3297474584733668,-0.1369387207400926,3,BEUTI_39N,0,0
-0.0410148958470446,0.2033778750996772,-0.2854076667937664,3,CUTI_33N,0,0
0.06869806561588636,0.1662973516670636,-0.02890122043529092,3,CUTI_39N,0,0
-0.36789368242963605,-0.11703657962883007,-0.6187507852304421,3,OC_LUSI_33N,0,1
0.2560214220061137,0.450958739608262,0.061084104403965306,3,OC_STI_33N,0,1
-0.2803846403222092,-0.25095162557754824,-0.3098176550668702,3,RREAS_Myctophids,0,1
0.275412799597861,0.3231627933729182,0.22766280582280374,3,RREAS_YOYsardine,0,1
0.3551016773897543,0.606148428100646,0.10405492667886262,3,age1SprSardmeanWAA,0,1
0.5041513404585543,0.6334126031442386,0.37489007777287,3,meanSSBwt,0,1
-0.021610500780750552,0.1145737592555019,-0.15779476081700305,3,ZM_NorCal,0,0
7.805148388893846e-4,-1.6793199691989696e-4,0.0017289616746986591,3,ZM_SoCal,0,0
-0.10896154229318228,0.12593814119934327,-0.3438612257857078,3,sardRec,0,0
0.012766266740808267,0.2597886142790056,-0.2342560807973891,3,anchBioSmrySeas1,0,0
0.18065999286690432,0.16531057367555352,0.19600941205825528,3,summerSST,0,1
0.1309495196993521,0.47178992501252154,-0.20989088561381747,3,avgOffTransspring,0,0
0.3380215791966955,0.49004290934183903,0.18600024905155205,3,avgOffTranssummer,0,1
-0.07209642791202517,0.30557362963469137,-0.4497664854587417,3,sprRelOffTrans,0,0
-0.38559730196352326,-0.16024573273958256,-0.610948871187464,3,sumRelOffTrans,0,1
0.23205246796252815,0.20280768364838064,0.26129725227667566,3,meanK,0,1
-0.08070418038096153,0.11863372190794849,-0.2800420826698715,3,OC_LUSI_39N,0,0
-0.5601868972523525,-0.2966864524050311,-0.8236873420996738,3,sardSpawnHab,0,1
-0.09539611167572554,0.03724566948934749,-0.2280378928407985,3,sardNurseHab,0,0
0.041378189352498235,0.10996140878813998,-0.027205030083143626,3,springSST,0,0
-0.04185688050331831,0.06900009511225963,-0.15271385611889624,3,randTest,0,0
0.5596321650144109,0.7956901873294294,0.32357414269939244,1,NCOPspring,0,1
0.4755237773746948,0.7085209626770301,0.2425265920723594,1,NCOPsummerlag1,0,1
0.14497150838382297,0.13292270426006123,0.15702031250758472,1,BEUTI_33N,0,1
0.4934000164199014,0.5319239385630468,0.4548760942767559,1,BEUTI_39N,0,1
0.2929273133010041,0.3232945337688612,0.26256009283314696,1,CUTI_33N,0,1
0.5060791075677418,0.5784000607912914,0.43375815434419207,1,CUTI_39N,0,1
0.3274792267431309,0.265886232276478,0.38907222120978385,1,OC_LUSI_33N,0,1
-0.2596942767344422,-0.28320045186337717,-0.2361881016055072,1,OC_STI_33N,0,1
-0.1270585281472118,-0.05006235937348212,-0.2040546969209415,1,RREAS_Myctophids,0,1
-0.41351659255237966,-0.42069604100369934,-0.4063371441010599,1,RREAS_YOYsardine,0,1
0.07825858129111217,0.15426880170669438,0.0022483608755300144,1,age1SprSardmeanWAA,0,1
-0.15351403440766614,-0.12313164216678946,-0.18389642664854278,1,meanSSBwt,0,1
0.6904379036095218,0.7180246434465682,0.6628511637724753,1,ZM_NorCal,0,1
0.5687397685270833,0.64498194004073806,0.49249759701342855,1,ZM_SoCal,0,1
-0.2821780888758888,-0.22310144520269432,-0.3412547325490833,1,sardRec,0,1
0.034199771031939226,0.04687034807131224,0.021529193992566198,1,anchBioSmrySeas1,0,1
-0.5567821844457543,-0.541511563451625,-0.5720528054398836,1,summerSST,0,1
-0.21974727731979998,-0.2644279715490191,-0.1750665830905809,1,avgOffTransspring,0,1
0.12830113410556143,0.15502322222453338,0.10157904598658943,1,avgOffTranssummer,0,1
0.16513055654303796,0.14507476406108957,0.18518634902498632,1,sprRelOffTrans,0,1
0.29706057077066206,0.24555867978954188,0.3485624617517824,1,sumRelOffTrans,0,1
-0.2772193275944121,-0.17112431943666515,-0.383314335752159,1,meanK,0,1
0.38840112989687475,0.39477848442243096,0.38202377537131854,1,OC_LUSI_39N,0,1
-0.05636383814947385,-0.06354286138672635,-0.049184814912221375,1,sardSpawnHab,0,1
-0.5858898557237514,-0.4875663676149846,-0.6842133438325181,1,sardNurseHab,0,1
-0.7286731417999267,-0.7007482391489348,-0.7565980444509186,1,springSST,0,1
0.1170963054935655,0.084924398913584,0.149268212073547,1,randTest,0,1
0.22393102031411735,0.3183871954501079,0.12947484517812677,2,NCOPspring,0,1
0.08246141124190637,0.34743995138765893,-0.1825171289038463,2,NCOPsummerlag1,0,0
0.26740568661381836,0.6810284883658098,-0.14621711513817312,2,BEUTI_33N,0,0
0.2428264224924703,0.6320556650572752,-0.14640282007233474,2,BEUTI_39N,0,0
0.17487777674944452,0.5041667096215667,-0.1544111561226777,2,CUTI_33N,0,0
0.1407303157410719,0.5297473646054873,-0.24828673312334354,2,CUTI_39N,0,0
0.21480850964950812,0.9693767592448492,-0.539759739945833,2,OC_LUSI_33N,0,0
-0.15589679990458333,0.3968363634469426,-0.7086299632561093,2,OC_STI_33N,0,0
-0.0843743522928834,0.3031532257165379,-0.47190193030230465,2,RREAS_Myctophids,0,0
-0.12832564479924483,0.6125882450981558,-0.8692395346966454,2,RREAS_YOYsardine,0,0
-0.07100885769392125,0.561837165250365,-0.7038548806382074,2,age1SprSardmeanWAA,0,0
-0.08489257717326817,0.8698443615615845,-1.039629515908121,2,meanSSBwt,0,0
0.23526597102875832,0.8259988233279403,-0.3554668812704237,2,ZM_NorCal,0,0
0.08141906258667114,0.6047242001487638,-0.4418860749754215,2,ZM_SoCal,0,0
-0.2096604083220552,0.11549642091949643,-0.5348172375636069,2,sardRec,0,0
0.19797724647834505,0.558767489832307,-0.1628129968756168,2,anchBioSmrySeas1,0,0
-0.1289476105234876,0.5970863912243503,-0.8549816122713254,2,summerSST,0,0
-0.24559299684126998,0.22992851745547238,-0.7211145111380122,2,avgOffTransspring,0,0
-0.01240150649753298,0.4386063178394817,-0.4634093308345476,2,avgOffTranssummer,0,0
0.24149807231829357,0.6307850342138517,-0.14778888957726444,2,sprRelOffTrans,0,0
0.18596014983990342,0.9206489450977999,-0.5487286454179932,2,sumRelOffTrans,0,0
0.025187983300094946,0.6881677749784216,-0.6377918083782317,2,meanK,0,0
0.18899742375314427,0.6206090044799685,-0.24261415697368,2,OC_LUSI_39N,0,0
0.0902713920276575,0.9086079351001883,-0.7280651510448735,2,sardSpawnHab,0,0
-0.16697338189920252,0.29492137301100385,-0.628868136809409,2,sardNurseHab,0,0
-0.21396054375203222,0.4545257805868853,-0.8824468680909497,2,springSST,0,0
0.1937034571615403,0.6366861093123386,-0.249279194989258,2,randTest,0,0
0.27057908180143136,0.3847118406435089,0.15644632295935382,3,NCOPspring,0,1
0.3128606746536579,0.29337917413959036,0.33234217516772546,3,NCOPsummerlag1,0,1
-0.037637858960866896,0.17745830027314455,-0.25273401819487834,3,BEUTI_33N,0,0
0.08385442650064462,0.2530683547710663,-0.08535950176977708,3,BEUTI_39N,0,0
0.01324561475223568,0.15742192666349364,-0.13093069715902234,3,CUTI_33N,0,0
0.07019608434258309,0.15445111810672574,-0.014058949421559525,3,CUTI_39N,0,0
-0.34749319411329815,-0.12023631374302574,-0.5747500744835706,3,OC_LUSI_33N,0,1
0.22758499250357356,0.39213683520910403,0.06303314979804311,3,OC_STI_33N,0,1
-0.2565931517364209,-0.22972423983268528,-0.2834620636401566,3,RREAS_Myctophids,0,1
0.28654488143777074,0.3934885393088468,0.1796012235666946,3,RREAS_YOYsardine,0,1
0.374370871772558,0.5653974570221354,0.18334428652298052,3,age1SprSardmeanWAA,0,1
0.5325756476468606,0.6988008125271756,0.3663504827665457,3,meanSSBwt,0,1
-0.0050371168881183925,0.13888918200478628,-0.14896341578102296,3,ZM_NorCal,0,0
-0.005578202493359163,0.016870495113709808,-0.028026900100428076,3,ZM_SoCal,0,0
-0.14539604610599274,-0.05391499349532061,-0.23687709871666493,3,sardRec,0,1
-0.024264469724823455,0.11575875098513211,-0.1642876904347791,3,anchBioSmrySeas1,0,0
0.19738355158425405,0.26696178307821583,0.12780532009029227,3,summerSST,0,1
0.1624579168651803,0.4213223593420442,-0.09640652561168356,3,avgOffTransspring,0,0
0.32675476688933625,0.44294527856360455,0.21056425521506783,3,avgOffTranssummer,0,1
-0.07074065293842845,0.1529052467567035,-0.2943865526335604,3,sprRelOffTrans,0,0
-0.34790181398839837,-0.1460417521455987,-0.5497618758311981,3,sumRelOffTrans,0,1
0.23923236320579266,0.2517616486214656,0.22670307779011972,3,meanK,0,1
-0.05062136894576948,0.10487243706929517,-0.20611517496083404,3,OC_LUSI_39N,0,0
-0.5573190082340291,-0.3396951888107934,-0.7749428276572649,3,sardSpawnHab,0,1
-0.08071779851710945,0.033032641410419505,-0.19446823844463845,3,sardNurseHab,0,0
0.05027136928667586,0.16770484721721907,-0.06716210864386739,3,springSST,0,0
-0.19262870880567362,0.03687122448287902,-0.4221286420942263,3,randTest,0,0
0.598827363211489,0.8531047563476692,0.3445499700753087,1,NCOPspring,0,1
0.5132376307516185,0.7080717046818255,0.3184035568214117,1,NCOPsummerlag1,0,1
0.12308933980218129,0.16013984841284956,0.08603883119151304,1,BEUTI_33N,0,1
0.5114537098445471,0.6220744666487863,0.40083295304030786,1,BEUTI_39N,0,1
0.28840035658039576,0.32463285998378244,0.252167853177009,1,CUTI_33N,0,1
0.5157653958043366,0.6224220499127231,0.40910874169594996,1,CUTI_39N,0,1
0.20542198497857778,0.09415250320462577,0.3166914667525297,1,OC_LUSI_33N,0,1
-0.17530844491240233,-0.2324851281586669,-0.11813176166613772,1,OC_STI_33N,0,1
-0.20356631967489974,-0.20400439772148365,-0.20312824162831583,1,RREAS_Myctophids,0,1
-0.320586681352185,-0.3835697169864729,-0.2576036457178972,1,RREAS_YOYsardine,0,1
0.18160494867208365,0.18845203589015475,0.17475786145401256,1,age1SprSardmeanWAA,0,1
-0.02295763929572854,-0.10157234635093154,0.055657067759474446,1,meanSSBwt,0,0
0.6756595723871053,0.715360635301899,0.6359585094723114,1,ZM_NorCal,0,1
0.5684241770984074,0.614580103647208,0.5222682505496067,1,ZM_SoCal,0,1
-0.3136879649064315,-0.25035430940276776,-0.37702162041009535,1,sardRec,0,1
0.030416500413574833,0.0651553947529228,-0.004322393925773035,1,anchBioSmrySeas1,0,0
-0.48447663806291524,-0.5047685909531062,-0.46418468517272443,1,summerSST,0,1
-0.17339102400334383,-0.16689717765615025,-0.17988487035053735,1,avgOffTransspring,0,1
0.2306824799652084,0.2219673801979365,0.2393975797324803,1,avgOffTranssummer,0,1
0.14343956439451747,0.17988647430792015,0.10699265448111485,1,sprRelOffTrans,0,1
0.1714641109105696,0.06719692388779373,0.2757312979333455,1,sumRelOffTrans,0,1
-0.19757365687798933,-0.19270366443917972,-0.20244364931679892,1,meanK,0,1
0.3696191907638493,0.3599367721048691,0.3793016094228294,1,OC_LUSI_39N,0,1
-0.18382503585391183,-0.2863207566414427,-0.08132931506638089,1,sardSpawnHab,0,1
-0.5926967518947557,-0.4665029839064921,-0.718890519883019,1,sardNurseHab,0,1
-0.7022043311985963,-0.6682582705169018,-0.7361503918802903,1,springSST,0,1
-0.1269682858298141,-0.1627595592757372,-0.09117701238389102,1,randTest,0,1
0.23791113476995945,0.33893427910815577,0.13688799043176317,2,NCOPspring,0,1
0.10458308207841716,0.34389971062838515,-0.13473354647155084,2,NCOPsummerlag1,0,0
0.2573837327603161,0.6277368738671745,-0.11296940834654212,2,BEUTI_33N,0,0
0.231965727723058,0.5267420761692336,-0.06281062072311763,2,BEUTI_39N,0,0
0.18743912346615504,0.5868492494390383,-0.2119710025067282,2,CUTI_33N,0,0
0.13023287764139183,0.44594270949467407,-0.18547695421189042,2,CUTI_39N,0,0
0.17684949611446074,1.123713516954098,-0.7700145247251768,2,OC_LUSI_33N,0,0
-0.13490623450399442,0.5684435248938211,-0.8382559939018098,2,OC_STI_33N,0,0
-0.09599887554483989,0.5242234058918709,-0.7162211569815506,2,RREAS_Myctophids,0,0
-0.08521383471067602,0.7739696971967054,-0.9443973666180574,2,RREAS_YOYsardine,0,0
-0.05303718515743641,0.8468176944263702,-0.9528920647412429,2,age1SprSardmeanWAA,0,0
-0.04525922245244321,1.194414829411492,-1.2849332743163782,2,meanSSBwt,0,0
0.2251292254399211,0.8269228357002785,-0.37666438482043624,2,ZM_NorCal,0,0
0.07388897760960947,0.6102916971506465,-0.4625137419314275,2,ZM_SoCal,0,0
-0.21999825818611993,0.11943205745995766,-0.5594285738321976,2,sardRec,0,0
0.18413040625297838,0.5230606343235492,-0.15479982181759244,2,anchBioSmrySeas1,0,0
-0.0859507897739864,0.6575866753951719,-0.8294882549431448,2,summerSST,0,0
-0.2119385019833338,0.22798275187289996,-0.6518597558395676,2,avgOffTransspring,0,0
0.01927866402190763,0.594068759115908,-0.5555114310720928,2,avgOffTranssummer,0,0
0.22663252251325788,0.5677469701794954,-0.11448192515297967,2,sprRelOffTrans,0,0
0.14756458855330468,1.0648056396974463,-0.769676462590837,2,sumRelOffTrans,0,0
0.04192609287213432,0.9026464972563232,-0.8187943115120545,2,meanK,0,0
0.19277078398680292,0.7656833729418229,-0.380141804968217,2,OC_LUSI_39N,0,0
0.05471429607084624,1.1843404479942807,-1.0749118558525883,2,sardSpawnHab,0,0
-0.1569023504157195,0.24975823665159713,-0.5635629374830362,2,sardNurseHab,0,0
-0.18862173878206545,0.46170523230749727,-0.8389487098716283,2,springSST,0,0
-0.032177047057459524,0.6229182622240119,-0.6872723563389309,2,randTest,0,0
0.07095402080656438,0.1010829102856037,0.04082513132752506,3,NCOPspring,0,1
0.09406009623499088,0.06294813836424129,0.12517205410574048,3,NCOPsummerlag1,0,1
-0.059289536260409635,0.3724587971742658,-0.49103786969508506,3,BEUTI_33N,0,0
0.017153379010241582,0.21945493074623063,-0.18514817272574746,3,BEUTI_39N,0,0
-0.105379197302425,0.13697813851944235,-0.34773653312429226,3,CUTI_33N,0,0
0.0012849282458120004,0.11451543189109717,-0.11194557539947315,3,CUTI_39N,0,0
-0.38063612528632645,-0.10797748009708674,-0.6532947704755662,3,OC_LUSI_33N,0,1
0.2721053260283137,0.4778794559780708,0.06633119607855673,3,OC_STI_33N,0,1
-0.2641489206274312,-0.237289069573442,-0.2910087716814205,3,RREAS_Myctophids,0,1
0.3189225260070855,0.3678032847249236,0.2700417672892473,3,RREAS_YOYsardine,0,1
0.37065845051894375,0.661412379015676,0.07990452202221146,3,age1SprSardmeanWAA,0,1
0.5097897567602079,0.6767815086258628,0.3427980048945529,3,meanSSBwt,0,1
-0.1393957807589737,-0.011938013361171201,-0.2668535481567762,3,ZM_NorCal,0,1
-0.09355291709478486,-0.03756890834776298,-0.14953692584180678,3,ZM_SoCal,0,1
-0.07396863093045167,0.11212027800518232,-0.2600575398660857,3,sardRec,0,0
-0.008256130974693368,0.2932761887562105,-0.3097884507055972,3,anchBioSmrySeas1,0,0
0.23504853242505025,0.2270897862535705,0.24300727859653004,3,summerSST,0,1
0.1393315710279066,0.48832314902707946,-0.20966000697126627,3,avgOffTransspring,0,0
0.25441874728156516,0.4089610687829749,0.09987642578015551,3,avgOffTranssummer,0,1
-0.07045222429053762,0.30625761598129475,-0.44716206456237007,3,sprRelOffTrans,0,0
-0.3711124085348063,-0.1353954294869127,-0.6068293875827,3,sumRelOffTrans,0,1
0.2986925489408204,0.2887730474366817,0.3086120504449592,3,meanK,0,1
-0.18204773178561054,0.02676801668133083,-0.39086348025255196,3,OC_LUSI_39N,0,0
-0.4984462262562187,-0.21631305340447504,-0.7805793991079624,3,sardSpawnHab,0,1
0.027291558846006564,0.15531056566732554,-0.10072744797531241,3,sardNurseHab,0,0
0.15502821992289328,0.2224556014434586,0.08760083840232795,3,springSST,0,1
0.25277782379759184,0.30248859412119844,0.20306705347398524,3,randTest,0,1
-0.5986001780223413,-0.3438892035294166,-0.8533111525152661,1,NCOPspring,0,1
-0.5103114885145328,-0.23468034974468915,-0.7859426272843764,1,NCOPsummerlag1,0,1
-0.13361831349318026,-0.08966590632050417,-0.17757072066585627,1,BEUTI_33N,0,1
-0.5080945037479828,-0.37841856597726714,-0.6377704415186987,1,BEUTI_39N,0,1
-0.30019442395202856,-0.21584369379152313,-0.38454515411253387,1,CUTI_33N,0,1
-0.5191572361955455,-0.3511677502821897,-0.6871467221089013,1,CUTI_39N,0,1
-0.25871983844274815,-0.15649149141120705,-0.3609481854742893,1,OC_LUSI_33N,0,1
0.21351884775191057,0.31036562330745376,0.11667207219636738,1,OC_STI_33N,0,1
0.1744799497184534,0.3458207283211001,0.003139171115806671,1,RREAS_Myctophids,0,1
0.3594994569223766,0.5321971913783143,0.18680172246643895,1,RREAS_YOYsardine,0,1
-0.13960147057711947,0.06923104273422913,-0.348433983888468,1,age1SprSardmeanWAA,0,0
0.05980124991225458,0.31532771582420716,-0.1957252159996979,1,meanSSBwt,0,0
-0.694655719310528,-0.5243088852010593,-0.8650025534199965,1,ZM_NorCal,0,1
-0.5757680256000499,-0.3664549235553195,-0.7850811276447806,1,ZM_SoCal,0,1
0.3121369864164588,0.4158994721097141,0.20837450072320343,1,sardRec,0,1
-0.025381013973500344,0.06597777591088244,-0.11673980385788316,1,anchBioSmrySeas1,0,0
0.5206809544516489,0.7217390491565355,0.31962285974676213,1,summerSST,0,1
0.19063514721471753,0.23592258808041272,0.14534770634902228,1,avgOffTransspring,0,1
-0.1867242072488258,-0.06254712283688851,-0.3109012916607631,1,avgOffTranssummer,0,1
-0.15390836573149375,-0.1118737627575391,-0.19594296870544836,1,sprRelOffTrans,0,1
-0.23268286887261477,-0.12088557470587136,-0.34448016303935824,1,sumRelOffTrans,0,1
0.23275164685072677,0.5041724615885902,-0.03866916788713656,1,meanK,0,0
-0.384906272367686,-0.28688172832178394,-0.48293081641358804,1,OC_LUSI_39N,0,1
0.11856033412676867,0.28104429864884284,-0.04392363039530546,1,sardSpawnHab,0,0
0.5959210038812098,0.8046064808874684,0.38723552687495133,1,sardNurseHab,0,1
0.7214467488400211,0.918950175171834,0.5239433225082084,1,springSST,0,1
-0.03212313106738433,0.076052338703419875,-0.14029860083818854,1,randTest,0,0
0.2219324509826572,0.12749774658922472,0.3163671553760897,2,NCOPspring,0,1
0.09376796709592831,0.15391115913407533,0.03362477505778133,2,NCOPsummerlag1,0,1
0.24981210263012654,0.08887032858729807,0.41075387667295504,2,BEUTI_33N,0,1
0.21620678282554318,0.14684144412497402,0.2855721215261124,2,BEUTI_39N,0,1
0.17424231008531807,0.10624028140156039,0.2422443387690757,2,CUTI_33N,0,1
0.11921926635966482,0.15060645533821668,0.08783207738111298,2,CUTI_39N,0,1
0.15754495860367573,0.251686701692508,0.0634032155148434,2,OC_LUSI_33N,0,1
-0.11966488031772157,-0.05929058074344118,-0.18003917989200202,2,OC_STI_33N,0,1
-0.09790272426435953,0.038196219982109536,-0.2340016685108286,2,RREAS_Myctophids,0,0
-0.06785038069993632,0.1524157119421805,-0.2881164733420532,2,RREAS_YOYsardine,0,0
-0.02585378776255237,0.0010679806205247666,-0.05277555614562951,2,age1SprSardmeanWAA,0,0
-0.009242386640014866,0.239482320379582,-0.2579670936596117,2,meanSSBwt,0,0
0.2014478478610029,0.28646030661199795,0.11643538911000789,2,ZM_NorCal,0,1
0.05555512833482909,0.23209959569098754,-0.12098933902132931,2,ZM_SoCal,0,0
-0.21687770343288632,-0.2737404143153722,-0.16001499255040041,2,sardRec,0,1
0.17444900576491673,0.15566921581345677,0.1932287957163767,2,anchBioSmrySeas1,0,1
-0.07135267488361455,0.1852681244290652,-0.3279734741962943,2,summerSST,0,0
-0.20007593035579213,-0.31382397825793423,-0.08632788245365008,2,avgOffTransspring,0,1
0.015204936091202617,0.07781614232627436,-0.047406270143869056,2,avgOffTranssummer,0,0
0.2174035689607649,0.0691490923057245,0.3656580456158053,2,sprRelOffTrans,0,1
0.1369374551729288,0.2567659818737942,0.01710892847206344,2,sumRelOffTrans,0,1
0.0626046999341084,0.32681979747006745,-0.20161039760185057,2,meanK,0,0
0.17079360944022953,0.1740246025938459,0.16756261628661312,2,OC_LUSI_39N,0,1
0.045737193551874306,0.16260203516078753,-0.07112764805703903,2,sardSpawnHab,0,0
-0.1401922602652467,-0.11103926070629058,-0.1693452598242028,2,sardNurseHab,0,1
-0.1660108985940078,-0.008938526530016665,-0.3230832706579991,2,springSST,0,1
0.017507269521971375,0.020074726651175948,0.014939812392766802,2,randTest,0,1
-0.16254565194603074,-0.09338068520053804,-0.23171061869152348,3,NCOPspring,0,1
-0.19879518362229168,-0.021505469961617237,-0.3760848972829661,3,NCOPsummerlag1,0,1
0.07681060901356436,0.5866794068412314,-0.43305818881410274,3,BEUTI_33N,0,0
-0.05051021151154588,0.31927046310304596,-0.42029088612613774,3,BEUTI_39N,0,0
0.07708090517398987,0.5120978531865149,-0.3579360428385351,3,CUTI_33N,0,0
-0.03007632440319427,0.3199116782918352,-0.3800643270982237,3,CUTI_39N,0,0
0.3853732828753289,1.3029090716521832,-0.5321625059015253,3,OC_LUSI_33N,0,0
-0.266441695494643,0.4062698413910065,-0.9391532323802926,3,OC_STI_33N,0,0
0.25933639572090506,0.7075707386855312,-0.18889794724372108,3,RREAS_Myctophids,0,0
-0.29637518899597837,0.46312233214592086,-1.0558727101378775,3,RREAS_YOYsardine,0,0
-0.3410515574497197,0.36702158954941533,-1.0491247044488548,3,age1SprSardmeanWAA,0,0
-0.5207717102667638,0.537684585758615,-1.5792280062921427,3,meanSSBwt,0,0
0.08935849171080643,0.7105778959982981,-0.5318609125766853,3,ZM_NorCal,0,0
0.050907275654929446,0.5343569700273058,-0.4325424187174468,3,ZM_SoCal,0,0
0.06548459347539853,0.42352993931499505,-0.292560752364198,3,sardRec,0,0
-0.011940821260623985,0.3856635960170793,-0.40954523853832725,3,anchBioSmrySeas1,0,0
-0.2287936075611345,0.4845066593738038,-0.9420938744960727,3,summerSST,0,0
-0.15476468990165654,0.3840942693819692,-0.6936236491852823,3,avgOffTransspring,0,0
-0.31940160328617084,0.2470030648411155,-0.8858062714134571,3,avgOffTranssummer,0,0
0.08877457807624735,0.5563935313883943,-0.37884437523589953,3,sprRelOffTrans,0,0
0.4034495896155539,1.3324466719902586,-0.5255474927591507,3,sumRelOffTrans,0,0
-0.2512594347809916,0.3998762602864262,-0.9023951298484094,3,meanK,0,0
0.13291235630758108,0.6763972311865551,-0.41057251857139304,3,OC_LUSI_39N,0,0
0.5281590233036202,1.527933219446031,-0.47161517283879073,3,sardSpawnHab,0,0
0.02159539861221617,0.44843258323357355,-0.40524178600914124,3,sardNurseHab,0,0
-0.11318520403197986,0.5415677176516952,-0.7679381257156548,3,springSST,0,0
0.08063514645857323,0.35246633685368145,-0.191196043936535,3,randTest,0,0
-0.5495002202831307,-0.3127707824451734,-0.7862296581210881,1,NCOPspring,0,1
-0.46346186253433286,-0.21129486248812743,-0.7156288625805384,1,NCOPsummerlag1,0,1
-0.13670293040644377,-0.045009326805978175,-0.2283965340069094,1,BEUTI_33N,0,1
-0.49018996700154266,-0.38104242066098365,-0.5993375133421017,1,BEUTI_39N,0,1
-0.286212223972256,-0.184062440785966,-0.38836200715854613,1,CUTI_33N,0,1
-0.49172878735257874,-0.35521353595022376,-0.6282440387549338,1,CUTI_39N,0,1
-0.3536189176075747,-0.30816435850878504,-0.3990734767063643,1,OC_LUSI_33N,0,1
0.28789937249735814,0.3404934134865374,0.23530533150817898,1,OC_STI_33N,0,1
0.13076839376141314,0.25425440331471677,0.007282384208109454,1,RREAS_Myctophids,0,1
0.43016251046195786,0.5211594444513475,0.3391655764725681,1,RREAS_YOYsardine,0,1
-0.04858392981647157,0.0869261696271584,-0.18409402926010165,1,age1SprSardmeanWAA,0,0
0.1952154820639508,0.3358913356447176,0.05453962848318389,1,meanSSBwt,0,1
-0.6931078091237044,-0.5782881566921672,-0.8079274615552419,1,ZM_NorCal,0,1
-0.5681188559188635,-0.42636892619426303,-0.7098687856434639,1,ZM_SoCal,0,1
0.2801841702100753,0.4010205634517735,0.15934777696837704,1,sardRec,0,1
-0.059197649432084457,-0.0053633066083434155,-0.11303199225582555,1,anchBioSmrySeas1,0,1
0.550159798552678,0.6642669509489818,0.43605264615637446,1,summerSST,0,1
0.23703596589224418,0.274169507320121,0.19990242446436737,1,avgOffTransspring,0,1
-0.1345100690444286,-0.042470420723666774,-0.22654971736519047,1,avgOffTranssummer,0,1
-0.18809211181235494,-0.1381761717779878,-0.23800805184672208,1,sprRelOffTrans,0,1
-0.2942304165114864,-0.23791351898699192,-0.350547314035981,1,sumRelOffTrans,0,1
0.25780926044414165,0.43318395971098694,0.08243456117729628,1,meanK,0,1
-0.4033669032700487,-0.3338143783821275,-0.4729194281579697,1,OC_LUSI_39N,0,1
0.041188390468262503,0.14030895885678762,-0.05793217792026256,1,sardSpawnHab,0,0
0.5784987756446316,0.7260571255114351,0.43094042577782826,1,sardNurseHab,0,1
0.7303970577742497,0.8514018798425871,0.6093922357059125,1,springSST,0,1
-0.018236977593375114,0.043575345288068584,-0.08004930047481879,1,randTest,0,0
-0.15468442022902457,-0.08804503685582103,-0.2213238036022281,2,NCOPspring,0,1
-0.23835372717263273,-0.0021477292222524882,-0.4745597251230129,2,NCOPsummerlag1,0,1
-0.013794208490610534,0.3535157456120853,-0.3811041625933064,2,BEUTI_33N,0,0
-0.03918988477693904,0.30149869319756295,-0.379878462751441,2,BEUTI_39N,0,0
-0.030710848037998124,0.23792764630652477,-0.299349342382521,2,CUTI_33N,0,0
-0.06842242777134672,0.24141000015652875,-0.3782548556992221,2,CUTI_39N,0,0
0.3646980004585384,1.0313051442078427,-0.3019091432907659,2,OC_LUSI_33N,0,0
-0.26762336030298833,0.2547616381572223,-0.790008358763199,2,OC_STI_33N,0,0
0.17376579148892818,0.49062430720442674,-0.14309272422657035,2,RREAS_Myctophids,0,0
-0.2968079026922933,0.3491720560685845,-0.9427878614531711,2,RREAS_YOYsardine,0,0
-0.5198264718782509,0.2559838861330962,-1.2956368298895982,2,age1SprSardmeanWAA,0,0
-0.5164626884318132,0.3500371654063773,-1.3829625422700038,2,meanSSBwt,0,0
0.05939240522206901,0.5611762587833367,-0.44239144833919863,2,ZM_NorCal,0,0
0.038883160161002406,0.49654783429257926,-0.4187815139705744,2,ZM_SoCal,0,0
0.12200319152363409,0.4261193045830076,-0.1821129215357395,2,sardRec,0,0
0.11625801266098125,0.49205867417652044,-0.259542648854558,2,anchBioSmrySeas1,0,0
-0.17944157512885844,0.3944404776962137,-0.7533236279539306,2,summerSST,0,0
-0.1862542278964713,0.2408390018998008,-0.6133474576927435,2,avgOffTransspring,0,0
-0.21409837549189648,0.10506588151821733,-0.5332626325020102,2,avgOffTranssummer,0,0
0.1035832093708396,0.47484131441059485,-0.26767489566891567,2,sprRelOffTrans,0,0
0.27023995527494854,0.8001937787759501,-0.259713868226053,2,sumRelOffTrans,0,0
-0.2919503916202119,0.3576024642794566,-0.9415032475198805,2,meanK,0,0
0.10941807495644862,0.5119936214124164,-0.2931574714995191,2,OC_LUSI_39N,0,0
0.5178682916653787,1.2504249727047085,-0.21468838937395104,2,sardSpawnHab,0,0
-0.013539782593028557,0.42282014769587045,-0.44989971288192765,2,sardNurseHab,0,0
-0.10077136839252991,0.46513036464725277,-0.6666731014323126,2,springSST,0,0
-0.2611762234386712,0.1386963443435202,-0.6610487912208626,2,randTest,0,0
-0.2417602637750631,-0.13760785541835996,-0.34591267213176624,3,NCOPspring,0,1
-0.10861691618082948,-0.1435985847140868,-0.07363524764757212,3,NCOPsummerlag1,0,1
-0.24094479141772862,-0.1544530297299736,-0.32743655310548364,3,BEUTI_33N,0,1
-0.23555910162404275,-0.11476538959283389,-0.35635281365525157,3,BEUTI_39N,0,1
-0.15686609526872236,-0.07156126531983092,-0.24217092521761374,3,CUTI_33N,0,1
-0.1241962124125398,-0.06399242388866702,-0.1844000009364125,3,CUTI_39N,0,1
-0.17730411207599067,0.048532727576127865,-0.40314095172810926,3,OC_LUSI_33N,0,0
0.1397282017526266,0.3141797447672656,-0.03472334126201243,3,OC_STI_33N,0,0
0.11961090309669425,0.14196695767967502,0.0972548485137135,3,RREAS_Myctophids,0,1
0.08799688863728469,0.1982425517922196,-0.02224877451765017,3,RREAS_YOYsardine,0,0
0.07858636769947414,0.3430277996369646,-0.18585506423801623,3,age1SprSardmeanWAA,0,0
0.0448591574278642,0.23073643784994277,-0.14101812299421435,3,meanSSBwt,0,0
-0.21522601851379197,-0.09343151857593279,-0.33702051845165115,3,ZM_NorCal,0,1
-0.06005082809138926,-0.03898498296487496,-0.08111667321790347,3,ZM_SoCal,0,1
0.21151996056697334,0.2520746918488918,0.17096522928505492,3,sardRec,0,1
-0.21371682981769824,-0.04764793154209898,-0.37978572809329747,3,anchBioSmrySeas1,0,1
0.08184377582136027,0.13962142539482922,0.024066126247891395,3,summerSST,0,1
0.22244669473314455,0.4454852537484981,-5.918642822090869e-4,3,avgOffTransspring,0,0
-0.03336239317376747,0.05104334169253748,-0.11776812804007245,3,avgOffTranssummer,0,0
-0.23480241003319313,-0.051918577390109105,-0.4176862426762772,3,sprRelOffTrans,0,1
-0.1275215406653588,0.0357224364645547,-0.29076551779527227,3,sumRelOffTrans,0,0
-0.06382284717564998,-0.03290799778990464,-0.09473769656139547,3,meanK,0,1
-0.18120933408402287,-0.03476942822973467,-0.3276492399383111,3,OC_LUSI_39N,0,1
-0.021814672482163927,0.18328617051500817,-0.22691551547933614,3,sardSpawnHab,0,0
0.16043942230035113,0.25964204609340197,0.06123679850730018,3,sardNurseHab,0,1
0.18717082190866227,0.2913188752392178,0.08302276857810675,3,springSST,0,1
0.057304853090208815,0.2099854258595702,-0.09537571967915254,3,randTest,0,0
-0.5400646480145245,-0.31087876823283234,-0.7692505277962166,1,NCOPspring,0,1
-0.4648001552686838,-0.2191228555102577,-0.7104774550271098,1,NCOPsummerlag1,0,1
-0.1369706567104788,0.38174629966797335,-0.655687613088931,1,BEUTI_33N,0,0
-0.48516701647509197,-0.07738437512670296,-0.8929496578234809,1,BEUTI_39N,0,1
-0.28767770670939635,0.12283439346517205,-0.6981898068839648,1,CUTI_33N,0,0
-0.51560666566278,-0.14996130418736386,-0.881252027138196,1,CUTI_39N,0,1
-0.34525864911033355,0.41854737230548805,-1.109064670526155,1,OC_LUSI_33N,0,0
0.28524758012906676,0.8816812704259165,-0.31118611016778286,1,OC_STI_33N,0,0
0.11082047562795773,0.46608607584900186,-0.24444512459308645,1,RREAS_Myctophids,0,0
0.42752351307968633,1.02971347189,-0.17466644573062734,1,RREAS_YOYsardine,0,0
-0.04907219710464508,0.5757739743339934,-0.6739183685432835,1,age1SprSardmeanWAA,0,0
0.211459862048862,1.0083720722272147,-0.5854523481294907,1,meanSSBwt,0,0
-0.6962123801483632,-0.15053051804326123,-1.2418942422534651,1,ZM_NorCal,0,1
-0.584149020911167,-0.1748109872405414,-0.9934870545817927,1,ZM_SoCal,0,1
0.27162473426319,0.63228076227441,-0.0890312937480301,1,sardRec,0,0
-3.1691789216620886e-4,0.38023306838082094,-0.38086690416515334,1,anchBioSmrySeas1,0,0
0.5729245712399699,1.1223194265753305,0.023529715904609186,1,summerSST,0,1
0.19308823548461462,0.692867260781187,-0.3066907898119578,1,avgOffTransspring,0,0
-0.1120116176990014,0.3567664905383079,-0.5807897259363106,1,avgOffTranssummer,0,0
-0.1456345992643714,0.3242621225190434,-0.6155313210477862,1,sprRelOffTrans,0,0
-0.316766807759577,0.435299279054076,-1.0688328945732302,1,sumRelOffTrans,0,0
0.3113995938014842,0.8108263508143378,-0.18802716321136953,1,meanK,0,0
-0.4015616809344107,0.07473591504629719,-0.8778592769151186,1,OC_LUSI_39N,0,0
0.010453391149770425,0.8306417238757543,-0.8097349415762136,1,sardSpawnHab,0,0
0.5905805961682045,1.017047923507072,0.164113268829337,1,sardNurseHab,0,1
0.7328778411954862,1.281120707415257,0.1846349749757151,1,springSST,0,1
-0.24871407342242263,0.052505598614245974,-0.5499337454590911,1,randTest,0,0
0.24558970865781699,0.14136942012199435,0.34980999719363964,2,NCOPspring,0,1
0.11577273594498912,0.1645559479214211,0.06698952396855712,2,NCOPsummerlag1,0,1
0.25826234682428184,0.508141726040624,0.008382967607939606,2,BEUTI_33N,0,1
0.24006783516022598,0.46801342410309965,0.012122246217352306,2,BEUTI_39N,0,1
0.18807845133489637,0.45966199978960076,-0.08350509711980797,2,CUTI_33N,0,0
0.14702758779426767,0.4637740245740963,-0.16971884898556097,2,CUTI_39N,0,0
0.1838540711227148,1.1008005563015408,-0.733092414056111,2,OC_LUSI_33N,0,0
-0.14311908651809951,0.5490318466147006,-0.8352700196508998,2,OC_STI_33N,0,0
-0.09817026057345266,0.2934176087773894,-0.4897581299242948,2,RREAS_Myctophids,0,0
-0.09651056866504035,0.735079220246958,-0.9281003575770386,2,RREAS_YOYsardine,0,0
-0.031153016167412853,0.4874175135672021,-0.5497235459020278,2,age1SprSardmeanWAA,0,0
-0.029242874174153083,0.9606206246555615,-1.0191063730038676,2,meanSSBwt,0,0
0.2348620555928142,0.8265107975026361,-0.35678668631700783,2,ZM_NorCal,0,0
0.08460311697270421,0.5888189847999407,-0.4196127508545322,2,ZM_SoCal,0,0
-0.22626168223030543,-0.061331071801704995,-0.39119229265890587,2,sardRec,0,1
0.1720838225818866,0.4078328933280472,-0.06366524816427403,2,anchBioSmrySeas1,0,0
-0.10538533834608363,0.6847595151452479,-0.8955301918374151,2,summerSST,0,0
-0.20756776399636756,0.1470062558024287,-0.5621417837951639,2,avgOffTransspring,0,0
0.014862600426413311,0.49793078224146714,-0.4682055813886406,2,avgOffTranssummer,0,0
0.22334761044568419,0.46910235308786635,-0.022407132196497953,2,sprRelOffTrans,0,0
0.16063739171395605,1.0822813587716251,-0.761006575343713,2,sumRelOffTrans,0,0
0.04209022261063705,0.6635411384018645,-0.5793606931805904,2,meanK,0,0
0.19167198939256466,0.6460352412609485,-0.2626912624758192,2,OC_LUSI_39N,0,0
0.05348429595486101,0.97834140880621,-0.8713728168964882,2,sardSpawnHab,0,0
-0.1707414154372363,0.13461283094236293,-0.47609566181683555,2,sardNurseHab,0,0
-0.20424293568788277,0.457073642469234,-0.8655595138449995,2,springSST,0,0
0.012998003879492959,0.3587759373280984,-0.33277992956911256,2,randTest,0,0
0.2991008464656647,0.172172170625289,0.4260295223060404,3,NCOPspring,0,1
0.29864387088590405,0.09336054095511229,0.5039272008166957,3,NCOPsummerlag1,0,1
-0.0535333740728412,0.18973896107615232,-0.2968057092218347,3,BEUTI_33N,0,0
0.1301239509810006,0.16042402179365767,0.09982388016834343,3,BEUTI_39N,0,1
-0.00849904698603414,0.05767127117496726,-0.07466936514703554,3,CUTI_33N,0,0
0.09833613755472043,-0.01866618535318742,0.21533846046262817,3,CUTI_39N,0,0
-0.3610084549098227,-0.4142268893680845,-0.3077900204515607,3,OC_LUSI_33N,0,1
0.2598312090783088,0.20672254365182896,0.31293987450478866,3,OC_STI_33N,0,1
-0.2904005248925966,-0.45319325238696734,-0.12760779739822592,3,RREAS_Myctophids,0,1
0.25861706694808645,0.02537360504437436,0.49186052885179854,3,RREAS_YOYsardine,0,1
0.34802143439501043,0.27871822500989885,0.4173246437801219,3,age1SprSardmeanWAA,0,1
0.47942783445430825,0.20711275414891783,0.7517429147596986,3,meanSSBwt,0,1
0.027125270298934273,-0.10948550656392995,0.16373604716179857,3,ZM_NorCal,0,0
0.04035444634070609,-0.20198017159126036,0.28268906427267254,3,ZM_SoCal,0,0
-0.1381451272552724,-0.0659708693748598,-0.21031938513568504,3,sardRec,0,1
0.016701361163301162,0.09826822584639985,-0.06486550351979758,3,anchBioSmrySeas1,0,0
0.15030588720150073,-0.14174563340816293,0.4423574078111644,3,summerSST,0,0
0.11096556544615536,0.25771959444412207,-0.03578846355181148,3,avgOffTransspring,0,0
0.3557814390793268,0.29294354597691546,0.41861933218173825,3,avgOffTranssummer,0,1
-0.05925639815092638,0.138992608437323,-0.2575054047391758,3,sprRelOffTrans,0,0
-0.37854660243505955,-0.45474408770606456,-0.30234911716405455,3,sumRelOffTrans,0,1
0.18107972559005725,-0.13003415497439985,0.4921936061545143,3,meanK,0,0
-0.055433598423200184,-0.06649331657393545,-0.044373880272464916,3,OC_LUSI_39N,0,1
-0.5685599777201636,-0.6555498883442709,-0.4815700670960564,3,sardSpawnHab,0,1
-0.1453177428960315,-0.26899063351936797,-0.02164485227269499,3,sardNurseHab,0,1
-0.00928058860019998,-0.22153968783778943,0.20297851063738956,3,springSST,0,0
-0.05793702231676201,-0.21376559488360747,0.0978915502500835,3,randTest,0,0
0.5813751166254387,0.8287308385919344,0.334019394658943,1,NCOPspring,0,1
0.5045517245185127,0.782618945320345,0.22648450371668022,1,NCOPsummerlag1,0,1
0.12754829468956194,0.5532382787370425,-0.2981416893579186,1,BEUTI_33N,0,0
0.4904313696232198,0.8581225944573663,0.1227401447890733,1,BEUTI_39N,0,1
0.29531621139173764,0.6499909968632276,-0.05935857407975246,1,CUTI_33N,0,0
0.5074002513511012,0.8482559371311573,0.1665445655710451,1,CUTI_39N,0,1
0.25739268686392985,0.940677211418802,-0.42589183769094224,1,OC_LUSI_33N,0,0
-0.2134543878828199,0.3191245452041734,-0.7460333209698132,1,OC_STI_33N,0,0
-0.16088745873243607,0.18431341088559758,-0.5060883283504698,1,RREAS_Myctophids,0,0
-0.35616209768688317,0.21252837553120196,-0.9248525709049682,1,RREAS_YOYsardine,0,0
0.13207871744148214,0.7418896283911153,-0.477732193508151,1,age1SprSardmeanWAA,0,0
-0.07682393318813517,0.7194153259168555,-0.8730631922931259,1,meanSSBwt,0,0
0.6758757053134745,1.1863554696202376,0.16539594100671123,1,ZM_NorCal,0,1
0.5630028060767062,0.9668503859946599,0.15915522615875244,1,ZM_SoCal,0,1
-0.29341700016360656,0.03344399623168218,-0.6202779965588953,1,sardRec,0,0
0.01949671893398086,0.35745045462033687,-0.3184570167523751,1,anchBioSmrySeas1,0,0
-0.508127670510326,0.02005006165507079,-1.036305402675723,1,summerSST,0,0
-0.1789763526075569,0.26517373998583404,-0.6231264452009478,1,avgOffTransspring,0,0
0.1781730863044732,0.5964475304806776,-0.2401013578717311,1,avgOffTranssummer,0,0
0.14382689901685553,0.5557630734250643,-0.2681092753913532,1,sprRelOffTrans,0,0
0.23007254069579375,0.8861663035024314,-0.42602122211084403,1,sumRelOffTrans,0,0
-0.24440785680205873,0.27412525818685607,-0.7629409717909734,1,meanK,0,0
0.3706428144413408,0.7993562078954503,-0.05807057901276866,1,OC_LUSI_39N,0,0
-0.11092665614067265,0.6218652933967304,-0.8437186056780754,1,sardSpawnHab,0,0
-0.5785967020716014,-0.15954668996509588,-0.9976467141781069,1,sardNurseHab,0,1
-0.7006526140985285,-0.17240836374561247,-1.2288968644514449,1,springSST,0,1
0.10166953858463419,0.3264028909541237,-0.12306381378485534,1,randTest,0,0
-0.2523935705903262,-0.35977861698764924,-0.14500852419300314,2,NCOPspring,0,1
-0.11714024958610897,-0.06390294916711148,-0.17037755000510646,2,NCOPsummerlag1,0,1
-0.264411530821438,-0.008503040873253598,-0.5203200207696224,2,BEUTI_33N,0,1
-0.2478589746622333,-0.05362277840517213,-0.4420951709192945,2,BEUTI_39N,0,1
-0.18972708728294876,0.034793018461827196,-0.41424719302772467,2,CUTI_33N,0,0
-0.1488891089217732,0.07828060781482124,-0.37605882565836773,2,CUTI_39N,0,0
-0.19842809440294093,0.5231383741553751,-0.919994562961257,2,OC_LUSI_33N,0,0
0.15493266840521916,0.690321572294952,-0.3804562354845138,2,OC_STI_33N,0,0
0.10222708413789876,0.4137324034284755,-0.20927823515267802,2,RREAS_Myctophids,0,0
0.10661669406998275,0.7514935706532636,-0.538260182513298,2,RREAS_YOYsardine,0,0
0.03615413492347014,0.4939822389989921,-0.42167396915205185,2,age1SprSardmeanWAA,0,0
0.04201852713036372,0.8632537621239096,-0.7792167078631822,2,meanSSBwt,0,0
-0.24732642179090686,0.2104381446765703,-0.7050909882583839,2,ZM_NorCal,0,0
-0.09035691253429873,0.2983837709903845,-0.4790975960589819,2,ZM_SoCal,0,0
0.23344903655914354,0.41749422373892753,0.049403849379359585,2,sardRec,0,1
-0.1832277350861986,0.05101662428915369,-0.4174720944615509,2,anchBioSmrySeas1,0,0
0.11287855768153146,0.715705808896712,-0.48994869353364906,2,summerSST,0,0
0.2241508209452357,0.5465237998394444,-0.09822215794897307,2,avgOffTransspring,0,0
-0.014513823252567462,0.3565437357074649,-0.3855713822125998,2,avgOffTranssummer,0,0
-0.23968126957890165,0.013984391036499844,-0.4933469301943031,2,sprRelOffTrans,0,0
-0.17033325127288315,0.5309271343625401,-0.8715936369083065,2,sumRelOffTrans,0,0
-0.03761436929202383,0.48052986534656683,-0.5557586039306144,2,meanK,0,0
-0.19994493211676673,0.16147566036407518,-0.5613655245976086,2,OC_LUSI_39N,0,0
-0.05773278880611926,0.6704550822341568,-0.7859206598463953,2,sardSpawnHab,0,0
0.17795610223969063,0.4374196372131033,-0.08150743273372202,2,sardNurseHab,0,0
0.21599350686376376,0.7334274394062626,-0.30144042567873536,2,springSST,0,0
0.0016802125657218968,0.10732734679916107,-0.10396692166771726,2,randTest,0,0
-0.18109952709332083,-0.2581513357981298,-0.10404771838851183,3,NCOPspring,0,1
-0.2125696977726001,-0.3937621610290449,-0.031377234516155275,3,NCOPsummerlag1,0,1
0.06423047412283606,0.2758546254897484,-0.14739367724407623,3,BEUTI_33N,0,0
-0.04333063164808989,0.021550117371557265,-0.10821138066773711,3,BEUTI_39N,0,0
0.052034088256549385,0.1385550186579847,-0.034486842144885926,3,CUTI_33N,0,0
-0.0201679549773241,-0.07274166354500061,0.03240575359035246,3,CUTI_39N,0,0
0.41116858705275205,0.4951852740024475,0.3271519001030567,3,OC_LUSI_33N,0,1
-0.29802097372032066,-0.23941106972227655,-0.35663087771836477,3,OC_STI_33N,0,1
0.2500038688821088,0.14306261716551855,0.3569451205986991,3,RREAS_Myctophids,0,1
-0.3207271376645911,-0.4143471674399538,-0.2271071078892284,3,RREAS_YOYsardine,0,1
-0.3566300024286256,-0.34127035293129504,-0.371989651925956,3,age1SprSardmeanWAA,0,1
-0.5348676499962972,-0.6324423134057441,-0.43729298658685034,3,meanSSBwt,0,1
0.09620167569451754,0.06958404904690385,0.1228193023421313,3,ZM_NorCal,0,1
0.06340029405254263,-0.09496508160892192,0.22176566971400719,3,ZM_SoCal,0,0
0.07552233749053804,0.138718779422429,0.012325895558647104,3,sardRec,0,1
-0.0026776220174295623,0.07250137671295398,-0.07785662074781313,3,anchBioSmrySeas1,0,0
-0.2408025297731573,-0.3908205599672092,-0.09078449957910534,3,summerSST,0,1
-0.15943055006932214,0.029636809902893857,-0.3484979100415382,3,avgOffTransspring,0,0
-0.30838206614578645,-0.30395864533837724,-0.3128054869531956,3,avgOffTranssummer,0,1
0.09999781299603064,0.3101962764311415,-0.11020065043908026,3,sprRelOffTrans,0,0
0.40470209391067613,0.4616974103306145,0.34770677749073786,3,sumRelOffTrans,0,1
-0.25669767254279435,-0.47552145593549117,-0.037873889150097595,3,meanK,0,1
0.12901948227502918,0.1924872820560955,0.06555168249396287,3,OC_LUSI_39N,0,1
0.5361230131703164,0.5702790266828659,0.5019669996577669,3,sardSpawnHab,0,1
0.016268329558040473,-0.03715889847113564,0.06969555758721657,3,sardNurseHab,0,0
-0.1266103519578306,-0.21324603520207075,-0.039974668713590455,3,springSST,0,1
-0.02221708448146519,-0.029666740267493164,-0.014767428695437207,3,randTest,0,1
-0.5022598326049584,-0.28599511030562297,-0.718524554904294,1,NCOPspring,0,1
-0.41870073828192345,-0.20164920543976986,-0.6357522711240771,1,NCOPsummerlag1,0,1
-0.1322921602257972,-0.21019955998127937,-0.054384760470314986,1,BEUTI_33N,0,1
-0.4599686262885785,-0.4420254492590646,-0.47791180331809235,1,BEUTI_39N,0,1
-0.29185591207916384,-0.3191081737213973,-0.2646036504369304,1,CUTI_33N,0,1
-0.48319467040220493,-0.4175082881858212,-0.5488810526185885,1,CUTI_39N,0,1
-0.3598371979952332,-0.5021040894062127,-0.21757030658425378,1,OC_LUSI_33N,0,1
0.2848663054863218,0.19671244873744095,0.37302016223520257,1,OC_STI_33N,0,1
0.08316443750571209,0.13320649431853784,0.03312238069288638,1,RREAS_Myctophids,0,1
0.43817598194083146,0.40219158820215334,0.4741603756795097,1,RREAS_YOYsardine,0,1
-0.005936940414693698,-0.017368097034748564,0.00549421620536128,1,age1SprSardmeanWAA,0,0
0.24715170622277335,0.20845760165420368,0.2858458107913432,1,meanSSBwt,0,1
-0.6773201957377573,-0.6764380588118262,-0.6782023326636883,1,ZM_NorCal,0,1
-0.5623702391199072,-0.4837440579960939,-0.6409964202437206,1,ZM_SoCal,0,1
0.2562434183044958,0.2856790633830252,0.2268077732259664,1,sardRec,0,1
-0.020547904737864817,-0.05743926461104834,0.016343455135318707,1,anchBioSmrySeas1,0,0
0.5607006353847153,0.5789575526632347,0.542443718106196,1,summerSST,0,1
0.21785806128691568,0.11998467580523586,0.31573144676859555,1,avgOffTransspring,0,1
-0.0864734652808713,-0.10497566272285073,-0.06797126783889185,1,avgOffTranssummer,0,1
-0.16303415147792907,-0.24661084922829982,-0.07945745372755833,1,sprRelOffTrans,0,1
-0.3316586836442315,-0.4530268798390705,-0.21029048744939255,1,sumRelOffTrans,0,1
0.30728585426170407,0.39611975857265297,0.21845194995075515,1,meanK,0,1
-0.3913403310821116,-0.4393175026844478,-0.34336315947977536,1,OC_LUSI_39N,0,1
-0.041940221724841326,-0.1578632686714614,0.07398282522177874,1,sardSpawnHab,0,0
0.5518813086277508,0.6364471726514376,0.4673154446040638,1,sardNurseHab,0,1
0.7124246738189188,0.7307613935769256,0.6940879540609121,1,springSST,0,1
-0.08835315131306656,-0.054443512474781956,-0.12226279015135122,1,randTest,0,1
0.23969062376431838,0.13648383154027088,0.3428974159883659,2,NCOPspring,0,1
0.10561306126787842,0.1622935166935587,0.04893260584219811,2,NCOPsummerlag1,0,1
0.25665159186938225,0.14058275985302937,0.3727204238857351,2,BEUTI_33N,0,1
0.24142076959062828,0.1774762165174124,0.30536532266384414,2,BEUTI_39N,0,1
0.18930428233521568,0.12383564085501625,0.25477292381541516,2,CUTI_33N,0,1
0.14565828420016122,0.1761518263448774,0.11516474205544515,2,CUTI_39N,0,1
0.2011861167668495,0.2861400063866795,0.11623222714701947,2,OC_LUSI_33N,0,1
-0.1538336786958056,-0.09652488932594638,-0.2111424680656649,2,OC_STI_33N,0,1
-0.0897508188744975,0.03852574376310397,-0.21802738151209902,2,RREAS_Myctophids,0,0
-0.1129947065182256,0.09616924915858804,-0.3221586621950393,2,RREAS_YOYsardine,0,0
-0.06475885296532741,-0.04373210667722077,-0.08578559925343393,2,age1SprSardmeanWAA,0,1
-0.06987190890190137,0.14855937948269388,-0.28830319728649656,2,meanSSBwt,0,0
0.24284304298315312,0.31745669870045734,0.1682293872658489,2,ZM_NorCal,0,1
0.08730185879949212,0.2539266717773119,-0.07932295417832759,2,ZM_SoCal,0,0
-0.2197642989094694,-0.22338292937193552,-0.2161456684470034,2,sardRec,0,1
0.18446695062253574,0.13461721669119273,0.23431668455387872,2,anchBioSmrySeas1,0,1
-0.11266588297839938,0.11666802624191183,-0.3419997921987106,2,summerSST,0,0
-0.22063570695336798,-0.32902461088766033,-0.11224680301907564,2,avgOffTransspring,0,1
0.007627840841677974,0.05713384879990793,-0.04187816711655204,2,avgOffTranssummer,0,0
0.2316473198630148,0.10079096786949787,0.36250367185653165,2,sprRelOffTrans,0,1
0.1720500806445826,0.2721467716433446,0.07195338964582068,2,sumRelOffTrans,0,1
0.02828214723152883,0.2829077061735006,-0.22634341171044287,2,meanK,0,0
0.19781537379141473,0.1953575687582615,0.20027317882456797,2,OC_LUSI_39N,0,1
0.07664659993117764,0.20027817782886648,-0.046984977966511104,2,sardSpawnHab,0,0
-0.16937475142999653,-0.1476522965297132,-0.19109720633027977,2,sardNurseHab,0,1
-0.21188809004376086,-0.07059985061199188,-0.3531763294755298,2,springSST,0,1
0.018410082123960714,0.01403947278927136,0.022780691458650082,2,randTest,0,1
-0.30919135228263384,-0.17605870340654353,-0.4423240011587241,3,NCOPspring,0,1
-0.32321892421164045,-0.07822475965380715,-0.5682130887694739,3,NCOPsummerlag1,0,1
0.0013665564355386066,0.4805862193901843,-0.4778531065191071,3,BEUTI_33N,0,0
-0.17920312675777722,0.2169743264546921,-0.5753805799702466,3,BEUTI_39N,0,0
-0.024496314608897674,0.38635439636488533,-0.43534702558268057,3,CUTI_33N,0,0
-0.16194321740354845,0.22231773051595996,-0.5462041653230568,3,CUTI_39N,0,0
0.29533192857454693,1.1971354536570673,-0.6064715965079733,3,OC_LUSI_33N,0,0
-0.20388522294768952,0.47972822089640577,-0.8874986667917849,3,OC_STI_33N,0,0
0.293411570143617,0.7621666931132303,-0.1753435528259963,3,RREAS_Myctophids,0,0
-0.201319416451665,0.5949291292529999,-0.9975679621563298,3,RREAS_YOYsardine,0,0
-0.3682857944195993,0.39585810352294337,-1.132429692362142,3,age1SprSardmeanWAA,0,0
-0.44987661021832703,0.6079889206102784,-1.5077421410469327,3,meanSSBwt,0,0
-0.10338418548893719,0.5263535355212289,-0.7331219064991031,3,ZM_NorCal,0,0
-0.10128013766927893,0.41350407869165773,-0.6160643540302156,3,ZM_SoCal,0,0
0.18756735014723983,0.5512426773065291,-0.17610797701204944,3,sardRec,0,0
0.010811123640884927,0.4219608815560546,-0.40033863427428473,3,anchBioSmrySeas1,0,0
-0.06239640847894934,0.6406579154415374,-0.7654507323994362,3,summerSST,0,0
-0.08094775375545434,0.4288759232922117,-0.5907714308031202,3,avgOffTransspring,0,0
-0.32469632962070555,0.19891018546047523,-0.8483028447018863,3,avgOffTranssummer,0,0
0.030743676000021973,0.48245624770972345,-0.42096889570967955,3,sprRelOffTrans,0,0
0.28749795946176476,1.1417666132725328,-0.5667706943490032,3,sumRelOffTrans,0,0
-0.1944956351231962,0.5159523734283137,-0.904943643674706,3,meanK,0,0
0.018184009736888232,0.5484185816249917,-0.5120505621512151,3,OC_LUSI_39N,0,0
0.573880515115501,1.6281360712751032,-0.48037504104410134,3,sardSpawnHab,0,0
0.18310726888573015,0.6398223145564984,-0.273607776785038,3,sardNurseHab,0,0
0.08394474770017432,0.7564379363608682,-0.5885484409605195,3,springSST,0,0
-0.15551232776375531,0.14028620522418667,-0.45131086075169735,3,randTest,0,0
0.6131038747499897,0.871292097113352,0.3549156523866274,1,NCOPspring,0,1
0.5196769243084074,0.7928647953249484,0.24648905329186646,1,NCOPsummerlag1,0,1
0.14105147770950752,0.5766738951414915,-0.2945709397224765,1,BEUTI_33N,0,0
0.5108467400168386,0.8769352370533408,0.14475824298033646,1,BEUTI_39N,0,1
0.30149731720189876,0.659180038459537,-0.05618540405573948,1,CUTI_33N,0,0
0.5216044531319214,0.8555671916548122,0.18764171460903062,1,CUTI_39N,0,1
0.2752184502260687,0.9422549563748424,-0.391818055922705,1,OC_LUSI_33N,0,0
-0.22968642623971913,0.28626490744837557,-0.7456377599278138,1,OC_STI_33N,0,0
-0.17342505064182068,0.15128293502461898,-0.4981330363082603,1,RREAS_Myctophids,0,0
-0.36919685000857827,0.17763415012342318,-0.9160278501405796,1,RREAS_YOYsardine,0,0
0.1274213190072387,0.704724058214271,-0.44988142019979344,1,age1SprSardmeanWAA,0,0
-0.0637582664230876,0.6985005533563715,-0.8260170862025467,1,meanSSBwt,0,0
0.6989131284164593,1.1911665359200607,0.2066597209128575,1,ZM_NorCal,0,1
0.5765502688569738,0.9632274465354634,0.18987309117848417,1,ZM_SoCal,0,1
-0.3159790028520609,0.01168302932749779,-0.6436410350316196,1,sardRec,0,0
0.026431801822433248,0.3579744346168069,-0.30511083097194036,1,anchBioSmrySeas1,0,0
-0.5264337518506776,-0.018396388884168106,-1.0344711148171872,1,summerSST,0,1
-0.19539103214743797,0.25260597402742013,-0.6433880383222961,1,avgOffTransspring,0,0
0.18248247390375147,0.5948420187240158,-0.22987707091651294,1,avgOffTranssummer,0,0
0.16331622154196865,0.5858956442324861,-0.2592632011485489,1,sprRelOffTrans,0,0
0.24594168412237183,0.9006107860233676,-0.40872741777862387,1,sumRelOffTrans,0,0
-0.23793830812192102,0.2483840288839124,-0.7242606451277545,1,meanK,0,0
0.38654068887658294,0.7942496580507065,-0.021168280297540643,1,OC_LUSI_39N,0,0
-0.12046763296089108,0.5798134095740475,-0.8207486754958296,1,sardSpawnHab,0,0
-0.6023902280684728,-0.192056956450624,-1.0127234996863215,1,sardNurseHab,0,1
-0.7251971368430044,-0.216732369726571,-1.2336619039594379,1,springSST,0,1
-0.030846973918615267,0.25160868842605083,-0.3133026362632813,1,randTest,0,0
-0.19357842761195593,-0.2750975178858615,-0.11205933733805036,2,NCOPspring,0,1
-0.06962212722195613,0.008878341515327542,-0.1481225959592398,2,NCOPsummerlag1,0,0
-0.2459360925980224,0.04069060534086502,-0.5325627905369099,2,BEUTI_33N,0,0
-0.19708407453414517,0.04710678592681655,-0.44127493499510684,2,BEUTI_39N,0,0
-0.16345050261313315,0.12423498584577276,-0.4511359910720391,2,CUTI_33N,0,0
-0.10405625367708178,0.19846797098916807,-0.4065804783433315,2,CUTI_39N,0,0
-0.17277640948205378,0.7633441213839653,-1.1088969403480728,2,OC_LUSI_33N,0,0
0.1317677615622051,0.8221640477199861,-0.558628524595576,2,OC_STI_33N,0,0
0.08011701066448831,0.4648472752612687,-0.3046132539322921,2,RREAS_Myctophids,0,0
0.07699018194784835,0.91927217706896,-0.7652918131732633,2,RREAS_YOYsardine,0,0
0.04208911697229728,0.5966492888005793,-0.5124710548559848,2,age1SprSardmeanWAA,0,0
0.025905981590931743,1.0881211571746539,-1.0363091939927902,2,meanSSBwt,0,0
-0.18414448348362422,0.40570985551880595,-0.7739988224860543,2,ZM_NorCal,0,0
-0.041399662380652444,0.47249334139585086,-0.5552926661571557,2,ZM_SoCal,0,0
0.20098775243562594,0.3934358643124323,0.008539640558819561,2,sardRec,0,1
-0.1713180836522045,0.09464598710895314,-0.4372821544133621,2,anchBioSmrySeas1,0,0
0.06950346209241384,0.8689030181885559,-0.7298960940037282,2,summerSST,0,0
0.19903651583575582,0.6214017053095294,-0.22332867363801778,2,avgOffTransspring,0,0
0.004235847932278283,0.49046118327275434,-0.4819894874081978,2,avgOffTranssummer,0,0
-0.21706098408828006,0.10477694112427739,-0.5388989093008376,2,sprRelOffTrans,0,0
-0.15106622571006564,0.784161329901863,-1.0862937813219944,2,sumRelOffTrans,0,0
-0.05748754821756452,0.5986742874369755,-0.7136493838721045,2,meanK,0,0
-0.15993161220592786,0.28234386200821493,-0.6022070864200707,2,OC_LUSI_39N,0,0
-0.07211835213611695,0.8310468573414308,-0.9752835616136647,2,sardSpawnHab,0,0
0.12118581442055536,0.4601132348865439,-0.2177416060454332,2,sardNurseHab,0,0
0.14989260939746588,0.8304674868712021,-0.5306822680762703,2,springSST,0,0
-0.013355623577833091,0.3222790656758704,-0.34899031283153653,2,randTest,0,0
-0.20818255005587938,-0.29585167879514457,-0.12051342131661416,3,NCOPspring,0,1
-0.21913545711108007,-0.386334877476758,-0.051936036745402134,3,NCOPsummerlag1,0,1
0.07025596040567839,0.37565322924414035,-0.23514130843278364,3,BEUTI_33N,0,0
-0.053188676004054344,0.044120576958306235,-0.15049792896641492,3,BEUTI_39N,0,0
0.04880321528591415,0.17572407766905604,-0.07811764709722777,3,CUTI_33N,0,0
-0.02620758943705201,-0.06761593851341474,0.015200759639310717,3,CUTI_39N,0,0
0.4134318683287919,0.5212878783426583,0.30557585831492545,3,OC_LUSI_33N,0,1
-0.29542825665801137,-0.2216580187627836,-0.3691984945532392,3,OC_STI_33N,0,1
0.2540660028175025,0.161995497084806,0.34613650855019895,3,RREAS_Myctophids,0,1
-0.3249924442330966,-0.4180542516868534,-0.23193063677933967,3,RREAS_YOYsardine,0,1
-0.3413103411261368,-0.30380785165692303,-0.3788128305953505,3,age1SprSardmeanWAA,0,1
-0.5498968041125514,-0.6506090504633264,-0.44918455776177635,3,meanSSBwt,0,1
0.07895957945694038,0.061848297389693774,0.09607086152418705,3,ZM_NorCal,0,1
0.059449124896788746,-0.10150857093306004,0.2204068207266374,3,ZM_SoCal,0,0
0.07159732977933969,0.20954193452605513,-0.06634727496737566,3,sardRec,0,0
-0.017515912360173427,0.10926328875567037,-0.14429511347601723,3,anchBioSmrySeas1,0,0
-0.24528466776107052,-0.40661484999007064,-0.08395448553207041,3,summerSST,0,1
-0.16141498115915143,0.06547514773746388,-0.3883051100557667,3,avgOffTransspring,0,0
-0.32326242570544694,-0.2990045768835395,-0.34752027452735446,3,avgOffTranssummer,0,1
0.10873193770824387,0.37825545242096875,-0.160791577004481,3,sprRelOffTrans,0,0
0.421838950977941,0.5022048415891913,0.3414730603666908,3,sumRelOffTrans,0,1
-0.25221350127160913,-0.46854732049147957,-0.03587968205173869,3,meanK,0,1
0.10723018094132311,0.1872816955237766,0.02717866635886959,3,OC_LUSI_39N,0,1
0.5323998419538185,0.6070790209909556,0.45772066291668134,3,sardSpawnHab,0,1
0.0328590459434587,-0.01414555785492512,0.07986364974184251,3,sardNurseHab,0,0
-0.11662044672461258,-0.208246856005293,-0.024994037443932138,3,springSST,0,1
-0.1617626947341583,-0.22006917944681048,-0.10345621002150612,3,randTest,0,1
0.5564661112722662,0.7931495921664092,0.31978263037812305,1,NCOPspring,0,1
0.46650748668411457,0.6835476544148464,0.24946731895338264,1,NCOPsummerlag1,0,1
0.1699734936314181,0.04365402329006007,0.296292963972776,1,BEUTI_33N,0,1
0.5032313281243199,0.5075856380456915,0.4988770182029483,1,BEUTI_39N,0,1
0.32291216087216223,0.26973545374286617,0.37608886800145835,1,CUTI_33N,0,1
0.5236648136001031,0.5716730958363617,0.4756565313638445,1,CUTI_39N,0,1
0.33625187496706416,0.16006421094959986,0.5124395389845284,1,OC_LUSI_33N,0,1
-0.2659103640901196,-0.37732482592182504,-0.1544959022584142,1,OC_STI_33N,0,1
-0.12682357091638427,-0.08678505355307783,-0.16686208827969073,1,RREAS_Myctophids,0,1
-0.40403184909626055,-0.4610305585188657,-0.3470331396736553,1,RREAS_YOYsardine,0,1
0.0686145523404093,0.08171413900636815,0.0555149656744504,1,age1SprSardmeanWAA,0,1
-0.189052305183328,-0.23600256592979207,-0.1421020444368638,1,meanSSBwt,0,1
0.6969603277598405,0.6801609579035859,0.7137596976160951,1,ZM_NorCal,0,1
0.5854968698568449,0.6427267744811015,0.5282669652325884,1,ZM_SoCal,0,1
-0.3104453768314951,-0.32252123717832126,-0.29836951648466903,1,sardRec,0,1
0.010415079375424269,-0.02987920725940485,0.05070936601025337,1,anchBioSmrySeas1,0,0
-0.5601451833377813,-0.5733181884403105,-0.5469721782352521,1,summerSST,0,1
-0.22330876629181856,-0.34378727859122227,-0.10283025399241486,1,avgOffTransspring,0,1
0.12671861841169405,0.08595536077358629,0.16748187604980183,1,avgOffTranssummer,0,1
0.17381761491379985,0.06693554450304076,0.2806996853245589,1,sprRelOffTrans,0,1
0.30702759331991614,0.13945817214749737,0.4745970144923349,1,sumRelOffTrans,0,1
-0.2858583218623375,-0.20656680753338286,-0.3651498361912921,1,meanK,0,1
0.4044471551405884,0.34336103038610044,0.4655332798950764,1,OC_LUSI_39N,0,1
-0.02240414181151587,-0.15772977182678344,0.11292148820375181,1,sardSpawnHab,0,0
-0.5921646695670958,-0.5045549755981008,-0.6797743635360907,1,sardNurseHab,0,1
-0.7385481684869981,-0.7410605387117205,-0.7360357982622759,1,springSST,0,1
0.2479222214443077,0.25991036901403514,0.23593407387458032,1,randTest,0,1
0.21754745747636794,0.3100776016345708,0.1250173133181651,2,NCOPspring,0,1
0.09073889474080102,0.3326910310949064,-0.1512132416133044,2,NCOPsummerlag1,0,0
0.2558755251396631,0.7015981534348149,-0.18984710315548858,2,BEUTI_33N,0,0
0.21839184984961169,0.6167349728608614,-0.17995127316163806,2,BEUTI_39N,0,0
0.1751306406696102,0.6451636448564091,-0.2949023635171887,2,CUTI_33N,0,0
0.12323316280245104,0.5942866522362641,-0.3478203266313621,2,CUTI_39N,0,0
0.16082171941833243,1.2390692745437848,-0.9174258357071199,2,OC_LUSI_33N,0,0
-0.1226453617568038,0.6773453995955216,-0.9226361231091292,2,OC_STI_33N,0,0
-0.097949100353283,0.4378761676586541,-0.6337743683652202,2,RREAS_Myctophids,0,0
-0.06802178800283928,0.8891337727039808,-1.0251773487096596,2,RREAS_YOYsardine,0,0
-0.025289370691108315,0.6930616361311812,-0.743640377513398,2,age1SprSardmeanWAA,0,0
-0.015183195629070029,1.2144937594588572,-1.2448601507169972,2,meanSSBwt,0,0
0.1932940990586392,0.9466242827932431,-0.5600360846759647,2,ZM_NorCal,0,0
0.05120076742990495,0.7142807321256943,-0.6118791972658844,2,ZM_SoCal,0,0
-0.21711632385918148,0.1005980449442215,-0.5348306926625844,2,sardRec,0,0
0.1738566486948222,0.5654680029180885,-0.21775470552844411,2,anchBioSmrySeas1,0,0
-0.07070028216505092,0.8632442455076974,-1.0046448098377994,2,summerSST,0,0
-0.20208031488060857,0.33327090896331024,-0.7374315387245274,2,avgOffTransspring,0,0
0.014135839530368538,0.6426779473503597,-0.6144062682896226,2,avgOffTranssummer,0,0
0.2193256816755399,0.6384356933412312,-0.19978432999015153,2,sprRelOffTrans,0,0
0.13812858747981574,1.230818095730355,-0.9545609207707235,2,sumRelOffTrans,0,0
0.06419634807248598,0.8757386576905627,-0.7473459615455905,2,meanK,0,0
0.1681812084401132,0.7599524189867167,-0.42359000210649045,2,OC_LUSI_39N,0,0
0.048220393402058054,1.202547815340518,-1.1061070285364016,2,sardSpawnHab,0,0
-0.13942078496353466,0.3450337181129761,-0.6238752880400454,2,sardNurseHab,0,0
-0.1644218897614015,0.6730700990436853,-1.0019138785664885,2,springSST,0,0
0.06011513669947105,0.4864860317463003,-0.36625575834735824,2,randTest,0,0
0.29033626541871094,0.4138259021406932,0.16684662869672862,3,NCOPspring,0,1
0.29178561249783763,0.32207764492147245,0.26149358007420287,3,NCOPsummerlag1,0,1
-0.06582639934679864,0.35562392778027063,-0.48727672647386794,3,BEUTI_33N,0,0
0.12562640437591358,0.3572842441647891,-0.10603143541296198,3,BEUTI_39N,0,0
-0.0304973433083896,0.20111648142016186,-0.262111168036941,3,CUTI_33N,0,0
0.09351005902208001,0.18233032815520392,0.004689789888956131,3,CUTI_39N,0,1
-0.35444153127802835,-0.14061249136786944,-0.568270571188187,3,OC_LUSI_33N,0,1
0.24617645557001694,0.4160131834434979,0.07633972769653585,3,OC_STI_33N,0,1
-0.29086128134747835,-0.267765873339619,-0.3139566893553378,3,RREAS_Myctophids,0,1
0.24838542682086512,0.2738567408471762,0.2229141127945541,3,RREAS_YOYsardine,0,1
0.33290103472544696,0.5587670486872306,0.10703502076366339,3,age1SprSardmeanWAA,0,1
0.47953708414057306,0.5716736085655412,0.38740055971560505,3,meanSSBwt,0,1
0.02681964877708079,0.1403042523290192,-0.0866649547748577,3,ZM_NorCal,0,0
0.03652340585866745,0.01495664684052029,0.058090164876814676,3,ZM_SoCal,0,1
-0.12244172508374133,0.12695658363987578,-0.3718400338073584,3,sardRec,0,0
0.021308199233541603,0.23403046108798325,-0.19141406262089997,3,anchBioSmrySeas1,0,0
0.14721545649064993,0.11300057043250811,0.18143034254879173,3,summerSST,0,1
0.12065119518854414,0.4416953064303626,-0.20039291605327422,3,avgOffTransspring,0,0
0.35363734400272523,0.48902026959942635,0.2182544184060241,3,avgOffTranssummer,0,1
-0.0662029050287514,0.29492715136625625,-0.427332961423759,3,sprRelOffTrans,0,0
-0.37682737012345946,-0.18749238322758593,-0.5661623570193328,3,sumRelOffTrans,0,1
0.18676383948661002,0.1510366580947759,0.22249102087844416,3,meanK,0,1
-0.056478447641861024,0.1261525259693681,-0.23910942125309015,3,OC_LUSI_39N,0,0
-0.5672723424510708,-0.3399701336099429,-0.7945745512921989,3,sardSpawnHab,0,1
-0.14664228751731923,-0.01594637049472908,-0.2773382045399093,3,sardNurseHab,0,1
-0.006113144294233791,0.04610616644045823,-0.0583324550289258,3,springSST,0,0
-0.04801671687870962,0.029059717932237106,-0.12509315168965632,3,randTest,0,0
0.5840031329069773,0.8320856862909515,0.33592057952300297,1,NCOPspring,0,1
0.48780626665560034,0.7407997580300731,0.23481277528112765,1,NCOPsummerlag1,0,1
0.15992832455556344,0.15271501000788218,0.1671416391032447,1,BEUTI_33N,0,1
0.5090147117722635,0.5905896340190725,0.4274397895254546,1,BEUTI_39N,0,1
0.3133772926874838,0.35771807108785214,0.2690365142871155,1,CUTI_33N,0,1
0.5172199512975296,0.6407895435579205,0.3936503590371387,1,CUTI_39N,0,1
0.3198712509699801,0.31981445353701954,0.31992804840294065,1,OC_LUSI_33N,0,1
-0.26031747613660944,-0.24132456219837672,-0.27931039007484215,1,OC_STI_33N,0,1
-0.14574612424505207,-0.026347636733250503,-0.2651446117568536,1,RREAS_Myctophids,0,1
-0.39966142164659435,-0.3193273388672535,-0.47999550442593514,1,RREAS_YOYsardine,0,1
0.08379772500637207,0.20749585973233714,-0.03990040971959302,1,age1SprSardmeanWAA,0,0
-0.14525529841279985,-0.014487104713717058,-0.2760234921118827,1,meanSSBwt,0,1
0.706280737107415,0.8038907222719304,0.6086707519428994,1,ZM_NorCal,0,1
0.5744196734041084,0.7245156908530832,0.42432365595513366,1,ZM_SoCal,0,1
-0.310559304062191,-0.23870237271703154,-0.38241623540735026,1,sardRec,0,1
0.03833583038845413,0.07194816761919101,0.004723493157717237,1,anchBioSmrySeas1,0,1
-0.5437158429555966,-0.42851369906963127,-0.6589179868415619,1,summerSST,0,1
-0.22032192067662348,-0.23580097998652894,-0.204842861366718,1,avgOffTransspring,0,1
0.14668587622012488,0.20764966454402237,0.08572208789622743,1,avgOffTranssummer,0,1
0.18066685190919868,0.1682013739236783,0.193132329894719,1,sprRelOffTrans,0,1
0.2892936615591999,0.29794700562318677,0.28064031749521307,1,sumRelOffTrans,0,1
-0.26806950247660055,-0.0755723678020446,-0.46056663715115653,1,meanK,0,1
0.40291731386683216,0.44285308806263607,0.36298153967102803,1,OC_LUSI_39N,0,1
-0.05890108137932101,-0.006330736982836149,-0.11147142577580588,1,sardSpawnHab,0,1
-0.5967936365335265,-0.43816091031548543,-0.7554263627515676,1,sardNurseHab,0,1
-0.7331351174829138,-0.6156763766839489,-0.8505938582818787,1,springSST,0,1
4.967929253707785e-4,0.07689344832442568,-0.0758998624736841,1,randTest,0,0
-0.19184966750340648,-0.27334675664263997,-0.110352578364173,2,NCOPspring,0,1
-0.062415796598237705,0.019583292189910256,-0.14441488538638572,2,NCOPsummerlag1,0,0
-0.251700583720446,-0.3782468463379567,-0.12515432110293528,2,BEUTI_33N,0,1
-0.19894194280571764,-0.24051365410553918,-0.15737023150589607,2,BEUTI_39N,0,1
-0.15984839029298126,-0.19385172683739274,-0.1258450537485698,2,CUTI_33N,0,1
-0.09813282715007185,-0.023546307491053492,-0.17271934680909024,2,CUTI_39N,0,1
-0.17402288224104145,-0.006187150095076921,-0.34185861438700593,2,OC_LUSI_33N,0,1
0.13312350492290437,0.2530165132572425,0.013230496588566204,2,OC_STI_33N,0,1
0.08189083153277957,0.2501231383257704,-0.0863414752602113,2,RREAS_Myctophids,0,0
0.07643206186334559,0.36699688831125543,-0.21413276458456432,2,RREAS_YOYsardine,0,0
0.05656643014194,0.13637494430170832,-0.023242084017828346,2,age1SprSardmeanWAA,0,0
0.0409796016631829,0.36547291890551065,-0.28351371557914473,2,meanSSBwt,0,0
-0.1787339215548956,-0.03534215245075284,-0.3221256906590384,2,ZM_NorCal,0,1
-0.03219943456631062,0.1979515205760771,-0.2623503897086983,2,ZM_SoCal,0,0
0.19831730200017159,0.18082407969952075,0.21581052430082237,2,sardRec,0,1
-0.18485105590936204,-0.20616033177202608,-0.1635417800466981,2,anchBioSmrySeas1,0,1
0.06378316010675283,0.3811510536794969,-0.25358473346599125,2,summerSST,0,0
0.20987249065638272,0.13005890969017858,0.28968607162258686,2,avgOffTransspring,0,1
0.009525514978690877,0.10659149272410062,-0.08754046276671881,2,avgOffTranssummer,0,0
-0.22657816451205393,-0.3512542585989658,-0.10190207042514193,2,sprRelOffTrans,0,1
-0.15239593153782063,0.03496840509013649,-0.33976026816577787,2,sumRelOffTrans,0,0
-0.06109042819156957,0.2551788597913174,-0.37735971617445657,2,meanK,0,0
-0.16183067089305384,-0.12057364912607531,-0.20308769266003224,2,OC_LUSI_39N,0,1
-0.07821295602752748,0.1256235408303024,-0.2820494528853572,2,sardSpawnHab,0,0
0.11772374523713192,0.18215998481963577,0.053287505654628094,2,sardNurseHab,0,1
0.1459809852651815,0.3627643981954724,-0.07080242766510947,2,springSST,0,0
-0.04977931299322885,-0.05973535821507591,-0.03982326777138177,2,randTest,0,1
0.23989080480569105,0.34179560640032886,0.13798600321105328,3,NCOPspring,0,1
0.2591120092970424,0.46216135638394684,0.056062662210137996,3,NCOPsummerlag1,0,1
-0.03952525734024374,0.47911481810479684,-0.5581653327852842,3,BEUTI_33N,0,0
0.09809816039995137,0.5067189142593556,-0.3105225934594529,3,BEUTI_39N,0,0
-0.021372190217012102,0.4024610305197074,-0.44520541095373156,3,CUTI_33N,0,0
0.07044687260649943,0.4581463484342033,-0.3172526032212044,3,CUTI_39N,0,0
-0.36211284405625094,0.5877867772762031,-1.312012465388705,3,OC_LUSI_33N,0,0
0.2568831111222115,0.9761168049944864,-0.46235058275006313,3,OC_STI_33N,0,0
-0.2741253424317483,0.16791155990194911,-0.7161622447654457,3,RREAS_Myctophids,0,0
0.282590222511217,1.0934876648616199,-0.5283072198391859,3,RREAS_YOYsardine,0,0
0.3543677137341174,1.0887781634641702,-0.3800427359959354,3,age1SprSardmeanWAA,0,0
0.49985240201053793,1.5560005350065493,-0.5562957309854735,3,meanSSBwt,0,0
-0.01896660423886798,0.6325097283629498,-0.6704429368406859,3,ZM_NorCal,0,0
-0.00410192622118663,0.5048457443786887,-0.5130495968210619,3,ZM_SoCal,0,0
-0.12604272619001694,0.23879607044549278,-0.49088152282552666,3,sardRec,0,0
0.0058707468173435085,0.4278696492704586,-0.41612815563577155,3,anchBioSmrySeas1,0,0
0.18174167272374608,0.9128058119168989,-0.5493224664694066,3,summerSST,0,0
0.12998592453282343,0.6984871313314824,-0.4385152822658357,3,avgOffTransspring,0,0
0.3283403599979827,0.8836744790231016,-0.2269937590271362,3,avgOffTranssummer,0,0
-0.06934337247180344,0.43189328960694007,-0.570580034550547,3,sprRelOffTrans,0,0
-0.372721771003222,0.5637005236600164,-1.3091440656664604,3,sumRelOffTrans,0,0
0.22307134863898168,0.8793253209602088,-0.43318262368224536,3,meanK,0,0
-0.07664823135444046,0.46535028249176685,-0.6186467452006479,3,OC_LUSI_39N,0,0
-0.5630598447670372,0.4803488700557802,-1.6064685595898545,3,sardSpawnHab,0,0
-0.09143019451186038,0.359161096892858,-0.5420214859165787,3,sardNurseHab,0,0
0.044997202317946294,0.732501307545147,-0.6425069029092542,3,springSST,0,0
-0.00885088773552079,0.23467762131759617,-0.25237939678863774,3,randTest,0,0
0.570519403052559,0.8130248216136075,0.3280139844915106,1,NCOPspring,0,1
0.4849498847528062,0.7374158521884691,0.23248391731714338,1,NCOPsummerlag1,0,1
0.1557585934845596,0.06378910071853472,0.24772808625058454,1,BEUTI_33N,0,1
0.5103153654444185,0.5571147810078952,0.4635159498809417,1,BEUTI_39N,0,1
0.2948918661147822,0.30818222215666563,0.2816015100728987,1,CUTI_33N,0,1
0.5406112157676776,0.6614142325512485,0.4198081989841066,1,CUTI_39N,0,1
0.33974656108139656,0.3411256129218482,0.3383675092409447,1,OC_LUSI_33N,0,1
-0.2811875689649846,-0.26516047959357547,-0.2972146583363936,1,OC_STI_33N,0,1
-0.14691577930657101,-0.016053125487045128,-0.2777784331260969,1,RREAS_Myctophids,0,1
-0.4134608774790126,-0.2948263846811261,-0.5320953702768991,1,RREAS_YOYsardine,0,1
0.04907076661776781,0.16466303427011864,-0.0665215010345831,1,age1SprSardmeanWAA,0,0
-0.18018213534138475,-0.0043697105583676565,-0.3559945601244018,1,meanSSBwt,0,1
0.7064743894330915,0.8126947425476609,0.6002540363185218,1,ZM_NorCal,0,1
0.5785924591329767,0.7567491926989471,0.40043572556700624,1,ZM_SoCal,0,1
-0.31330493286785605,-0.3066470457894227,-0.3199628199462895,1,sardRec,0,1
0.01157474881906146,0.013399640049021999,0.009749857589100935,1,anchBioSmrySeas1,0,1
-0.5614105740223552,-0.4003357754119812,-0.7224853726327292,1,summerSST,0,1
-0.19903081729584848,-0.251612874594316,-0.14644875999738094,1,avgOffTransspring,0,1
0.1500359539771288,0.21215349653736726,0.08791841141689036,1,avgOffTranssummer,0,1
0.15994819847233915,0.0912789675476646,0.22861742939701366,1,sprRelOffTrans,0,1
0.3089722298367947,0.32408633319293856,0.29385812648065085,1,sumRelOffTrans,0,1
-0.2875874380098681,-0.06091175942913246,-0.5142631165906036,1,meanK,0,1
0.3850741152111874,0.41466296655618085,0.35548526386619395,1,OC_LUSI_39N,0,1
-0.04727408185949358,0.010360889263860917,-0.10490905298284814,1,sardSpawnHab,0,0
-0.6010814189106564,-0.43955958209471546,-0.7626032557265972,1,sardNurseHab,0,1
-0.7219232548975739,-0.5777013239341695,-0.8661451858609786,1,springSST,0,1
-0.4118277960174647,-0.36598019405822313,-0.4576753979767063,1,randTest,0,1
-0.20569388415540807,-0.2931262855876161,-0.11826148272320003,2,NCOPspring,0,1
-0.08394173253482197,-0.018134349181601644,-0.14974911588804224,2,NCOPsummerlag1,0,1
-0.24901134253949941,-0.36349167726574577,-0.13453100781325303,2,BEUTI_33N,0,1
-0.20877354397560116,-0.15785822073333022,-0.25968886721787204,2,BEUTI_39N,0,1
-0.15970678640270686,-0.11091283703266215,-0.2085007357727516,2,CUTI_33N,0,1
-0.11891096542923826,0.13177493187153902,-0.3695968627300156,2,CUTI_39N,0,0
-0.16316366596794182,0.39369443013646754,-0.7200217620723512,2,OC_LUSI_33N,0,0
0.12869154285633666,0.5541488100055021,-0.29676572429282866,2,OC_STI_33N,0,0
0.09784927512629507,0.3621369670806187,-0.1664384168280285,2,RREAS_Myctophids,0,0
0.06609771144572704,0.6968665993994536,-0.5646711765079993,2,RREAS_YOYsardine,0,0
0.035407543192706656,0.29892354966614854,-0.22810846328073536,2,age1SprSardmeanWAA,0,0
0.008641045267582692,0.701276931387826,-0.6839948408526603,2,meanSSBwt,0,0
-0.18447534366707552,0.22148525472703817,-0.5904359420611891,2,ZM_NorCal,0,0
-0.04058808952359348,0.3870506959154587,-0.4682268749626457,2,ZM_SoCal,0,0
0.2122410792138027,0.1398988475033902,0.28458331092421524,2,sardRec,0,1
-0.16931849356250905,-0.15425323737444685,-0.1843837497505713,2,anchBioSmrySeas1,0,1
0.06528327378053639,0.7166952223015314,-0.5861286747404587,2,summerSST,0,0
0.1902639508182931,0.2296769546419697,0.1508509469946165,2,avgOffTransspring,0,1
-0.014370553153210702,0.23545215614797999,-0.26419326245440156,2,avgOffTranssummer,0,0
-0.2117139530449988,-0.2823066604615242,-0.1411212456284734,2,sprRelOffTrans,0,1
-0.14079580456035504,0.43419710686054636,-0.7157887159812565,2,sumRelOffTrans,0,0
-0.06890901904836283,0.4369365433104254,-0.574754581407151,2,meanK,0,0
-0.15500795405135187,0.04082567066750675,-0.3508415787702104,2,OC_LUSI_39N,0,0
-0.04592781798035617,0.4596965609310128,-0.551552196891725,2,sardSpawnHab,0,0
0.12924346396519665,0.3154224951299889,-0.05693556719959561,2,sardNurseHab,0,0
0.1464929109928611,0.6256056928314384,-0.3326198708457163,2,springSST,0,0
0.13748273960478022,0.5066722425018753,-0.23170676329231482,2,randTest,0,0
0.26554793503696356,0.3784219456133022,0.15267392446062494,3,NCOPspring,0,1
0.26728348754089376,0.4565033889309885,0.07806358615079903,3,NCOPsummerlag1,0,1
-0.08602041760507237,0.5763275728027618,-0.7483684080129066,3,BEUTI_33N,0,0
0.0700351669352591,0.5942733738568731,-0.4542030399863549,3,BEUTI_39N,0,0
-0.03226525163985577,0.47696267981014606,-0.5414931830898577,3,CUTI_33N,0,0
0.02280177072742809,0.5516614037761975,-0.5060578623213413,3,CUTI_39N,0,0
-0.43346978829105764,0.8087871392182813,-1.6757267158003966,3,OC_LUSI_33N,0,0
0.32377634450091836,1.290892504788411,-0.6433398157865742,3,OC_STI_33N,0,0
-0.2709673857346091,0.18143387001559916,-0.7233686414848173,3,RREAS_Myctophids,0,0
0.319927630193785,1.2952857416240056,-0.6554304812364355,3,RREAS_YOYsardine,0,0
0.35685046769023254,1.1828795601695232,-0.46917862478905814,3,age1SprSardmeanWAA,0,0
0.5060066433265776,1.6804942483818677,-0.6684809617287125,3,meanSSBwt,0,0
-0.05261031323169316,0.7607273033626281,-0.8659479298260142,3,ZM_NorCal,0,0
-0.017892147286320464,0.5685505853136162,-0.6043348798862572,3,ZM_SoCal,0,0
-0.09114136486283832,0.33752003262546293,-0.5198027623511395,3,sardRec,0,0
0.02169020523127714,0.4872524007275296,-0.4438719902649753,3,anchBioSmrySeas1,0,0
0.22349282439577087,1.1173042329588898,-0.6703185841673482,3,summerSST,0,0
0.13428356441077002,0.7990918253797511,-0.530524696558211,3,avgOffTransspring,0,0
0.34527086599434453,0.9726264347224307,-0.28208470273374175,3,avgOffTranssummer,0,0
-0.08391348325773565,0.5141889701391382,-0.6820159366546095,3,sprRelOffTrans,0,0
-0.4449269906852148,0.7755825049258696,-1.6654364862962994,3,sumRelOffTrans,0,0
0.20332694462007206,0.8948886781424121,-0.488234788902268,3,meanK,0,0
-0.08219051269397103,0.5485075467437778,-0.7128885721317199,3,OC_LUSI_39N,0,0
-0.564696801006789,0.6019192563477027,-1.7313128583612807,3,sardSpawnHab,0,0
-0.09004529691408802,0.4271889122483316,-0.6072795060765077,3,sardNurseHab,0,0
0.05869864500712574,0.8556250841499636,-0.7382277941357123,3,springSST,0,0
0.1854058451190727,0.987101254645099,-0.6162895644069537,3,randTest,0,0
0.5689063195447687,0.8111918160619239,0.3266208230276133,1,NCOPspring,0,1
0.478715112408778,0.7040839363863994,0.2533462884311566,1,NCOPsummerlag1,0,1
0.14159092945162827,0.05545632570487291,0.2277255331983837,1,BEUTI_33N,0,1
0.49056150295742645,0.5305317507552022,0.4505912551596507,1,BEUTI_39N,0,1
0.3171516096565593,0.2838222849899443,0.35048093432317434,1,CUTI_33N,0,1
0.5096511717661111,0.5855623227623399,0.4337400207698823,1,CUTI_39N,0,1
0.30036058517066794,0.18562092670780586,0.41510024363353004,1,OC_LUSI_33N,0,1
-0.2438865893813993,-0.30917982991517495,-0.17859334884762362,1,OC_STI_33N,0,1
-0.12257703581199236,-0.07152286705364429,-0.17363120457034045,1,RREAS_Myctophids,0,1
-0.3965146402978579,-0.4123305956740853,-0.3806986849216305,1,RREAS_YOYsardine,0,1
0.08695128984311892,0.14225428261907802,0.03164829706715984,1,age1SprSardmeanWAA,0,1
-0.13421166922518288,-0.11994304228444008,-0.1484802961659256,1,meanSSBwt,0,1
0.6998783527410845,0.7157864144554952,0.6839702910266737,1,ZM_NorCal,0,1
0.5773748324359251,0.6605953035406811,0.4941543613311694,1,ZM_SoCal,0,1
-0.2943612441686655,-0.2832674881630911,-0.30545500017423977,1,sardRec,0,1
0.004678290848133496,0.005216574416667674,0.004140007279599289,1,anchBioSmrySeas1,0,1
-0.5471018141133157,-0.5250293537141798,-0.5691742745124518,1,summerSST,0,1
-0.196122841543365,-0.273204130112843,-0.11904155297388702,1,avgOffTransspring,0,1
0.1350158921639764,0.1157780682109702,0.15425371611698246,1,avgOffTranssummer,0,1
0.15943881367736665,0.0887828547120513,0.230094772642682,1,sprRelOffTrans,0,1
0.2955948836254147,0.17339417571448532,0.41779559153634416,1,sumRelOffTrans,0,1
-0.2769080873127656,-0.17190554244908757,-0.3819106321764437,1,meanK,0,1
0.4002359415979749,0.37057453339486873,0.4298973498010811,1,OC_LUSI_39N,0,1
-0.05269499060061836,-0.1304332833467824,0.02504330214554573,1,sardSpawnHab,0,0
-0.588333359938169,-0.47571962829662,-0.7009470915797181,1,sardNurseHab,0,1
-0.7250454005635627,-0.6872547378653805,-0.7628360632617449,1,springSST,0,1
0.2912127832909458,0.2469593919432251,0.3354661746386665,1,randTest,0,1
0.189756579573785,0.27057000266288056,0.10894315648468941,2,NCOPspring,0,1
0.06884440330047191,0.2999594428205417,-0.16227063621959784,2,NCOPsummerlag1,0,0
0.24373822547863866,0.6843003453732701,-0.19682389441599282,2,BEUTI_33N,0,0
0.18606802731561323,0.5492446128539332,-0.1771085582227067,2,BEUTI_39N,0,0
0.16955102066605093,0.6535468148604238,-0.31444477352832184,2,CUTI_33N,0,0
0.09555268241078199,0.5249585084729369,-0.3338531436513729,2,CUTI_39N,0,0
0.141117998242541,1.1912619836661726,-0.9090259871810904,2,OC_LUSI_33N,0,0
-0.1063980018116451,0.6779459864471544,-0.8907419900704447,2,OC_STI_33N,0,0
-0.07606688493800708,0.49558720172453147,-0.6477209716005456,2,RREAS_Myctophids,0,0
-0.05342762781733271,0.9036981530537929,-1.0105534086884582,2,RREAS_YOYsardine,0,0
-0.025101413592220734,0.6795364828401833,-0.7297393100246249,2,age1SprSardmeanWAA,0,0
-6.970898683790749e-4,1.1886143773040925,-1.1900085570408505,2,meanSSBwt,0,0
0.16793066250439964,0.9206913038865863,-0.5848299788777871,2,ZM_NorCal,0,0
0.033436742448888834,0.6616632242566769,-0.5947897393588991,2,ZM_SoCal,0,0
-0.19996915823568207,0.12029559424365252,-0.5202339107150167,2,sardRec,0,0
0.15408996775069156,0.5311532537146768,-0.2229733182132937,2,anchBioSmrySeas1,0,0
-0.05105692059275482,0.8688702296201771,-0.9709840708056868,2,summerSST,0,0
-0.18373099831814357,0.32870901652990564,-0.6961710131661929,2,avgOffTransspring,0,0
-0.002116896441409083,0.6641755505000217,-0.66840934338284,2,avgOffTranssummer,0,0
0.20565920975779003,0.6218773941362346,-0.21055897462065445,2,sprRelOffTrans,0,0
0.13566502988156406,1.2727502004213507,-1.0014201406582228,2,sumRelOffTrans,0,0
0.06639922093279671,0.8829986049778968,-0.7502001631123035,2,meanK,0,0
0.15063617037134294,0.7446346723759112,-0.4433623316332252,2,OC_LUSI_39N,0,0
0.054189126304978324,1.2060977225366727,-1.0977194699267163,2,sardSpawnHab,0,0
-0.11046359333451557,0.35460955910582015,-0.5755367457748513,2,sardNurseHab,0,0
-0.13029562087651306,0.6730092430035837,-0.9336004847566095,2,springSST,0,0
0.16735481504467042,0.6540451406187521,-0.31933551052941117,2,randTest,0,0
0.2576899431284467,0.36743478805882557,0.14794509819806778,3,NCOPspring,0,1
0.2659995065976245,0.28367544484249546,0.24832356835275357,3,NCOPsummerlag1,0,1
-0.08110065351785475,0.3427575702864165,-0.504958877322126,3,BEUTI_33N,0,0
0.10854195407054985,0.3288639093052801,-0.11178000116418033,3,BEUTI_39N,0,0
-0.06050541020604007,0.19046995203934397,-0.311480772451424,3,CUTI_33N,0,0
0.07810825734830085,0.16772604131773317,-0.011509526621131472,3,CUTI_39N,0,0
-0.36802397422743116,-0.1481380132169209,-0.58790993523794155,3,OC_LUSI_33N,0,1
0.258441172937192,0.42874071633185884,0.08814162954252519,3,OC_STI_33N,0,1
-0.2995602959661502,-0.27289399521679775,-0.32622659671550264,3,RREAS_Myctophids,0,1
0.2690577240989218,0.3007660636767371,0.23734938452110638,3,RREAS_YOYsardine,0,1
0.3254663526034666,0.5409600862479798,0.1099726189589536,3,age1SprSardmeanWAA,0,1
0.48470127391703677,0.5769145829456346,0.39248796488843885,3,meanSSBwt,0,1
-0.013414491326876915,0.11061535738240856,-0.13744434003616246,3,ZM_NorCal,0,0
0.014704100455835395,0.002097119184603792,0.027311081727066977,3,ZM_SoCal,0,1
-0.10252499064429269,0.13677296391835192,-0.34182294520693723,3,sardRec,0,0
0.028591339557885176,0.2059604657314298,-0.1487777866156595,3,anchBioSmrySeas1,0,0
0.17490420585864594,0.15130716048243997,0.1985012512348519,3,summerSST,0,1
0.1326175059465236,0.4519110908276573,-0.18667607893461005,3,avgOffTransspring,0,0
0.36400444011374966,0.5128414451416976,0.2151674350858018,3,avgOffTranssummer,0,1
-0.08227981949664467,0.27756771637769495,-0.44212735537098435,3,sprRelOffTrans,0,0
-0.4135825249891901,-0.19750096864754602,-0.6296640813308342,3,sumRelOffTrans,0,1
0.2108336978295433,0.1718530576359194,0.2498143380231673,3,meanK,0,1
-0.08287935076607293,0.10428933153520217,-0.27004803306734804,3,OC_LUSI_39N,0,0
-0.5673817732227444,-0.3273760736546354,-0.8073874727908533,3,sardSpawnHab,0,1
-0.11626896201685577,0.010050107033229894,-0.24258803106694146,3,sardNurseHab,0,0
0.025085074452209838,0.08157577090847079,-0.031405622004051184,3,springSST,0,0
-0.07647694951507127,0.1770348196674419,-0.3299887186975845,3,randTest,0,0
-0.4459179449289061,-0.24059927749631774,-0.6512366123614943,1,NCOPspring,0,1
-0.3884549086017051,-0.11043112744283215,-0.6664786897605781,1,NCOPsummerlag1,0,1
-0.01752097718893829,0.3966048632413675,-0.43164681761924406,1,BEUTI_33N,0,0
-0.4673526901786842,-0.15439038634214375,-0.7803149940152247,1,BEUTI_39N,0,1
-0.14538107281322615,0.43757313887728183,-0.7283352845037342,1,CUTI_33N,0,0
-0.4804580785603189,-0.20067755377429156,-0.7602386033463463,1,CUTI_39N,0,1
-0.23448160899773415,-0.01571694508506045,-0.45324627291040787,1,OC_LUSI_33N,0,1
0.19199230825012986,0.40273733033520276,-0.018752713834943004,1,OC_STI_33N,0,0
0.19886252255442657,0.571528692796316,-0.17380364768746295,1,RREAS_Myctophids,0,0
0.3748940688872486,0.6861435262604503,0.06364461151404692,1,RREAS_YOYsardine,0,1
0.11600847662977466,0.5778494807490703,-0.345832527489521,1,age1SprSardmeanWAA,0,0
0.3098870829780803,0.6901100288171398,-0.07033586286097915,1,meanSSBwt,0,0
-0.6294478655365248,-0.29127496931984487,-0.9676207617532048,1,ZM_NorCal,0,1
-0.52862093590418,-0.1738341938822246,-0.8834076779261355,1,ZM_SoCal,0,1
0.18199721239166652,0.6561870485289706,-0.2921926237456374,1,sardRec,0,0
-0.07186784698939903,0.4737978096488562,-0.6175335036276542,1,anchBioSmrySeas1,0,0
0.5153339563338822,0.823194825982074,0.20747308668569034,1,summerSST,0,1
0.15133430343091822,0.3879974942448779,-0.08532888738304145,1,avgOffTransspring,0,0
-0.19694920986658573,0.05313932481635769,-0.44703774454952916,1,avgOffTranssummer,0,0
-0.08540867745454866,0.16977287944279873,-0.34059023435189606,1,sprRelOffTrans,0,0
-0.14628679227296032,0.1980416089053416,-0.49061519345126225,1,sumRelOffTrans,0,0
0.31948998358358677,0.6623681569470399,-0.023388189779866425,1,meanK,0,0
-0.29950957021297636,-0.002151913992245817,-0.5968672264337069,1,OC_LUSI_39N,0,1
0.020177304453113148,0.3538977561602591,-0.3135431472540328,1,sardSpawnHab,0,0
0.5257811204694993,0.8479055980583675,0.20365664288063107,1,sardNurseHab,0,1
0.6828450078766733,1.0211900601555535,0.34449995559779295,1,springSST,0,1
0.09270544103253493,0.49626605984180366,-0.3108551777767337,1,randTest,0,0
0.3064420803891922,0.16534374535625182,0.4475404154221326,2,NCOPspring,0,1
0.17856155437811264,0.12963626974853265,0.22748683900769262,2,NCOPsummerlag1,0,1
0.05818151247819203,0.3445810771099419,-0.22821805215355778,2,BEUTI_33N,0,0
0.38591261530246934,0.4839953988495626,0.287829831755376,2,BEUTI_39N,0,1
-0.09303042802819718,0.2547920743993755,-0.4408529304557699,2,CUTI_33N,0,0
0.258956895374288,0.3172042570420284,0.2007095337065476,2,CUTI_39N,0,1
0.15159454031298536,0.18998105747246963,0.1132080231535011,2,OC_LUSI_33N,0,1
-0.12847056929089667,-0.09281570538463016,-0.16412543319716316,2,OC_STI_33N,0,1
-0.310712601048399,-0.09548189247379753,-0.5259433096230005,2,RREAS_Myctophids,0,1
-0.20727161178603393,-0.08890156525987275,-0.32564165831219505,2,RREAS_YOYsardine,0,1
-0.23519131617562294,-0.05134066126807547,-0.41904197108317054,2,age1SprSardmeanWAA,0,1
-0.16771698899206353,-0.07433452418476653,-0.26109945379936056,2,meanSSBwt,0,1
0.325817576345149,0.4118353190283891,0.23979983366190893,2,ZM_NorCal,0,1
0.11724728513428012,0.33292901649323275,-0.09843444622467251,2,ZM_SoCal,0,0
-0.04597510783204553,0.23556793122604028,-0.32751814689013126,2,sardRec,0,0
0.41648994443359555,0.8757219776862821,-0.04274208881909111,2,anchBioSmrySeas1,0,0
-0.22709072557845666,-0.08994766015021863,-0.36423379100669473,2,summerSST,0,1
-0.218704857509025,-0.09970947186805262,-0.33770024314999725,2,avgOffTransspring,0,1
0.17470042375414857,0.24745861876340863,0.1019422287448885,2,avgOffTranssummer,0,1
0.16464376213930831,0.3192596346169484,0.010027889661668288,2,sprRelOffTrans,0,1
-0.02720611140900473,0.14203386603003337,-0.19644608884804288,2,sumRelOffTrans,0,0
-0.008946762397261498,0.15685759688757095,-0.17475112168209392,2,meanK,0,0
0.13723228711517976,0.23928255605790227,0.03518201817245731,2,OC_LUSI_39N,0,1
-0.07368414571706991,0.04001893391740714,-0.18738722535154698,2,sardSpawnHab,0,0
-0.29022640155167245,-0.22667490065233764,-0.35377790245100715,2,sardNurseHab,0,1
-0.35465279587054965,-0.25739737928270967,-0.4519082124583897,2,springSST,0,1
-0.22549357550892732,0.008771660048379827,-0.4597588110662345,2,randTest,0,0
-0.20711101157251016,-0.1117487203925424,-0.30247330275247786,3,NCOPspring,0,1
-0.11694256115583117,-0.08988938451678913,-0.1439957377948732,3,NCOPsummerlag1,0,1
-0.23652605090627554,-0.06553706202355322,-0.4075150397889979,3,BEUTI_33N,0,1
-0.19410534887610364,-0.001741368088622186,-0.38646932966358516,3,BEUTI_39N,0,1
-0.2733083046551824,-0.30670050561925294,-0.23991610369111188,3,CUTI_33N,0,1
-0.15214957332802706,0.010552604913006386,-0.31485175156906053,3,CUTI_39N,0,0
-0.10674150041077674,0.018907539076996785,-0.23239053989855024,3,OC_LUSI_33N,0,0
0.07911593329390144,0.20210168180742616,-0.0438698152196233,3,OC_STI_33N,0,0
0.05080910864701421,0.21294705662720395,-0.11132883933317556,3,RREAS_Myctophids,0,0
0.03714424095525981,0.18493369009145985,-0.11064520818094026,3,RREAS_YOYsardine,0,0
-0.015995017948089718,0.15070562510568467,-0.18269566100186407,3,age1SprSardmeanWAA,0,0
0.015287206646851306,0.20489992741994129,-0.1743255141262386,3,meanSSBwt,0,0
-0.24451782908237807,-0.07597340920561366,-0.4130622489591424,3,ZM_NorCal,0,1
-0.14452877481982432,0.12747239793921514,-0.41652994757886386,3,ZM_SoCal,0,0
0.2835024145525097,0.31818263200106633,0.24882219710395304,3,sardRec,0,1
-0.004339497192476144,0.25343206602671875,-0.2621110604116711,3,anchBioSmrySeas1,0,0
0.08468678079244144,0.3063801477259157,-0.13700658614103278,3,summerSST,0,0
0.12738364647282735,0.35727519358106197,-0.10250790063540721,3,avgOffTransspring,0,0
-0.04432964092685725,0.061864405954809895,-0.1505236878085244,3,avgOffTranssummer,0,0
-0.1610881208739301,0.08197826552470588,-0.4041545072725661,3,sprRelOffTrans,0,0
-0.13666375922665103,-0.07669311028779197,-0.19663440816551012,3,sumRelOffTrans,0,1
0.013911859553587322,0.35047909067596117,-0.32265537156878654,3,meanK,0,0
-0.18473497912686007,-0.09227867381892722,-0.2771912844347929,3,OC_LUSI_39N,0,1
-0.08015017954457783,5.906166249659388e-4,-0.1608909757141216,3,sardSpawnHab,0,0
0.14810627361310616,0.32996666352268983,-0.03375411629647751,3,sardNurseHab,0,0
0.19601750870527895,0.40132457499566543,-0.009289557585107466,3,springSST,0,0
-0.05548733503357073,0.007727377136253388,-0.11870204720339489,3,randTest,0,0
-0.43365751262511476,-0.23711969357138005,-0.6301953316788496,1,NCOPspring,0,1
-0.36945515759726516,-0.10061297785213154,-0.6382973373423988,1,NCOPsummerlag1,0,1
-0.068677128430076,0.2577158466333992,-0.3950701034935513,1,BEUTI_33N,0,0
-0.4308396153872352,0.11947405844675853,-0.981153289221229,1,BEUTI_39N,0,0
-0.24626078827824077,0.2589162887872503,-0.7514378653437319,1,CUTI_33N,0,0
-0.45533286110576054,0.10464211466997192,-1.0153078368814932,1,CUTI_39N,0,0
-0.25756685678408203,0.10330530841349375,-0.6184390219816578,1,OC_LUSI_33N,0,0
0.1997752314447003,0.532151969127017,-0.13260150623761643,1,OC_STI_33N,0,0
0.11196494783144768,0.879771654451628,-0.6558417587887326,1,RREAS_Myctophids,0,0
0.38566205774597756,0.6967639548911906,0.07456016060076456,1,RREAS_YOYsardine,0,1
0.13955881356856464,1.3946887172359264,-1.1155710900987972,1,age1SprSardmeanWAA,0,0
0.3739593195413505,1.4564086255762052,-0.708489986493504,1,meanSSBwt,0,0
-0.6301706313688129,-0.1910472289524777,-1.069294033785148,1,ZM_NorCal,0,1
-0.5693342723129772,-0.20467705471408978,-0.9339914899118644,1,ZM_SoCal,0,1
0.24711980183777407,0.4471851117655982,0.04705449190994996,1,sardRec,0,1
0.022898294777435137,0.433253407012942,-0.38745681745807176,1,anchBioSmrySeas1,0,0
0.5334437894561472,0.8400993342822015,0.22678824463009292,1,summerSST,0,1
0.1780382126501694,0.5714959995922262,-0.21541957429188738,1,avgOffTransspring,0,0
-0.12528511444902016,0.7174281424575637,-0.967998371355604,1,avgOffTranssummer,0,0
-0.1151745240512551,0.38929595694276287,-0.6196450050452731,1,sprRelOffTrans,0,0
-0.23938999851467438,0.6353024663713526,-1.1140824634007014,1,sumRelOffTrans,0,0
0.3157302984963366,0.7058797783981857,-0.07441918140551257,1,meanK,0,0
-0.3401636206479855,-0.03274618703829586,-0.6475810542576751,1,OC_LUSI_39N,0,1
0.01568426784257133,0.7388772713559812,-0.7075087356708387,1,sardSpawnHab,0,0
0.527917370792366,1.0235849176021428,0.032249823982589305,1,sardNurseHab,0,1
0.6881290289127612,1.1331832473160044,0.24307481050951793,1,springSST,0,1
-0.44647257259005113,-0.16126693440257533,-0.7316782107775269,1,randTest,0,1
0.3202508369756795,0.1751100306552219,0.4653916432961372,2,NCOPspring,0,1
0.18128612674122763,0.13207772497035558,0.23049452851209967,2,NCOPsummerlag1,0,1
0.2740553718538209,0.1118626322410633,0.43624811146657844,2,BEUTI_33N,0,1
0.2639008716484044,0.3156362078011669,0.21216553549564188,2,BEUTI_39N,0,1
0.29278177075700285,0.4189898960618906,0.16657364545211506,2,CUTI_33N,0,1
0.17848052123722985,0.31561757691574105,0.041343465558718644,2,CUTI_39N,0,1
0.21955124339636195,0.24619273843564615,0.19290974835707775,2,OC_LUSI_33N,0,1
-0.17383738968804702,-0.16038970476646652,-0.18728507460962748,2,OC_STI_33N,0,1
-0.034358787704633964,0.1921559479954521,-0.26087352340472003,2,RREAS_Myctophids,0,0
-0.18285132621169037,-0.3153912001142131,-0.05031145230916759,2,RREAS_YOYsardine,0,1
0.06285329357652825,0.5319340713730718,-0.4062274842200152,2,age1SprSardmeanWAA,0,0
-0.0025367054482719753,0.42951845994470705,-0.4345918708412509,2,meanSSBwt,0,0
0.3358265244560834,0.30777370112352764,0.363879347788639,2,ZM_NorCal,0,1
0.19860722456047772,0.08204925414684988,0.3151651949741055,2,ZM_SoCal,0,1
-0.27755362135038214,-0.5149113984963767,-0.0401958442043876,2,sardRec,0,1
0.09908185241458438,-0.014706589438989448,0.21287029426815818,2,anchBioSmrySeas1,0,0
-0.1856345340191677,-0.3487040233978663,-0.022565044640469156,2,summerSST,0,1
-0.2720050223737688,-0.2592371153343568,-0.2847729294131808,2,avgOffTransspring,0,1
-0.04127725418038766,0.3285434677104351,-0.41109797607121046,2,avgOffTranssummer,0,0
0.2916718876798323,0.376740280176347,0.20660349518331766,2,sprRelOffTrans,0,1
0.2832518068259483,0.667577549885595,-0.10107393623369842,2,sumRelOffTrans,0,0
0.01734814691866063,-0.17857555960164798,0.21327185343896915,2,meanK,0,0
0.27208893492010783,0.22430080436322988,0.31987706547698586,2,OC_LUSI_39N,0,1
0.11576498533010789,0.39186797840212456,-0.16033800774190893,2,sardSpawnHab,0,0
-0.22769904379033,-0.20892267375738569,-0.24647541382327434,2,sardNurseHab,0,1
-0.31038145707042836,-0.35665201860569956,-0.2641108955351571,2,springSST,0,1
0.25581223240633394,0.13829407105865615,0.3733303937540118,2,randTest,0,1
0.13939634844437915,0.07622056223127044,0.20257213465748786,3,NCOPspring,0,1
0.06497078839003748,0.06628575477426626,0.06365582200580867,3,NCOPsummerlag1,0,1
0.0355151051842873,0.5512109308166243,-0.4801807204480498,3,BEUTI_33N,0,0
0.35901403339450144,0.8862458804412066,-0.16821781365220356,3,BEUTI_39N,0,0
-0.07211257743352883,0.298370193720897,-0.44259534858795474,3,CUTI_33N,0,0
0.3086358507902214,0.7170961024501769,-0.09982440086973408,3,CUTI_39N,0,0
-0.032450891292927164,0.22810109989892013,-0.29300288248477446,3,OC_LUSI_33N,0,0
0.04022310732892702,0.28170220156622333,-0.2012559869083693,3,OC_STI_33N,0,0
-0.3979731727927024,0.3544819087631522,-1.1504282543485571,3,RREAS_Myctophids,0,0
0.023826352142514585,0.3884098636029214,-0.34075715931789224,3,RREAS_YOYsardine,0,0
-0.5794909511608143,0.4839209659513835,-1.6429028682730118,3,age1SprSardmeanWAA,0,0
-0.4910947701411145,0.2958097506934638,-1.2779992909756928,3,meanSSBwt,0,0
0.2904296280647587,0.6258026262513114,-0.04494337012179417,3,ZM_NorCal,0,0
0.1783657463094412,0.5772774017212122,-0.22054590910232982,3,ZM_SoCal,0,0
-0.15543639659031344,0.1796376254076918,-0.4905104185883188,3,sardRec,0,0
0.24452666468566225,0.8875616621000582,-0.39850833272873365,3,anchBioSmrySeas1,0,0
-0.13939445789442972,0.2337363169128441,-0.5125252327017036,3,summerSST,0,0
0.0187485947086361,0.39308086421140986,-0.35558367479413766,3,avgOffTransspring,0,0
0.39476160693209117,1.0717269065328476,-0.28220369266866524,3,avgOffTranssummer,0,0
-0.07140584678030132,0.42448368427177524,-0.5672953778323778,3,sprRelOffTrans,0,0
-0.29806625100019324,0.38882446663550485,-0.9849569686358914,3,sumRelOffTrans,0,0
-0.08216917489173586,0.42786011408026353,-0.5921984638637353,3,meanK,0,0
0.03462276314662126,0.26401312407534017,-0.19476759778209762,3,OC_LUSI_39N,0,0
-0.2787267080928681,0.2548083865466621,-0.8122618027323982,3,sardSpawnHab,0,0
-0.2735944889060884,0.09800284539604094,-0.6451918232082179,3,sardNurseHab,0,0
-0.27116873336710556,0.09954377852772359,-0.6418812452619349,3,springSST,0,0
0.03929525030524059,0.3049038205366359,-0.22631331992615478,3,randTest,0,0
-0.5865963637514932,-0.34208720518568997,-0.8311055223172964,1,NCOPspring,0,1
-0.49972314209270735,-0.23305369616661575,-0.7663925880187991,1,NCOPsummerlag1,0,1
-0.13987909991175765,0.3031560422447195,-0.5829142420682348,1,BEUTI_33N,0,0
-0.5012563614171128,-0.12639944413600188,-0.8761132786982238,1,BEUTI_39N,0,1
-0.29959118866124573,0.06886279689300687,-0.6680451742154985,1,CUTI_33N,0,0
-0.5168882855495052,-0.17408058597541537,-0.8596959851235949,1,CUTI_39N,0,1
-0.29443989256868575,0.3868140193208185,-0.97569380445819,1,OC_LUSI_33N,0,0
0.24643535297599026,0.7792821934267951,-0.2864114874748146,1,OC_STI_33N,0,0
0.15550805012000846,0.5051728418769904,-0.19415674163697344,1,RREAS_Myctophids,0,0
0.38618738785283013,0.953566090128081,-0.18119131442242067,1,RREAS_YOYsardine,0,0
-0.09131864854546273,0.5146270376522255,-0.697264334743151,1,age1SprSardmeanWAA,0,0
0.10212415877305248,0.8638024798398127,-0.6595541622937079,1,meanSSBwt,0,0
-0.6992192548916797,-0.19153605616367753,-1.2069024536196817,1,ZM_NorCal,0,1
-0.5694516333132689,-0.17942756108914648,-0.9594757055373914,1,ZM_SoCal,0,1
0.29708030561783966,0.6184484423908294,-0.024287831155150055,1,sardRec,0,0
-0.03153991031913711,0.32994966594384256,-0.39302948658211667,1,anchBioSmrySeas1,0,0
0.5271058543904482,1.036983850854957,0.017227857925939484,1,summerSST,0,1
0.20174296071524112,0.6561239811772688,-0.25263805974678655,1,avgOffTransspring,0,0
-0.15924703599914708,0.27864502219837467,-0.5971390941966689,1,avgOffTranssummer,0,0
-0.16793757234481582,0.25765186446864513,-0.5935270091582768,1,sprRelOffTrans,0,0
-0.2689278084061406,0.4073938003831339,-0.9452494171954149,1,sumRelOffTrans,0,0
0.24689559087281582,0.7406332219881462,-0.2468420402425145,1,meanK,0,0
-0.3950172725118701,0.03444618113792275,-0.8244807261616629,1,OC_LUSI_39N,0,0
0.0698126806533095,0.83708836509805,-0.697463003791431,1,sardSpawnHab,0,0
0.586373004240231,0.9915668895026513,0.18117911897781058,1,sardNurseHab,0,1
0.7176718211813359,1.227776344607367,0.20756729775530455,1,springSST,0,1
-0.19571980684696366,0.10555749285827869,-0.49699710655220597,1,randTest,0,0
0.26115123126264167,0.15229636655450793,0.3700060959707754,2,NCOPspring,0,1
0.12463481319562345,0.17274427326634142,0.07652535312490549,2,NCOPsummerlag1,0,1
0.26211285356494735,0.5159196798614567,0.008306027268438071,2,BEUTI_33N,0,1
0.25468718290653675,0.44582881768613064,0.06354554812694285,2,BEUTI_39N,0,1
0.18741735993492703,0.427294139528224,-0.05245941965836992,2,CUTI_33N,0,0
0.15690439507704323,0.3904030128045613,-0.07659422265047489,2,CUTI_39N,0,0
0.18813270810027596,0.9275284339473777,-0.551263017746826,2,OC_LUSI_33N,0,0
-0.15086996146415632,0.39668955966650626,-0.6984294825948189,2,OC_STI_33N,0,0
-0.1136117419287295,0.22168170848255303,-0.448905192340012,2,RREAS_Myctophids,0,0
-0.10365679591295973,0.5675160263220435,-0.7748296181479628,2,RREAS_YOYsardine,0,0
-0.03491174704697769,0.4283300475922619,-0.49815354168621717,2,age1SprSardmeanWAA,0,0
-0.011484500329790481,0.8088874308931479,-0.8318564315527288,2,meanSSBwt,0,0
0.2496714356404625,0.7131335304691186,-0.2137906591881935,2,ZM_NorCal,0,0
0.08081855095651265,0.4739242734032039,-0.3122871714901786,2,ZM_SoCal,0,0
-0.2261073028131983,-0.051200815730190544,-0.401013789896206,2,sardRec,0,1
0.19932142620672583,0.4493630196018048,-0.05072016718835316,2,anchBioSmrySeas1,0,0
-0.10147372529351525,0.5134955681389193,-0.7164430187259496,2,summerSST,0,0
-0.22044700129858158,0.10655107566330188,-0.547445078260465,2,avgOffTransspring,0,0
0.022560228816873085,0.4320691242262904,-0.3869486665925442,2,avgOffTranssummer,0,0
0.24006523841416536,0.49316348305005836,-0.01303300622172765,2,sprRelOffTrans,0,0
0.16314933091335154,0.9134640308902198,-0.5871653690635167,2,sumRelOffTrans,0,0
0.056276213382777995,0.5746032333895775,-0.46205080662402154,2,meanK,0,0
0.19965540135058746,0.5622531406664301,-0.16294233796525506,2,OC_LUSI_39N,0,0
0.05731794277300692,0.8458936845884178,-0.7312577990424038,2,sardSpawnHab,0,0
-0.17242702037778213,0.06988023978351571,-0.41473428053907996,2,sardNurseHab,0,0
-0.20928488000596843,0.30563792435915077,-0.7242076843710876,2,springSST,0,0
0.16916461753269962,0.3210018059118736,0.017327429153525725,2,randTest,0,1
0.2251108534017187,0.13127858857608457,0.3189431182273529,3,NCOPspring,0,1
0.2459292411154424,0.05124924122738075,0.44060924100350407,3,NCOPsummerlag1,0,1
-0.059090556241344856,0.14198836107132018,-0.2601694735540099,3,BEUTI_33N,0,0
0.08401697330815554,0.12994085402534628,0.03809309259096472,3,BEUTI_39N,0,1
-0.04124310440402924,0.023401475106773595,-0.10588768391483205,3,CUTI_33N,0,0
0.05546797234734731,-0.01850963651542715,0.12944558121012179,3,CUTI_39N,0,0
-0.3812219273222398,-0.3569380059384528,-0.40550584870602674,3,OC_LUSI_33N,0,1
0.27188681561572176,0.2869233951178489,0.2568502361135946,3,OC_STI_33N,0,1
-0.27402015690186277,-0.4146169976701465,-0.13342331613357905,3,RREAS_Myctophids,0,1
0.29391988863191143,0.1494495470006706,0.43839023026315216,3,RREAS_YOYsardine,0,1
0.34971704844899476,0.3265504236776418,0.37288367322034766,3,age1SprSardmeanWAA,0,1
0.5088007813914341,0.32575354775549636,0.6918480150273719,3,meanSSBwt,0,1
-0.03810918569854321,-0.10833410271244212,0.03211573131535567,3,ZM_NorCal,0,0
-0.015089043134115687,-0.21148671512388068,0.18130862885564936,3,ZM_SoCal,0,0
-0.1096750356807819,-0.07864706398358054,-0.14070300737798325,3,sardRec,0,1
0.007282866208704518,0.07965923883635587,-0.06509350641894682,3,anchBioSmrySeas1,0,0
0.19761027369846912,-0.011835353875159105,0.4070559012720972,3,summerSST,0,0
0.13909511918836928,0.2977969330398749,-0.01960669466313636,3,avgOffTransspring,0,0
0.33695723914447606,0.3068945195581377,0.3670199587308145,3,avgOffTranssummer,0,1
-0.08184547341775467,0.10806696819317604,-0.27175791502868546,3,sprRelOffTrans,0,0
-0.397024371297213,-0.39907583969289123,-0.39497290290153475,3,sumRelOffTrans,0,1
0.22871049785431877,-0.036793377576301134,0.4942143732849387,3,meanK,0,0
-0.09054194917355338,-0.0618436879537847,-0.119240210393322,3,OC_LUSI_39N,0,1
-0.5607655368948188,-0.5726842687938826,-0.5488468049957549,3,sardSpawnHab,0,1
-0.07754718830759728,-0.16510363214233448,0.010009255527139917,3,sardNurseHab,0,0
0.06223492851597995,-0.07850514144344956,0.20297499847540956,3,springSST,0,0
0.018624133118223085,0.08321121973321485,-0.04596295349676863,3,randTest,0,0
-0.5554506816506871,-0.32349978232853677,-0.7874015809728374,1,NCOPspring,0,1
-0.4730989554285291,-0.26221366399819135,-0.6839842468588668,1,NCOPsummerlag1,0,1
-0.14089280340593924,-0.2086098260177172,-0.07317578079416137,1,BEUTI_33N,0,1
-0.5014332694015737,-0.4721546887714981,-0.5307118500316497,1,BEUTI_39N,0,1
-0.3021845562806558,-0.32077989376388083,-0.2835892187974309,1,CUTI_33N,0,1
-0.519007398288978,-0.46429636174181294,-0.5737184348361429,1,CUTI_39N,0,1
-0.3053993794951324,-0.4214090593781873,-0.18938969961207755,1,OC_LUSI_33N,0,1
0.24687560450062163,0.18261965109605777,0.3111315579051855,1,OC_STI_33N,0,1
0.12585111472777014,0.13599706234964892,0.11570516710589138,1,RREAS_Myctophids,0,1
0.4082745228696843,0.34296828329875084,0.47358076244061775,1,RREAS_YOYsardine,0,1
-0.05693979827981417,-0.04130145934283036,-0.0725781372167979,1,age1SprSardmeanWAA,0,1
0.19137950063806353,0.1722202039523213,0.21053879732380587,1,meanSSBwt,0,1
-0.6981665288201784,-0.6892504029308676,-0.7070826547094895,1,ZM_NorCal,0,1
-0.5786360826429402,-0.5113366604783526,-0.6459355048075278,1,ZM_SoCal,0,1
0.2822156716914564,0.3405592764061325,0.22387206697678036,1,sardRec,0,1
-0.029220623577327364,-0.05938821909528605,9.46971940631286e-4,1,anchBioSmrySeas1,0,0
0.5519389456257275,0.5359353751462325,0.5679425161052227,1,summerSST,0,1
0.21188450992520555,0.12568803023802805,0.298080989612383,1,avgOffTransspring,0,1
-0.13445930512604237,-0.18147344447007785,-0.08744516578200684,1,avgOffTranssummer,0,1
-0.15770502170018874,-0.19361721584443645,-0.12179282755594098,1,sprRelOffTrans,0,1
-0.2913484173389649,-0.44559119012312853,-0.13710564455480134,1,sumRelOffTrans,0,1
0.2900629287914758,0.37772831426360187,0.2023975433193497,1,meanK,0,1
-0.38905434931527483,-0.3974141802365235,-0.3806945183940262,1,OC_LUSI_39N,0,1
0.04264866944968218,-0.10423455902174039,0.18953189792110475,1,sardSpawnHab,0,0
0.5857924631488904,0.6918704368596954,0.4797144894380854,1,sardNurseHab,0,1
0.7287654418187377,0.7637635824173143,0.6937673012201614,1,springSST,0,1
-0.03044397638711327,-0.12945424500185965,0.06856629222763316,1,randTest,0,0
-0.23344220732579316,-0.13595897124792705,-0.33092544340365926,2,NCOPspring,0,1
-0.10053784365916778,0.15619017285711417,-0.35726586017544976,2,NCOPsummerlag1,0,0
-0.2638963389661522,0.16628094308513064,-0.6940736210174351,2,BEUTI_33N,0,0
-0.2416157157983837,0.13145456300786906,-0.6146859946046365,2,BEUTI_39N,0,0
-0.1896996982647162,0.20961045799744993,-0.5890098545268823,2,CUTI_33N,0,0
-0.14688773445549913,0.2758538996906627,-0.569629368601661,2,CUTI_39N,0,0
-0.18236784882471274,0.6178210767934058,-0.9825567744428314,2,OC_LUSI_33N,0,0
0.1391387319570307,0.7399594098819874,-0.4616819459679259,2,OC_STI_33N,0,0
0.07824677978147966,0.7065791677094956,-0.5500856081465363,2,RREAS_Myctophids,0,0
0.10944144667570127,1.0040246749207908,-0.7851417815693883,2,RREAS_YOYsardine,0,0
0.05419797932038381,0.7345285368447231,-0.6261325782039555,2,age1SprSardmeanWAA,0,0
0.04828739592786982,1.013582619441472,-0.9170078275857325,2,meanSSBwt,0,0
-0.23092366964639408,0.3851381752697358,-0.8469855145625239,2,ZM_NorCal,0,0
-0.07746739391710801,0.464787217028182,-0.6197220048623979,2,ZM_SoCal,0,0
0.20651658522586722,0.5818034747321016,-0.16877030428036713,2,sardRec,0,0
-0.19146864669114322,0.18210311439492888,-0.5650404077772153,2,anchBioSmrySeas1,0,0
0.10755624082676776,0.915079869963248,-0.6999673883097124,2,summerSST,0,0
0.2254034008510924,0.7225960459797656,-0.27178924427758083,2,avgOffTransspring,0,0
0.0063737136868310534,0.6472843162780195,-0.6345368889043576,2,avgOffTranssummer,0,0
-0.22491842976497234,0.1412314054082162,-0.5910682649381609,2,sprRelOffTrans,0,0
-0.18136673186046726,0.8244778561039345,-1.187211319824869,2,sumRelOffTrans,0,0
-0.04637154348860886,0.6151351774625979,-0.7078782644398156,2,meanK,0,0
-0.18259946946450425,0.24508355839021417,-0.6102824973192227,2,OC_LUSI_39N,0,0
-0.0876171781135798,1.110836953657383,-1.2860713098845424,2,sardSpawnHab,0,0
0.15599166037461726,0.5652292414690359,-0.2532459207198013,2,sardNurseHab,0,0
0.19318877993147543,0.819335183694722,-0.43295762383177105,2,springSST,0,0
0.043945110977458235,0.9216215395950842,-0.8337313176401677,2,randTest,0,0
-0.25609253188664804,-0.14915073661462314,-0.363034327158673,3,NCOPspring,0,1
-0.2800163959512063,-0.288632748680372,-0.2714000432220407,3,NCOPsummerlag1,0,1
0.05854937375131578,0.3789370815944017,-0.2618383340917702,3,BEUTI_33N,0,0
-0.11556124239611079,0.07918051560890546,-0.310303000401127,3,BEUTI_39N,0,0
0.03199017874670451,0.23841122015702976,-0.17443086266362068,3,CUTI_33N,0,0
-0.06990568307279897,0.01729605219870789,-0.15710741834430592,3,CUTI_39N,0,0
0.3019736108521281,0.5141349336299273,0.08981228807432873,3,OC_LUSI_33N,0,1
-0.20586964486456683,-0.04071287847525373,-0.37102641125388003,3,OC_STI_33N,0,1
0.37967133530019237,0.4109688432178227,0.348373827382562,3,RREAS_Myctophids,0,1
-0.30422705467364874,-0.2321113118344141,-0.37634279751288335,3,RREAS_YOYsardine,0,1
-0.3340975040801617,-0.12840269207739663,-0.5397923160829268,3,age1SprSardmeanWAA,0,1
-0.4142497437640157,-0.30833521439602873,-0.5201642731320026,3,meanSSBwt,0,1
-0.027649103817362103,0.1037730185628219,-0.1590712261975461,3,ZM_NorCal,0,0
-0.034578033996544466,-0.037878023372931835,-0.0312780446201571,3,ZM_SoCal,0,1
0.21639229636452667,0.27355867876754947,0.15922591396150382,3,sardRec,0,1
0.03455115455084232,0.24896157852012737,-0.17985926941844277,3,anchBioSmrySeas1,0,0
-0.17652915079194234,-0.16445594546115144,-0.18860235612273313,3,summerSST,0,1
-0.14339656119285576,0.15306413356414533,-0.43985725594985686,3,avgOffTransspring,0,0
-0.4004816608464431,-0.2553837639258687,-0.5455795577670176,3,avgOffTranssummer,0,1
0.009788681992933328,0.25688670358730104,-0.2373093396014344,3,sprRelOffTrans,0,0
0.43332182608800546,0.6602334562447214,0.20641019593128965,3,sumRelOffTrans,0,1
-0.15151682209145562,-0.17314389759333043,-0.12988974658958077,3,meanK,0,1
0.013606966056068995,0.17974225645356373,-0.15252832434142574,3,OC_LUSI_39N,0,0
0.6860856082004381,0.9489411435675109,0.4232300728333653,3,sardSpawnHab,0,1
0.15941011622676268,0.27638235453533155,0.04243787791819381,3,sardNurseHab,0,1
0.04055970542171397,0.11496626496752571,-0.03384685412409777,3,springSST,0,0
-0.5009386240789377,-0.3379542835948497,-0.6639229645630258,3,randTest,0,1
0.5377861188158108,0.7689285207162094,0.3066437169154121,1,NCOPspring,0,1
0.44936647366012844,0.6305197446379959,0.2682132026822609,1,NCOPsummerlag1,0,1
0.1296050445085263,0.05764485626863494,0.20156523274841762,1,BEUTI_33N,0,1
0.49481427607960266,0.5642112932867218,0.4254172588724834,1,BEUTI_39N,0,1
0.3079290758633585,0.24235797467682207,0.373500177049895,1,CUTI_33N,0,1
0.5103511680298191,0.579732634450646,0.4409697016089922,1,CUTI_39N,0,1
0.30237637731423994,0.1272271085177219,0.4775256461107579,1,OC_LUSI_33N,0,1
-0.24217539975940267,-0.3379606553810764,-0.14639014413772883,1,OC_STI_33N,0,1
-0.12734740597146627,-0.18424155015910187,-0.07045326178383063,1,RREAS_Myctophids,0,1
-0.40045319411840696,-0.47749549963560384,-0.3234108886012101,1,RREAS_YOYsardine,0,1
0.05709121493309155,-0.011000523624133673,0.12518295349031677,1,age1SprSardmeanWAA,0,0
-0.19972900673407792,-0.3144851340047219,-0.08497287946343392,1,meanSSBwt,0,1
0.7007719999677516,0.7069395311953622,0.6946044687401413,1,ZM_NorCal,0,1
0.5873988528045836,0.5791634150200202,0.595634290589147,1,ZM_SoCal,0,1
-0.2858573112307922,-0.2813995696970154,-0.2903150527645689,1,sardRec,0,1
0.022092955791403163,-0.02257660903614872,0.06676252061895505,1,anchBioSmrySeas1,0,0
-0.5412568976697171,-0.5779946029297119,-0.5045191924097222,1,summerSST,0,1
-0.20603453613196315,-0.29218842134895845,-0.11988065091496777,1,avgOffTransspring,0,1
0.14701110769658396,0.06323063149160879,0.23079158390155907,1,avgOffTranssummer,0,1
0.15764295585176422,0.10374176253813211,0.21154414916539635,1,sprRelOffTrans,0,1
0.2737522545172233,0.09276609925516041,0.45473840977928615,1,sumRelOffTrans,0,1
-0.2872095157876301,-0.34292375574612116,-0.23149527582913912,1,meanK,0,1
0.39782442835400367,0.3290827433334892,0.46656611337451803,1,OC_LUSI_39N,0,1
-0.014762980876496606,-0.2575904081146457,0.22806444636165257,1,sardSpawnHab,0,0
-0.5776001949899384,-0.49097358035530564,-0.664226809624571,1,sardNurseHab,0,1
-0.7302987947210917,-0.7169244715109216,-0.7436731179312616,1,springSST,0,1
-0.008027560021239166,-0.15431858613840574,0.13826346609592743,1,randTest,0,0
0.24427869690845846,0.3492705566106962,0.13928683720622068,2,NCOPspring,0,1
0.11280825829224786,0.33684266369614824,-0.1112261471116525,2,NCOPsummerlag1,0,0
0.25051097023034236,0.5929747827894385,-0.09195284232875378,2,BEUTI_33N,0,0
0.24172170179760746,0.505364109779281,-0.02192070618406604,2,BEUTI_39N,0,0
0.19265130180509712,0.6897645504303157,-0.3044619468201214,2,CUTI_33N,0,0
0.14530446478421605,0.4441408983986292,-0.15353196883019707,2,CUTI_39N,0,0
0.1548497336337114,1.041256359167972,-0.7315568919005492,2,OC_LUSI_33N,0,0
-0.11834549434036218,0.5157696574423442,-0.7524606461230685,2,OC_STI_33N,0,0
-0.10755573115600973,0.6053783200734869,-0.8204897823855064,2,RREAS_Myctophids,0,0
-0.07599986296790431,0.7165717474337749,-0.8685714733695834,2,RREAS_YOYsardine,0,0
-0.03475516424600381,0.7654292586641359,-0.8349395871561437,2,age1SprSardmeanWAA,0,0
-0.027401026884118357,1.0605717892813065,-1.1153738430495432,2,meanSSBwt,0,0
0.23623900981148815,0.8091699253401711,-0.3366919057171949,2,ZM_NorCal,0,0
0.08715355100759645,0.6216290023210636,-0.4473219003058706,2,ZM_SoCal,0,0
-0.22977868755188255,0.08763590086743303,-0.5471932759711982,2,sardRec,0,0
0.1757408056785162,0.5037103797017702,-0.1522287683447378,2,anchBioSmrySeas1,0,0
-0.08418833823762423,0.5865466874282927,-0.7549233639035413,2,summerSST,0,0
-0.20342473974769135,0.24295169059980987,-0.6498011700951926,2,avgOffTransspring,0,0
0.03677218267009471,0.6869324314464887,-0.6133880661062994,2,avgOffTranssummer,0,0
0.21936068404753117,0.536752554782719,-0.09803118668765665,2,sprRelOffTrans,0,0
0.1309647939625062,1.061323712108698,-0.7993941241836855,2,sumRelOffTrans,0,0
0.04122566046590447,0.9207453638518398,-0.8382940429200306,2,meanK,0,0
0.18784410462312556,0.759000809474712,-0.38331260022846086,2,OC_LUSI_39N,0,0
0.04007695009035937,1.3029980024328447,-1.2228441022521261,2,sardSpawnHab,0,0
-0.16474888253632897,0.18983470674646857,-0.5193324718191267,2,sardNurseHab,0,0
-0.196603673843176,0.39127776307066947,-0.7844851107570215,2,springSST,0,0
-0.006704745397374409,0.8826642370212233,-0.8960737278159722,2,randTest,0,0
0.18789801108294987,0.26865724988527334,0.10713877228062639,3,NCOPspring,0,1
0.18068545107324338,0.20721640184701687,0.15415450029946987,3,NCOPsummerlag1,0,1
-0.035018614600405,0.44110284849734493,-0.511140077698155,3,BEUTI_33N,0,0
0.15348898557649748,0.386087793685736,-0.07910982253274099,3,BEUTI_39N,0,0
-0.07601670852170397,0.17459101493574486,-0.3266244319791528,3,CUTI_33N,0,0
0.1300747188915329,0.3010359126134094,-0.040886474830343605,3,CUTI_39N,0,0
-0.2575602785750346,-0.07919436860074926,-0.43592618854931997,3,OC_LUSI_33N,0,1
0.16584256180716317,0.3117928292135663,0.01989229440076004,3,OC_STI_33N,0,1
-0.3188906968381766,-0.29894452230151214,-0.3388368713748411,3,RREAS_Myctophids,0,1
0.1694131224626172,0.1758541958058904,0.16297204911934393,3,RREAS_YOYsardine,0,1
0.3124808734660164,0.5750376462505726,0.049924100681460165,3,age1SprSardmeanWAA,0,1
0.35480812384827004,0.44223982014460766,0.26737642755193247,3,meanSSBwt,0,1
0.0513428151330243,0.18355408893136357,-0.08086845866531495,3,ZM_NorCal,0,0
0.05898417856964108,0.20513261475731293,-0.08716425761803082,3,ZM_SoCal,0,0
-0.13648617548863437,0.11211036471704885,-0.38508271569431757,3,sardRec,0,0
0.023154175040398486,0.3481679185411175,-0.3018595684603206,3,anchBioSmrySeas1,0,0
0.044902669295607184,0.08482516505781035,0.004980173533404006,3,summerSST,0,1
0.08805331028172991,0.4254131896259914,-0.24930656906253157,3,avgOffTransspring,0,0
0.30606077924029185,0.4339448948165934,0.17817666366399035,3,avgOffTranssummer,0,1
-0.029060190239407653,0.3665239536335454,-0.42464433411236074,3,sprRelOffTrans,0,0
-0.2872590086505116,-0.13483896403762619,-0.43967905326339707,3,sumRelOffTrans,0,1
0.21162417568795733,0.2555841944570707,0.16766415691884407,3,meanK,0,1
-0.07749602456011595,0.10433240189226983,-0.2593244510125017,3,OC_LUSI_39N,0,0
-0.5256371469750807,-0.314994325605069,-0.7362799683450925,3,sardSpawnHab,0,1
-0.13965445879021543,0.060566236931299366,-0.3398751545117302,3,sardNurseHab,0,0
-0.06552338791464687,0.039030333789477845,-0.1700771096187716,3,springSST,0,0
-0.3659243656795794,-0.2781330948325363,-0.45371563652662267,3,randTest,0,1
-0.5768172126379477,-0.3316132762437524,-0.8220211490321431,1,NCOPspring,0,1
-0.4888948681632057,-0.227099924357511,-0.7506898119689005,1,NCOPsummerlag1,0,1
-0.142192858122559,0.2895636935087789,-0.573949409753897,1,BEUTI_33N,0,0
-0.49822961113260356,-0.13958738758175834,-0.8568718346834487,1,BEUTI_39N,0,1
-0.3013753455371025,0.04869704033475187,-0.6514477314089568,1,CUTI_33N,0,0
-0.512146099519154,-0.19048614958606494,-0.8338060494522432,1,CUTI_39N,0,1
-0.3004130369584595,0.31447360113305156,-0.9152996750499706,1,OC_LUSI_33N,0,0
0.24495876046754309,0.7207830499349521,-0.23086552899986595,1,OC_STI_33N,0,0
0.14198859376052558,0.4778287456591063,-0.19385155813805507,1,RREAS_Myctophids,0,0
0.3954522562249496,0.9291439970346633,-0.138239484584764,1,RREAS_YOYsardine,0,0
-0.09745363475252425,0.4949946014164412,-0.6899018709214897,1,age1SprSardmeanWAA,0,0
0.12499406737930396,0.8565379013615775,-0.6065497666029696,1,meanSSBwt,0,0
-0.6966005251328385,-0.22405938457637162,-1.1691416656893057,1,ZM_NorCal,0,1
-0.5758554601923841,-0.20610998427823446,-0.9456009361065336,1,ZM_SoCal,0,1
0.296007810288784,0.6088132975516479,-0.01679767697407994,1,sardRec,0,0
-0.02714356660462224,0.3158834225544601,-0.3701705557637046,1,anchBioSmrySeas1,0,0
0.5415842677355585,1.0216067862662568,0.061561749204860114,1,summerSST,0,1
0.20839696698303095,0.6577328093567402,-0.24093887539067826,1,avgOffTransspring,0,0
-0.14782977334762576,0.277617875964797,-0.5732774226600484,1,avgOffTranssummer,0,0
-0.16507003665520792,0.2450072607558132,-0.575147334066229,1,sprRelOffTrans,0,0
-0.275914116026559,0.34846755827828624,-0.9002957903314042,1,sumRelOffTrans,0,0
0.2639763051864753,0.7242233594476024,-0.19627074907465178,1,meanK,0,0
-0.3949020014024634,0.017244561279395956,-0.8070485640843228,1,OC_LUSI_39N,0,0
0.0752239320590388,0.8122801530325531,-0.6618322889144754,1,sardSpawnHab,0,0
0.5921907772808899,0.9844754666320374,0.1999060879297422,1,sardNurseHab,0,1
0.7275306812184811,1.213362373342217,0.24169898909474533,1,springSST,0,1
-0.02011772898576645,0.24505939509414404,-0.2852948530656769,1,randTest,0,0
0.2291168744556686,0.13171971244322453,0.3265140364681127,2,NCOPspring,0,1
0.09820872285012332,0.15811640507879104,0.03830104062145559,2,NCOPsummerlag1,0,1
0.2555023256318509,0.5319228886267062,-0.02091823736300452,2,BEUTI_33N,0,0
0.22489877844211772,0.42681919250596756,0.022978364378267974,2,BEUTI_39N,0,1
0.17496227067179804,0.4133825567794121,-0.063458015435816,2,CUTI_33N,0,0
0.12557095926473205,0.3539226210758793,-0.10278070254641514,2,CUTI_39N,0,0
0.1689526223148021,0.8806725578826858,-0.5427673132530815,2,OC_LUSI_33N,0,0
-0.1300647471430739,0.3886722610356017,-0.6488017553217494,2,OC_STI_33N,0,0
-0.09619792514900377,0.2523461347120793,-0.44474198501008677,2,RREAS_Myctophids,0,0
-0.08424407197406064,0.596928642462725,-0.7654167864108462,2,RREAS_YOYsardine,0,0
-0.03469082262823937,0.4638904410919683,-0.5332720863484471,2,age1SprSardmeanWAA,0,0
-0.021663187873813244,0.8223705049912831,-0.8656968807389096,2,meanSSBwt,0,0
0.21100125560493652,0.6703689748115216,-0.24836646360164855,2,ZM_NorCal,0,0
0.060791417483691754,0.453266644028725,-0.33168380906134143,2,ZM_SoCal,0,0
-0.2143397405710325,-0.012798216890714656,-0.4158812642513503,2,sardRec,0,1
0.1838950423468194,0.43200017565134147,-0.06421009095770266,2,anchBioSmrySeas1,0,0
-0.08278159442574476,0.5344758368174454,-0.70003902566893494,2,summerSST,0,0
-0.2121658779555628,0.147053786751701,-0.5713855426628265,2,avgOffTransspring,0,0
0.008534094912831969,0.4397873201955842,-0.42271913036992026,2,avgOffTranssummer,0,0
0.22725890563742687,0.4960785357443487,-0.041560724469494825,2,sprRelOffTrans,0,0
0.14972235074839946,0.890393755590968,-0.590949054094169,2,sumRelOffTrans,0,0
0.06125616226603742,0.565958847553526,-0.44344652302145104,2,meanK,0,0
0.17875966770861196,0.5573582821382486,-0.19983894672102467,2,OC_LUSI_39N,0,0
0.051307397462649895,0.8745117661284061,-0.7718969712031063,2,sardSpawnHab,0,0
-0.1480359589458522,0.10152982414434386,-0.39760174203604826,2,sardNurseHab,0,0
-0.1786332709889961,0.3454468255091055,-0.7027133674870976,2,springSST,0,0
0.0355021685870663,0.22461231377943375,-0.15360797660530115,2,randTest,0,0
0.21449457577138414,0.12331332604096258,0.3056758255018057,3,NCOPspring,0,1
0.2390801949214524,0.043922573297290594,0.4342378165456142,3,NCOPsummerlag1,0,1
-0.059939900027899444,0.134004206834459,-0.25388400689025786,3,BEUTI_33N,0,0
0.08214295740786554,0.12087773858465152,0.04340817623107951,3,BEUTI_39N,0,1
-0.03194915656122223,0.034017331904959286,-0.09791564502740377,3,CUTI_33N,0,0
0.06635604704177166,-0.009733398490586034,0.14244549257412942,3,CUTI_39N,0,0
-0.3499609790908583,-0.33006622866452584,-0.3698557295171907,3,OC_LUSI_33N,0,1
0.24469614768524436,0.25192038565869235,0.2374719097117964,3,OC_STI_33N,0,1
-0.26808103428486907,-0.4045199456729515,-0.1316421228967866,3,RREAS_Myctophids,0,1
0.28695144951863816,0.13684320654506654,0.43705969249220966,3,RREAS_YOYsardine,0,1
0.359921625288125,0.3297907930540416,0.3900524575222085,3,age1SprSardmeanWAA,0,1
0.498938236502388,0.3265989328738985,0.6712775401308777,3,meanSSBwt,0,1
-0.02932430947531714,-0.10357793117115605,0.04492931222052177,3,ZM_NorCal,0,0
-0.005250636096670702,-0.19520509491738997,0.18470382272404845,3,ZM_SoCal,0,0
-0.12041167075679637,-0.11004708454232487,-0.13077625697126785,3,sardRec,0,1
-0.012972625053733533,0.06498992203149442,-0.09093517213896145,3,anchBioSmrySeas1,0,0
0.1852692220364988,-0.020683530191822008,0.39122197426481947,3,summerSST,0,0
0.15138195224077683,0.30937156733422283,-0.006607662852669283,3,avgOffTransspring,0,0
0.3358493468421535,0.30915518244405527,0.36254351124025175,3,avgOffTranssummer,0,1
-0.08494540925874827,0.09826379477810784,-0.2681546132956044,3,sprRelOffTrans,0,0
-0.37694014916304314,-0.37928196908967976,-0.37459832923640646,3,sumRelOffTrans,0,1
0.19861647757080847,-0.058420239136477314,0.4556531942780942,3,meanK,0,0
-0.0950824568796559,-0.06893694082253718,-0.12122797293677462,3,OC_LUSI_39N,0,1
-0.5682602151627236,-0.5940711159625203,-0.542449314362927,3,sardSpawnHab,0,1
-0.08421829129967659,-0.16813770471312178,-2.9887788623146616e-4,3,sardNurseHab,0,1
0.057296669096242175,-0.08201665246144041,0.19660999065392495,3,springSST,0,0
-0.10452797463789763,-0.10714962521738147,-0.10190632405841377,3,randTest,0,1
0.5981436960213277,0.8531316325469056,0.34315575949574983,1,NCOPspring,0,1
0.502607021577075,0.7754445146644057,0.22976952848974438,1,NCOPsummerlag1,0,1
0.14490808345482642,0.5951113506039997,-0.30529518369434677,1,BEUTI_33N,0,0
0.512445734688633,0.8767642406689108,0.1481272287083551,1,BEUTI_39N,0,1
0.3029932077955512,0.6637956326324939,-0.057809217041391296,1,CUTI_33N,0,0
0.5210776411586024,0.8537386625795668,0.18841661973763818,1,CUTI_39N,0,1
0.2857109261732048,0.9718905810340903,-0.4004687286876807,1,OC_LUSI_33N,0,0
-0.23851341807762438,0.29968837210724625,-0.7767152082624951,1,OC_STI_33N,0,0
-0.16565766607099391,0.19669208055300308,-0.5280074126949909,1,RREAS_Myctophids,0,0
-0.3768992642451302,0.1699553493358265,-0.9237538778260869,1,RREAS_YOYsardine,0,0
0.12861399112530125,0.7806174668328291,-0.5233894845822267,1,age1SprSardmeanWAA,0,0
-0.08571079569167123,0.7190901279278861,-0.8905117193112286,1,meanSSBwt,0,0
0.70497487424698,1.2065414940401293,0.2034082544538307,1,ZM_NorCal,0,1
0.5814520995563521,0.9903641180143306,0.1725400810983738,1,ZM_SoCal,0,1
-0.31646223512509597,0.02269862920499556,-0.6556230994551876,1,sardRec,0,0
0.025005520349523892,0.3715119992155114,-0.32150095851646365,1,anchBioSmrySeas1,0,0
-0.5313178256434816,-0.024695042446585092,-1.0379406088403782,1,summerSST,0,1
-0.20271611000957004,0.2539114020266825,-0.6593436220458226,1,avgOffTransspring,0,0
0.17336463408122946,0.6206460435103398,-0.2739167753478809,1,avgOffTranssummer,0,0
0.16803392558973024,0.6018702764079716,-0.26580242522851116,1,sprRelOffTrans,0,0
0.254697194017126,0.9168878612796956,-0.4074934732454436,1,sumRelOffTrans,0,0
-0.2522930645840269,0.26613733367444253,-0.7707234628424963,1,meanK,0,0
0.39273881321776205,0.8236831066405946,-0.0382054802050705,1,OC_LUSI_39N,0,0
-0.08951660707190331,0.623267850546582,-0.8023010646903885,1,sardSpawnHab,0,0
-0.5963060663551483,-0.17008558131416082,-1.0225265513961361,1,sardNurseHab,0,1
-0.7312004278587652,-0.21590900886381392,-1.2464918468537165,1,springSST,0,1
-0.040161384690534305,0.264729195450511,-0.3450519648315796,1,randTest,0,0
-0.20844819307010531,-0.2973094064825028,-0.11958697965770783,2,NCOPspring,0,1
-0.08358311304410716,-0.023844499757538273,-0.14332172633067605,2,NCOPsummerlag1,0,1
-0.2445648086885385,0.04115233439159641,-0.5302819517686734,2,BEUTI_33N,0,0
-0.20402897004702863,0.010958282347728332,-0.4190162224417856,2,BEUTI_39N,0,0
-0.16110640041370314,0.11746412266613553,-0.4396769234935418,2,CUTI_33N,0,0
-0.1050499033275355,0.15725117018892054,-0.36735097684399154,2,CUTI_39N,0,0
-0.14684812371897632,0.8241740259898733,-1.117870273427826,2,OC_LUSI_33N,0,0
0.11468073462843592,0.8409241747759051,-0.6115627055190334,2,OC_STI_33N,0,0
0.09732579976446881,0.541894841040832,-0.34724324151189423,2,RREAS_Myctophids,0,0
0.05544449465488843,0.8875613098985058,-0.7766723205887289,2,RREAS_YOYsardine,0,0
0.02215768477215281,0.7054138401511473,-0.6610984706068418,2,age1SprSardmeanWAA,0,0
-0.00623989759089813,1.1237175981643996,-1.136197393346196,2,meanSSBwt,0,0
-0.1823247290232147,0.4081925719241728,-0.7728420299706023,2,ZM_NorCal,0,0
-0.039794498083381785,0.4787011322085965,-0.5582901283753603,2,ZM_SoCal,0,0
0.21063637427185283,0.3913389732516086,0.02993377529209701,2,sardRec,0,1
-0.17220553561251425,0.12349008172767888,-0.4679011529527074,2,anchBioSmrySeas1,0,0
0.05256787213678088,0.8310759061078065,-0.7259401618342447,2,summerSST,0,0
0.1920942469274117,0.6190981622909696,-0.2349096684361462,2,avgOffTransspring,0,0
-0.0172203634063859,0.5264736229465086,-0.5609143497592803,2,avgOffTranssummer,0,0
-0.21459904577237643,0.1096402128496909,-0.5388383043944438,2,sprRelOffTrans,0,0
-0.12275222931098534,0.827158975110952,-1.0726634337329226,2,sumRelOffTrans,0,0
-0.07191487506885626,0.618702129964761,-0.7625318801024735,2,meanK,0,0
-0.15755549644953723,0.3188554954002207,-0.6339664882992951,2,OC_LUSI_39N,0,0
-0.04004280900643559,0.8893853382309151,-0.9694709562437863,2,sardSpawnHab,0,0
0.12517465982488551,0.487232847027741,-0.23688352737797,2,sardNurseHab,0,0
0.145612083139685,0.817641625465608,-0.5264174591862381,2,springSST,0,0
-0.003949871358193663,0.3428614998846208,-0.3507612426010081,2,randTest,0,0
-0.18837218347611923,-0.2686750182011056,-0.1080693487511328,3,NCOPspring,0,1
-0.19767527934882353,-0.3501968241241137,-0.04515373457353335,3,NCOPsummerlag1,0,1
0.07675007173484569,0.418456214947393,-0.2649560714777015,3,BEUTI_33N,0,0
-0.06261091329211388,0.03918814877941229,-0.16440997536364008,3,BEUTI_39N,0,0
0.04436567236565928,0.17070927068756314,-0.08197792595624459,3,CUTI_33N,0,0
-0.048193433702144906,-0.08498555095766719,-0.011401316446622671,3,CUTI_39N,0,1
0.39975640598522255,0.4576250520704014,0.3418877599000437,3,OC_LUSI_33N,0,1
-0.2914763998354883,-0.25262365668638714,-0.3303291429845894,3,OC_STI_33N,0,1
0.26829970769600364,0.15275589847655188,0.3838435169154554,3,RREAS_Myctophids,0,1
-0.29523321832474053,-0.4455100371912783,-0.1449563994582027,3,RREAS_YOYsardine,0,1
-0.3906214084008264,-0.3633256172947847,-0.41791719950686806,3,age1SprSardmeanWAA,0,1
-0.5419337700335448,-0.7039533868148912,-0.37991415325219857,3,meanSSBwt,0,1
0.07229853314561682,0.021247893476447843,0.12334917281478579,3,ZM_NorCal,0,1
0.04952599643337696,-0.11665705905116258,0.21570905191791656,3,ZM_SoCal,0,0
0.06122091409896173,0.23156433792002398,-0.10912250972210061,3,sardRec,0,0
-0.04473415875814897,0.0694496446236785,-0.15891796213997642,3,anchBioSmrySeas1,0,0
-0.21447448806558592,-0.43035481855829033,0.0014058424271184977,3,summerSST,0,0
-0.15344261336224826,0.07556713704334489,-0.3824523637678414,3,avgOffTransspring,0,0
-0.3304955672402553,-0.32693647118770014,-0.3340546632928104,3,avgOffTranssummer,0,1
0.10642091346549801,0.39575764714760725,-0.18291582021661118,3,sprRelOffTrans,0,0
0.3980727184644987,0.4260606162556425,0.370084820673355,3,sumRelOffTrans,0,1
-0.24438033087328775,-0.4833368188240065,-0.005423842922569033,3,meanK,0,1
0.11720185650279616,0.18128947097656767,0.053114242029024594,3,OC_LUSI_39N,0,1
0.5019497626931699,0.5356100939880111,0.4682894313983288,3,sardSpawnHab,0,1
0.014598557965003117,-0.041507353223195154,0.0707044691532015,3,sardNurseHab,0,0
-0.10141057605116335,-0.23419090039107174,0.03136974828874495,3,springSST,0,0
-0.15796907021046616,-0.20438191363508698,-0.11155622678584529,3,randTest,0,1
0.571864964592284,0.8142177909639803,0.32951213822058767,1,NCOPspring,0,1
0.48304543728925736,0.7070214149621314,0.25906945961638317,1,NCOPsummerlag1,0,1
0.14241605482122918,0.5434981375380717,-0.2586660278956134,1,BEUTI_33N,0,0
0.5012962104742616,0.8310387890171684,0.17155363193135498,1,BEUTI_39N,0,1
0.30099105094841255,0.6231582947241896,-0.021176192827364312,1,CUTI_33N,0,0
0.5151705720805955,0.7951343770345669,0.23520676712662403,1,CUTI_39N,0,1
0.33588926677740577,0.8942410382669048,-0.22246250471209336,1,OC_LUSI_33N,0,0
-0.2744895814468319,0.16374559186359247,-0.7127247547572563,1,OC_STI_33N,0,0
-0.15083952052876615,0.1116558861554155,-0.4133349272129478,1,RREAS_Myctophids,0,0
-0.3970398125731661,0.01777206976328334,-0.8118516949096155,1,RREAS_YOYsardine,0,0
0.08186460376908311,0.5888228579050554,-0.4250936503668892,1,age1SprSardmeanWAA,0,0
-0.1622135597276609,0.44580793643050437,-0.7702350558858262,1,meanSSBwt,0,0
0.7064405470401556,1.1133414503626717,0.29953964371763947,1,ZM_NorCal,0,1
0.5809878444806923,0.8729878501534796,0.2889878388079048,1,ZM_SoCal,0,1
-0.31101142648572977,-0.01564503843727949,-0.6063778145341802,1,sardRec,0,1
0.022447378022714896,0.31273956687848614,-0.26784481083305633,1,anchBioSmrySeas1,0,0
-0.5537739457163384,-0.17692284507721315,-0.9306250463554637,1,summerSST,0,1
-0.20357988365552637,0.19149202082556685,-0.5986517881366196,1,avgOffTransspring,0,0
0.14487128384787173,0.4910141265690027,-0.20127155887325932,1,avgOffTranssummer,0,0
0.16642722982188907,0.5492184320970569,-0.21636397245327885,1,sprRelOffTrans,0,0
0.29041828094736044,0.8173911316643361,-0.2365545697696153,1,sumRelOffTrans,0,0
-0.2769188916024351,0.0936241596463445,-0.6474619428512147,1,meanK,0,0
0.4052610832856123,0.7681467897641654,0.04237537680705922,1,OC_LUSI_39N,0,1
-0.057495545648294566,0.5403115156709872,-0.6553026069675764,1,sardSpawnHab,0,0
-0.6006220232620978,-0.24956197912785189,-0.9516820673963436,1,sardNurseHab,0,1
-0.7358262704982487,-0.33525231046726955,-1.136400230529228,1,springSST,0,1
-0.24036112616118185,0.013386620380308661,-0.49410887270267234,1,randTest,0,0
0.22672696387943045,0.3228124454406746,0.13064148231818626,2,NCOPspring,0,1
0.09769822992371624,0.348531577242021,-0.15313511739458852,2,NCOPsummerlag1,0,0
0.25404052816479333,0.2514072230562573,0.2566738332733293,2,BEUTI_33N,0,1
0.2255644085835497,0.3152307899564666,0.1358980272106327,2,BEUTI_39N,0,1
0.1757632019304029,0.2438602244942565,0.10766617936654929,2,CUTI_33N,0,1
0.12818216307137084,0.32148672311158,-0.06512239696883829,2,CUTI_39N,0,0
0.18436363096213537,0.48549774718128325,-0.11677048525701239,2,OC_LUSI_33N,0,0
-0.14373349945803357,0.09099016013452557,-0.3784571590505927,2,OC_STI_33N,0,0
-0.1011457102334963,0.17359492728496376,-0.37588634775195634,2,RREAS_Myctophids,0,0
-0.08199950069966219,0.3238002977624818,-0.4877992991618062,2,RREAS_YOYsardine,0,0
-0.03606042189305715,0.23057611764524286,-0.3026969614313571,2,age1SprSardmeanWAA,0,0
-0.0341860590123349,0.4864586416301949,-0.5548307596548646,2,meanSSBwt,0,0
0.21580968848196813,0.4903875158759975,-0.0587681389120613,2,ZM_NorCal,0,0
0.06538698389475936,0.4175999952925337,-0.28682602750301495,2,ZM_SoCal,0,0
-0.22435524172017415,-0.1383143830910344,-0.31039610034931386,2,sardRec,0,1
0.17707192543286115,0.279736849791279,0.07440700107444333,2,anchBioSmrySeas1,0,1
-0.0869562482420809,0.35166698442772415,-0.5255794809118861,2,summerSST,0,0
-0.20597364684059483,-0.17931662958557387,-0.23263066409561572,2,avgOffTransspring,0,1
0.012336455602012616,0.22305055373141763,-0.19837764252739237,2,avgOffTranssummer,0,0
0.22606574878467334,0.21522130767488967,0.2369101898944571,2,sprRelOffTrans,0,1
0.15329420580013073,0.46361091284549144,-0.15702250124522998,2,sumRelOffTrans,0,0
0.05222987603823549,0.53411835632158,-0.429658604245109,2,meanK,0,0
0.18205205826431337,0.3307816184922227,0.03332249803640411,2,OC_LUSI_39N,0,1
0.05242127426342788,0.41114662454592577,-0.30630407601907006,2,sardSpawnHab,0,0
-0.1537244309568805,0.07505978352712024,-0.38250864544088126,2,sardNurseHab,0,0
-0.1823667371136443,0.16848359683356617,-0.5332170710608548,2,springSST,0,0
-0.1001908294458273,0.014120272592667002,-0.21450193148432162,2,randTest,0,0
-0.2402825348712248,-0.34211278337283535,-0.13845228636961424,3,NCOPspring,0,1
-0.2662090497790434,-0.2510809312181868,-0.2813371683399,3,NCOPsummerlag1,0,1
0.0502873479140832,0.40039697917215444,-0.2998222833439881,3,BEUTI_33N,0,0
-0.10786652266304547,0.12034378512297178,-0.33607683044906267,3,BEUTI_39N,0,0
0.02285784646560944,0.2945583207221656,-0.2488426277909467,3,CUTI_33N,0,0
-0.08423985299192285,0.13444967139702257,-0.3029293773808682,3,CUTI_39N,0,0
0.37708509678542695,1.1511603036253608,-0.3969901100545069,3,OC_LUSI_33N,0,0
-0.2693327420456467,0.3061905133373306,-0.8448559974286239,3,OC_STI_33N,0,0
0.2701089190466735,0.5568970391265555,-0.0166792010332084,3,RREAS_Myctophids,0,0
-0.2680089349118271,0.3409155471054936,-0.8769334169291478,3,RREAS_YOYsardine,0,0
-0.35918349377176867,0.12284251171097663,-0.8412094992545138,3,age1SprSardmeanWAA,0,0
-0.5096354618485497,0.2975477025292209,-1.3168186262263202,3,meanSSBwt,0,0
0.007845924057870823,0.46036348384294595,-0.4446716357272043,3,ZM_NorCal,0,0
-0.011933542967971028,0.3252855533441786,-0.3491526392801206,3,ZM_SoCal,0,0
0.11181621100862463,0.337315776258182,-0.11368335424093276,3,sardRec,0,0
-0.008386399989845673,0.26412056472606105,-0.2808933647057524,3,anchBioSmrySeas1,0,0
-0.16940683437075263,0.3834859560398681,-0.7222996247813733,3,summerSST,0,0
-0.1272359613020984,0.25605471276941477,-0.5105266353736116,3,avgOffTransspring,0,0
-0.33222017598777287,0.06341883291475973,-0.7278591848903053,3,avgOffTranssummer,0,0
0.07601099460128548,0.41061145071874855,-0.2585894615161776,3,sprRelOffTrans,0,0
0.3759022682495906,1.1134246062038422,-0.361620069704661,3,sumRelOffTrans,0,0
-0.22239627263515951,0.23535355271645902,-0.680146097986778,3,meanK,0,0
0.07882525457145766,0.47022492304249985,-0.3125744138995845,3,OC_LUSI_39N,0,0
0.5543569904990844,1.323386057588774,-0.21467207659060508,3,sardSpawnHab,0,0
0.08973756319566797,0.3501944702570929,-0.17071934386575693,3,sardNurseHab,0,0
-0.030079652264779877,0.45492768451509846,-0.5150869890446582,3,springSST,0,0
-0.03043894951595518,0.18732651528031233,-0.2482044143122227,3,randTest,0,0
0.49842509651128986,0.71152519514573,0.28532499787684973,1,NCOPspring,0,1
0.42038054001037806,0.5952376764208123,0.24552340359994368,1,NCOPsummerlag1,0,1
0.12322087328439621,-0.07583108774774192,0.32227283431653436,1,BEUTI_33N,0,0
0.46541931746155046,0.45700900046465215,0.47382963445844895,1,BEUTI_39N,0,1
0.3031991254058596,0.12340030834612742,0.4829979424655918,1,CUTI_33N,0,1
0.4980475566542833,0.5000398524002347,0.49605526090833185,1,CUTI_39N,0,1
0.3239724003115777,0.02464182139309401,0.6233029792300613,1,OC_LUSI_33N,0,1
-0.25722713395419305,-0.45939221505992,-0.0550620528484662,1,OC_STI_33N,0,1
-0.09477821562543992,-0.17071320054893632,-0.018843230701943547,1,RREAS_Myctophids,0,1
-0.41768663340766576,-0.5845735254279307,-0.2507997413874007,1,RREAS_YOYsardine,0,1
0.014738898867008063,-0.06380865818388598,0.09328645591790213,1,age1SprSardmeanWAA,0,0
-0.25052398180281754,-0.3699669980963023,-0.13108096550933276,1,meanSSBwt,0,1
0.6776459258726306,0.6019122409299196,0.7533796108153417,1,ZM_NorCal,0,1
0.5664358961904595,0.5422309627906611,0.5906408295902579,1,ZM_SoCal,0,1
-0.2555205213880409,-0.3038837523500699,-0.20715729042601183,1,sardRec,0,1
0.012027310303177698,-0.10959071840494447,0.13364533901129988,1,anchBioSmrySeas1,0,0
-0.5472662335458821,-0.6234037639488674,-0.47112870314289684,1,summerSST,0,1
-0.1935202775692191,-0.35097522416993554,-0.0360653309685027,1,avgOffTransspring,0,1
0.10720470629338574,-0.054527090322019356,0.2689365029087909,1,avgOffTranssummer,0,0
0.14176561564569193,-0.01646705445519628,0.2999982857465801,1,sprRelOffTrans,0,0
0.30670769866076025,-0.02730595171267089,0.6407213490341914,1,sumRelOffTrans,0,0
-0.3167743438356458,-0.3566935780660413,-0.2768551096052503,1,meanK,0,1
0.3825555640835531,0.25474126192327384,0.5103698662438324,1,OC_LUSI_39N,0,1
0.042347661513593426,-0.3552709472215564,0.43996627024874335,1,sardSpawnHab,0,0
-0.549396733970042,-0.5031230638964459,-0.5956704040436377,1,sardNurseHab,0,1
-0.7077352934716912,-0.7539424699380681,-0.6615281170053142,1,springSST,0,1
-0.04818574169058798,-0.1419134512260558,0.04554196784487988,1,randTest,0,0
0.2686993249071287,0.3835808849278922,0.15381776488636517,2,NCOPspring,0,1
0.13218521887343984,0.38451846709483795,-0.12014802934795826,2,NCOPsummerlag1,0,0
0.2631651663433102,0.6407658590057939,-0.11443552631917334,2,BEUTI_33N,0,0
0.2672395694464626,0.5716599181754518,-0.037180779282526624,2,BEUTI_39N,0,0
0.21488191920068725,0.7930059210467703,-0.3632420826453959,2,CUTI_33N,0,0
0.17769294100988514,0.5964225945713041,-0.2410367125515337,2,CUTI_39N,0,0
0.18445070358916113,1.1824599190875946,-0.8135585119092725,2,OC_LUSI_33N,0,0
-0.14261821866216418,0.6038629613826396,-0.8890993987069679,2,OC_STI_33N,0,0
-0.10815866170062875,0.5887212894469287,-0.8050386128481861,2,RREAS_Myctophids,0,0
-0.10994115339034183,0.8502549619388818,-1.0701372687195656,2,RREAS_YOYsardine,0,0
-0.03371648515488327,0.6000019511074212,-0.6674349214171877,2,age1SprSardmeanWAA,0,0
-0.04354968624506966,0.9177326673396036,-1.0048320398297428,2,meanSSBwt,0,0
0.2737965929320434,0.9300548414887324,-0.3824616556246456,2,ZM_NorCal,0,0
0.1150258464163077,0.6629442041841627,-0.43289251135154727,2,ZM_SoCal,0,0
-0.2410458830252175,0.11464725493332845,-0.5967390209837634,2,sardRec,0,0
0.17867044634693885,0.5201716899959808,-0.1628307973021031,2,anchBioSmrySeas1,0,0
-0.12196210505224166,0.6796012596043179,-0.9235254697088012,2,summerSST,0,0
-0.21403532602558628,0.1814577604095745,-0.6095284124607471,2,avgOffTransspring,0,0
0.030634660193328382,0.7491102174674036,-0.6878408970807468,2,avgOffTranssummer,0,0
0.22936832373983976,0.5663993656946323,-0.10766271821495285,2,sprRelOffTrans,0,0
0.16643088240597298,1.300504116236361,-0.9676423514244152,2,sumRelOffTrans,0,0
0.024665013734391034,0.8306612475619632,-0.7813312200931812,2,meanK,0,0
0.20786723682292021,0.7534008681801393,-0.33766639453429903,2,OC_LUSI_39N,0,0
0.06368361691478006,1.4872205401535243,-1.3598533063239642,2,sardSpawnHab,0,0
-0.19061258793721544,0.14875700837790978,-0.5299821842523407,2,sardNurseHab,0,0
-0.2367155112562604,0.44325538760238725,-0.9166864101149078,2,springSST,0,0
-0.030329794290569305,0.5336684323508484,-0.594328020931987,2,randTest,0,0
0.3187380346975683,0.455013489340653,0.18246258005448357,3,NCOPspring,0,1
0.3016735215522916,0.35852047381667423,0.244826569287909,3,NCOPsummerlag1,0,1
-0.026502483159192368,0.42012979854540156,-0.4731347648637863,3,BEUTI_33N,0,0
0.24417237710776765,0.48890877724403026,-5.640230284947867e-4,3,BEUTI_39N,0,0
-0.06399303196439934,0.19229385682683703,-0.32027992075563577,3,CUTI_33N,0,0
0.17423876330106713,0.29800492042693544,0.050472606175198914,3,CUTI_39N,0,1
-0.27636423671302723,-0.08359103569104265,-0.46913743773501176,3,OC_LUSI_33N,0,1
0.18814179645794482,0.3475347877006345,0.02874880521525522,3,OC_STI_33N,0,1
-0.36934048179238543,-0.343149388763415,-0.3955315748213559,3,RREAS_Myctophids,0,1
0.18976270221101155,0.20194938796972672,0.1775760164522964,3,RREAS_YOYsardine,0,1
0.2519702358051755,0.4925106960477815,0.011429775562569522,3,age1SprSardmeanWAA,0,1
0.26848355473646124,0.34445915059004206,0.1925079588828805,3,meanSSBwt,0,1
0.15492954068752224,0.28960264657510504,0.02025643479993955,3,ZM_NorCal,0,1
0.1749149086448104,0.26170324587190985,0.08812657141771091,3,ZM_SoCal,0,1
-0.21817102373262345,-0.01666008694051066,-0.4196819605247362,3,sardRec,0,1
0.013569913495014928,0.3048679497946259,-0.277728122804596,3,anchBioSmrySeas1,0,0
0.012375391329503299,-0.013515925812663976,0.03826670847167052,3,summerSST,0,0
0.029017059329903644,0.35252836482131455,-0.2944942461615073,3,avgOffTransspring,0,0
0.39708654601486193,0.5378760609818651,0.25629703104785867,3,avgOffTranssummer,0,1
-0.008097222594732657,0.3660289753263487,-0.38222342051581404,3,sprRelOffTrans,0,0
-0.3571795530199694,-0.17718636845307903,-0.5371727375868597,3,sumRelOffTrans,0,1
0.12301486040184799,0.13958969583032543,0.10644002497337068,3,meanK,0,1
0.005214626377219922,0.1940287173263883,-0.18359946457194853,3,OC_LUSI_39N,0,0
-0.6581008526453019,-0.41714651046478146,-0.8990551948258223,3,sardSpawnHab,0,1
-0.3351978061490859,-0.09769590227601849,-0.5726997100221533,3,sardNurseHab,0,1
-0.1675303799220806,-0.09125894849904576,-0.24380181134511542,3,springSST,0,1
-0.28122416794306926,-0.18838279020415957,-0.37406554568197903,3,randTest,0,1
-0.5558277784924192,-0.32088952212229693,-0.7907660348625413,1,NCOPspring,0,1
-0.46293203775638414,-0.22426553786713083,-0.7015985376456373,1,NCOPsummerlag1,0,1
-0.12776908080168226,-0.16684827556020587,-0.08868988604315867,1,BEUTI_33N,0,1
-0.489812243687804,-0.44026509436224026,-0.5393593930133678,1,BEUTI_39N,0,1
-0.2991303380426109,-0.2901505157462396,-0.3081101603389821,1,CUTI_33N,0,1
-0.510198882965534,-0.41705427245808957,-0.6033434934729783,1,CUTI_39N,0,1
-0.35892410497856647,-0.4467008717366753,-0.2711473382204576,1,OC_LUSI_33N,0,1
0.30452834348938884,0.25227080545129477,0.3567858815274828,1,OC_STI_33N,0,1
0.1247952533106598,0.21146120563143672,0.038129300989882875,1,RREAS_Myctophids,0,1
0.44369693598394866,0.45263785122733424,0.43475602074056297,1,RREAS_YOYsardine,0,1
-0.05377799438247895,0.00708674018999364,-0.11464272895495137,1,age1SprSardmeanWAA,0,0
0.18665862154345658,0.22670210451156475,0.1466151385753484,1,meanSSBwt,0,1
-0.7064739758446477,-0.6668810471086608,-0.7460669045806346,1,ZM_NorCal,0,1
-0.5951163904618997,-0.48649382230987803,-0.7037389586139213,1,ZM_SoCal,0,1
0.2832173222333252,0.3274816455160239,0.23895299895062655,1,sardRec,0,1
-0.02625400136588065,-0.02004962022583809,-0.03245838250592323,1,anchBioSmrySeas1,0,1
0.5651638097484706,0.6201628436537993,0.5101647758431419,1,summerSST,0,1
0.22013105366262556,0.15773589408897426,0.2825262132362769,1,avgOffTransspring,0,1
-0.13877092634127325,-0.1146000289523986,-0.16294182373014787,1,avgOffTranssummer,0,1
-0.18157277111746956,-0.23959473684262556,-0.12355080539231347,1,sprRelOffTrans,0,1
-0.32015999028847253,-0.3918690562750973,-0.24845092430184762,1,sumRelOffTrans,0,1
0.30493219570848373,0.44066450993337397,0.1691998814835935,1,meanK,0,1
-0.39083036194474974,-0.3959061041046815,-0.385754619784818,1,OC_LUSI_39N,0,1
0.015199891682992156,-0.020308688578120515,0.050708471944104855,1,sardSpawnHab,0,0
0.5818770830205968,0.6996694992353139,0.46408466680587973,1,sardNurseHab,0,1
0.7375823552022319,0.7970688213693642,0.6780958890350994,1,springSST,0,1
-0.2269638072073498,-0.19359116968497753,-0.26033644472972206,1,randTest,0,1
0.2355475678514718,0.1359859104018476,0.335109225301096,2,NCOPspring,0,1
0.10231707599232105,0.1632751310514431,0.04135902093319904,2,NCOPsummerlag1,0,1
0.25147033687148723,0.12095802637427869,0.38198264736869586,2,BEUTI_33N,0,1
0.2333035161729511,0.1626174229755398,0.30398960937036235,2,BEUTI_39N,0,1
0.18233529400342713,0.1068431229860454,0.25782746502080883,2,CUTI_33N,0,1
0.13817425106545472,0.16920235476110185,0.10714614736980758,2,CUTI_39N,0,1
0.19959846225783184,0.26707516760135847,0.13212175691430522,2,OC_LUSI_33N,0,1
-0.16077010073254153,-0.11085481994780097,-0.210685381517282,2,OC_STI_33N,0,1
-0.09602205516197196,0.014625771436553553,-0.20666988176049747,2,RREAS_Myctophids,0,0
-0.10866943884116795,0.09008241192782458,-0.30742128961016046,2,RREAS_YOYsardine,0,0
-0.04521050391722731,-0.035326861558832745,-0.055094146275621925,2,age1SprSardmeanWAA,0,1
-0.04395440180279089,0.16514403218796236,-0.2530528357935442,2,meanSSBwt,0,0
0.23409571006101723,0.2985330914087886,0.16965832871324593,2,ZM_NorCal,0,1
0.08598993412051323,0.25821856171813407,-0.08623869347710751,2,ZM_SoCal,0,0
-0.22095094634885976,-0.25632230283610086,-0.18557958986161865,2,sardRec,0,1
0.18061333245963082,0.1393854883902208,0.22184117652904084,2,anchBioSmrySeas1,0,1
-0.10282719050735015,0.1214940057204649,-0.32714838673516505,2,summerSST,0,0
-0.21763791863182208,-0.33887155351384257,-0.0964042837498017,2,avgOffTransspring,0,1
0.01571758552532454,0.04868986622846541,-0.01725469517781633,2,avgOffTranssummer,0,0
0.23625597839632204,0.08196156534907581,0.3905503914435683,2,sprRelOffTrans,0,1
0.16934672964128508,0.25196972216115265,0.08672373712141743,2,sumRelOffTrans,0,1
0.03421673335410569,0.2827915080841871,-0.21435804137597575,2,meanK,0,0
0.18525273719250288,0.1678078498355664,0.20269762454943924,2,OC_LUSI_39N,0,1
0.06503864140741833,0.15390269839418863,-0.023825415579352027,2,sardSpawnHab,0,0
-0.16018441431868186,-0.1366645741308839,-0.18370425450647987,2,sardNurseHab,0,1
-0.19958561974504194,-0.06548293533314137,-0.3336883041569425,2,springSST,0,1
0.08889838866896696,0.10224616663884761,0.07555061069908636,2,randTest,0,1
-0.27407896959604766,-0.15823079194780984,-0.3899271472442855,3,NCOPspring,0,1
-0.2941794768127334,-0.0626723561051724,-0.5256865975202943,3,NCOPsummerlag1,0,1
0.02799339873584322,0.517485068376478,-0.46149827090479156,3,BEUTI_33N,0,0
-0.13188550036472846,0.27043113462270413,-0.5342021353521611,3,BEUTI_39N,0,0
-0.0025658975275596532,0.40462512640705195,-0.4097569214621713,3,CUTI_33N,0,0
-0.11124957767200899,0.2820781220519088,-0.5045772773959267,3,CUTI_39N,0,0
0.3556058555019643,1.333233692344609,-0.6220219813406805,3,OC_LUSI_33N,0,0
-0.26187343840822785,0.5107525942161348,-1.0344994710325905,3,OC_STI_33N,0,0
0.26849093642478855,0.7058348663795347,-0.16885299352995753,3,RREAS_Myctophids,0,0
-0.25786011968432004,0.5928031112615059,-1.1085233506301462,3,RREAS_YOYsardine,0,0
-0.36553256633598674,0.38015971588014486,-1.1112248485521183,3,age1SprSardmeanWAA,0,0
-0.5001340824747154,0.5929463279201815,-1.5932144928696121,3,meanSSBwt,0,0
-0.030435611703610976,0.6302722762302269,-0.6911434996374487,3,ZM_NorCal,0,0
-0.03447749923322527,0.5116780195189474,-0.580633017985398,3,ZM_SoCal,0,0
0.13718720326091968,0.5034543630209674,-0.2290799564991281,3,sardRec,0,0
0.001181669509546207,0.40818056170833794,-0.40581722268924547,3,anchBioSmrySeas1,0,0
-0.13473140912463083,0.6132965912976972,-0.8827594095469589,3,summerSST,0,0
-0.12150511689843387,0.4236031742728492,-0.666613408069717,3,avgOffTransspring,0,0
-0.3185681959256824,0.19459567257883356,-0.8317320644301984,3,avgOffTranssummer,0,0
0.07472186644084376,0.5676879928666813,-0.41824425998499376,3,sprRelOffTrans,0,0
0.34906029340585565,1.2762243722893607,-0.5781037854776493,3,sumRelOffTrans,0,0
-0.21948462090081608,0.5001787204984195,-0.9391479623000516,3,meanK,0,0
0.04820749801492126,0.570875174501741,-0.4744601784718984,3,OC_LUSI_39N,0,0
0.5591207056738114,1.5870441737721148,-0.4688027624244921,3,sardSpawnHab,0,0
0.12143185995300478,0.5916820066152371,-0.34881828670922743,3,sardNurseHab,0,0
0.008608074110550867,0.7102887698689581,-0.6930726216478563,3,springSST,0,0
0.0566304914949123,0.44172725135125385,-0.3284662683614292,3,randTest,0,0
0.5790282252614724,0.8253043479637088,0.3327521025592359,1,NCOPspring,0,1
0.49328473978186066,0.701698798465706,0.28487068109801517,1,NCOPsummerlag1,0,1
0.13483110709121837,0.05000086468288514,0.21966134949955157,1,BEUTI_33N,0,1
0.496917393596321,0.5271581451612237,0.46667664203141834,1,BEUTI_39N,0,1
0.2988852264835532,0.26426954945254316,0.3335009035145633,1,CUTI_33N,0,1
0.5148269918747825,0.5648286204178173,0.46482536333174784,1,CUTI_39N,0,1
0.28677656038672467,0.09116974467582506,0.4823833760976243,1,OC_LUSI_33N,0,1
-0.23668512525690272,-0.3647730483110798,-0.1085972022027257,1,OC_STI_33N,0,1
-0.15521089082676334,-0.1394880660613544,-0.17093371559217233,1,RREAS_Myctophids,0,1
-0.37573833415093144,-0.4670648864022367,-0.2844117818996261,1,RREAS_YOYsardine,0,1
0.10215084116554428,0.09735197030283377,0.1069497120282548,1,age1SprSardmeanWAA,0,1
-0.11767856811039853,-0.2009470155195146,-0.03441012070128257,1,meanSSBwt,0,1
0.6931436899152281,0.6620340098606674,0.7242533699697886,1,ZM_NorCal,0,1
0.5732282418315402,0.6052811893280376,0.5411752943350427,1,ZM_SoCal,0,1
-0.2997142010416223,-0.2900250808948541,-0.30940332118839053,1,sardRec,0,1
0.016949874481394185,-0.013067570726736921,0.046967319689525305,1,anchBioSmrySeas1,0,0
-0.5322754728250428,-0.5836289553925829,-0.48092199025750293,1,summerSST,0,1
-0.188981428731519,-0.2808646375301824,-0.09709821993285553,1,avgOffTransspring,0,1
0.1616128369444538,0.10117420941398741,0.22205146447492008,1,avgOffTranssummer,0,1
0.15501515632538687,0.07912095257655166,0.23090936007422214,1,sprRelOffTrans,0,1
0.2575786081725123,0.06497966111818636,0.45017755522683833,1,sumRelOffTrans,0,1
-0.2629569441021079,-0.22256032384418328,-0.3033535643600325,1,meanK,0,1
0.3875452207860679,0.3275884468691177,0.44750199470301816,1,OC_LUSI_39N,0,1
-0.08229663234974627,-0.2404207215806189,0.07582745688112635,1,sardSpawnHab,0,0
-0.5914424179413714,-0.5057160566687514,-0.6771687792139915,1,sardNurseHab,0,1
-0.718440277337659,-0.7359537635928223,-0.7009267910824959,1,springSST,0,1
0.0890076365926091,0.11779727409585468,0.060217999089363546,1,randTest,0,1
0.23873387482727787,0.34027374885257805,0.13719400080197766,2,NCOPspring,0,1
0.1080595267409963,0.35609961157329767,-0.1399805580913051,2,NCOPsummerlag1,0,0
0.25693160428307704,0.6818304860358692,-0.16796727746971496,2,BEUTI_33N,0,0
0.2316806084708973,0.5984136852300793,-0.13505246828828482,2,BEUTI_39N,0,0
0.18309046206910973,0.6250073209500232,-0.25882639681180375,2,CUTI_33N,0,0
0.13543520382282204,0.5761668276156217,-0.3052964199699776,2,CUTI_39N,0,0
0.17058499868239932,1.2678077089554785,-0.9266377115906799,2,OC_LUSI_33N,0,0
-0.1327672469307181,0.6981276578234664,-0.9636621516849025,2,OC_STI_33N,0,0
-0.10302847424552487,0.4595723047344084,-0.6656292532254581,2,RREAS_Myctophids,0,0
-0.07983113222383595,0.8937297778428432,-1.0533920422905154,2,RREAS_YOYsardine,0,0
-0.024302218284915217,0.7532375250797344,-0.8018419616495649,2,age1SprSardmeanWAA,0,0
-0.012327332483792197,1.2204428964507672,-1.2450975614183517,2,meanSSBwt,0,0
0.22057354719049665,0.9792624888198715,-0.538115394438878,2,ZM_NorCal,0,0
0.06989998321429619,0.7065475610767125,-0.56674759464812,2,ZM_SoCal,0,0
-0.22536783690757184,0.10019110816206284,-0.5509267819772066,2,sardRec,0,0
0.1757523887430574,0.5642345069795682,-0.21272972949345342,2,anchBioSmrySeas1,0,0
-0.08603877402086593,0.8493060930035763,-1.0213836410453083,2,summerSST,0,0
-0.20507258859106212,0.2947009435683552,-0.7048461207504795,2,avgOffTransspring,0,0
0.017731372843344334,0.6913428087519355,-0.6558800630652469,2,avgOffTranssummer,0,0
0.22579790870702357,0.6341254711794639,-0.18252965376541688,2,sprRelOffTrans,0,0
0.1479418666502257,1.2678097609676693,-0.9719260276672181,2,sumRelOffTrans,0,0
0.056752299037741635,0.8719000136014958,-0.7583954155260125,2,meanK,0,0
0.18176724116726736,0.7713006762365088,-0.4077661939019739,2,OC_LUSI_39N,0,0
0.04589046013248424,1.215838129357832,-1.1240572090928636,2,sardSpawnHab,0,0
-0.15647899501097773,0.3208128335982605,-0.633770823620216,2,sardNurseHab,0,0
-0.1852354611216453,0.6185366496395144,-0.9890075718828051,2,springSST,0,0
0.0049720514860093976,0.34637044652647936,-0.33642634355446055,2,randTest,0,0
0.2164585996128638,0.30852420593825375,0.12439299328747386,3,NCOPspring,0,1
0.22775059934503497,0.2319461099657531,0.22355508872431681,3,NCOPsummerlag1,0,1
-0.07262827844133378,0.3635760267929099,-0.5088325836755774,3,BEUTI_33N,0,0
0.08163241863165904,0.3095558969951994,-0.14629105973188136,3,BEUTI_39N,0,0
-0.05705692740848865,0.1829805472473106,-0.29709440206428794,3,CUTI_33N,0,0
0.04524017768704085,0.13051127943697113,-0.04003092406288944,3,CUTI_39N,0,0
-0.39512791635800815,-0.16096535717144325,-0.629290475544573,3,OC_LUSI_33N,0,1
0.28456292631311486,0.46847047729906577,0.10065537532716406,3,OC_STI_33N,0,1
-0.28054961191658345,-0.26468878738432067,-0.29641043644884624,3,RREAS_Myctophids,0,1
0.29465482505215346,0.3187037513560369,0.27060589874826996,3,RREAS_YOYsardine,0,1
0.3442861636665656,0.5716075719037437,0.11696475542938753,3,age1SprSardmeanWAA,0,1
0.49489114584460725,0.5837500949850338,0.4060321967041809,3,meanSSBwt,0,1
-0.05584042457140484,0.06045173939761771,-0.17213258854042746,3,ZM_NorCal,0,0
-0.01934587032699267,-0.03661466487386725,-0.0020770757801181206,3,ZM_SoCal,0,1
-0.09974174285890344,0.13355647231241924,-0.3330399580302261,3,sardRec,0,0
0.022591320004313083,0.24809871076957163,-0.20291607076094548,3,anchBioSmrySeas1,0,0
0.21041153485048292,0.17014206999331216,0.2506809997076537,3,summerSST,0,1
0.12995102234738848,0.46617887139757513,-0.2062768267027983,3,avgOffTransspring,0,0
0.3499091633839898,0.4924037280046741,0.20741459876330562,3,avgOffTranssummer,0,1
-0.07911088814980113,0.30089951139147963,-0.45912128769108196,3,sprRelOffTrans,0,0
-0.4167226049315653,-0.20699756099274175,-0.6264476488703891,3,sumRelOffTrans,0,1
0.21401530778739603,0.1699263557525874,0.2581042598222046,3,meanK,0,1
-0.10207954015782715,0.08849416122037035,-0.2926532415360247,3,OC_LUSI_39N,0,0
-0.5551532533698286,-0.3146997952831734,-0.7956067114564839,3,sardSpawnHab,0,1
-0.07694727729600226,0.04466752825939352,-0.19856208285139804,3,sardNurseHab,0,0
0.06591079559717253,0.11397761678649254,0.017843974407852445,3,springSST,0,1
-0.08353093522094908,-0.023521357890491007,-0.14354051255140715,3,randTest,0,1
0.5754628841606573,0.819514694767755,0.33141107355355953,1,NCOPspring,0,1
0.48909363274429807,0.7108511693568005,0.26733609613179554,1,NCOPsummerlag1,0,1
0.1404990058743332,0.09328422386670462,0.18771378788196172,1,BEUTI_33N,0,1
0.5061532827387268,0.5360277175008545,0.47627884797659914,1,BEUTI_39N,0,1
0.2939575548641939,0.2988252675073586,0.2890898422210291,1,CUTI_33N,0,1
0.5184995510262215,0.5847261340724823,0.45227296797996064,1,CUTI_39N,0,1
0.3025471726213008,0.18852847851402463,0.4165658667285771,1,OC_LUSI_33N,0,1
-0.24759441031019744,-0.312436919537297,-0.1827519010830978,1,OC_STI_33N,0,1
-0.13376236555847543,-0.08347172911737298,-0.18405300199957786,1,RREAS_Myctophids,0,1
-0.40583303723011216,-0.4512268213577082,-0.3604392531025161,1,RREAS_YOYsardine,0,1
0.08405210970779722,0.11640280346385318,0.051701415951741256,1,age1SprSardmeanWAA,0,1
-0.14178810359036265,-0.16577814533063018,-0.11779806185009528,1,meanSSBwt,0,1
0.7003058745063723,0.7057751235114791,0.6948366255012652,1,ZM_NorCal,0,1
0.5881449957794816,0.6506885482625654,0.5256014432963978,1,ZM_SoCal,0,1
-0.28736643120556893,-0.24738389007690448,-0.3273489723342333,1,sardRec,0,1
0.026508670866496213,0.018897849343902928,0.0341194923890895,1,anchBioSmrySeas1,0,1
-0.5513959605953175,-0.5574594688352787,-0.5453324523553563,1,summerSST,0,1
-0.20996489897776283,-0.28050182803145146,-0.13942796992407416,1,avgOffTransspring,0,1
0.14085459882799367,0.12886893307116354,0.15284026458482375,1,avgOffTranssummer,0,1
0.16066468402647607,0.11274731992421419,0.208582048128738,1,sprRelOffTrans,0,1
0.27665747125948437,0.16867196421898223,0.38464297829998645,1,sumRelOffTrans,0,1
-0.2658669377251274,-0.18130929427697634,-0.35042458117327835,1,meanK,0,1
0.38615655926061826,0.36836805830340597,0.4039450602178305,1,OC_LUSI_39N,0,1
-0.07431993148351912,-0.15711152190206418,0.008471658935025994,1,sardSpawnHab,0,0
-0.5949618262069089,-0.49897636334299766,-0.69094728907082,1,sardNurseHab,0,1
-0.7348963364892813,-0.7246144875700049,-0.745178185408558,1,springSST,0,1
0.12323992851181158,0.15107464886162342,0.09540520816199971,1,randTest,0,1
0.22246030650460627,0.3168049498951988,0.12811566311401373,2,NCOPspring,0,1
0.09151395299546483,0.3468057159935826,-0.16377781000265304,2,NCOPsummerlag1,0,0
0.2572801015491558,0.6836838359886817,-0.16912363289036997,2,BEUTI_33N,0,0
0.23074188986836447,0.6312326234493434,-0.1697488437126145,2,BEUTI_39N,0,0
0.17713304939904845,0.5451254171187194,-0.19085931832062247,2,CUTI_33N,0,0
0.1331153828620758,0.5555981378082399,-0.2893673720840882,2,CUTI_39N,0,0
0.188455579606874,1.0907693304488144,-0.7138581712350663,2,OC_LUSI_33N,0,0
-0.14422927158750554,0.5318433853190825,-0.8203019284940937,2,OC_STI_33N,0,0
-0.0821845554985234,0.4063958910617932,-0.5707650020588401,2,RREAS_Myctophids,0,0
-0.10450275095794498,0.7882259046980671,-0.997231406613957,2,RREAS_YOYsardine,0,0
-0.05594378448580531,0.6833747583116352,-0.7952623272832456,2,age1SprSardmeanWAA,0,0
-0.05331303880997401,1.079752748484574,-1.1863788261045218,2,meanSSBwt,0,0
0.2231050112075757,0.9016922527770608,-0.45548223036190927,2,ZM_NorCal,0,0
0.07495528039928227,0.6857141683105401,-0.5358036075119755,2,ZM_SoCal,0,0
-0.21001246466654147,0.12970989627445648,-0.5497348256075394,2,sardRec,0,0
0.18253574797656974,0.555461084549137,-0.19038958859599747,2,anchBioSmrySeas1,0,0
-0.10025104733920251,0.7357271718407923,-0.9362292665191972,2,summerSST,0,0
-0.21862160231426264,0.2946080097880222,-0.7318512144165475,2,avgOffTransspring,0,0
-0.003895446277723147,0.5670366299923033,-0.5748275225477497,2,avgOffTranssummer,0,0
0.22798180463853157,0.6333602104884775,-0.17739660121141432,2,sprRelOffTrans,0,0
0.16631102070070675,1.0766111925659687,-0.7439891511645553,2,sumRelOffTrans,0,0
0.04312194978016165,0.7994788258628674,-0.7132349263025441,2,meanK,0,0
0.1808725281218511,0.6761228641690294,-0.31437780792532727,2,OC_LUSI_39N,0,0
0.07624048590754609,1.1332295360087152,-0.9807485641936229,2,sardSpawnHab,0,0
-0.15345526649000935,0.33117386811164895,-0.6380844010916676,2,sardNurseHab,0,0
-0.19188741326077668,0.5707769978284456,-0.9545518243499991,2,springSST,0,0
0.023187411093886,0.4229294920587743,-0.3765546698710023,2,randTest,0,0
0.23564214296933028,0.3355771574244873,0.13570712851417327,3,NCOPspring,0,1
0.25936751466206043,0.24746549363835366,0.27126953568576717,3,NCOPsummerlag1,0,1
-0.05443112056046487,0.27243994663952453,-0.3813021877604543,3,BEUTI_33N,0,0
0.06453902847819962,0.2722262129678745,-0.1431481560114753,3,BEUTI_39N,0,0
-0.021263891152624205,0.18295405177737428,-0.22548183408262273,3,CUTI_33N,0,0
0.049401672538145286,0.1341039334226924,-0.03530058834640182,3,CUTI_39N,0,0
-0.3559616964807918,-0.11301390977384271,-0.5989094831877411,3,OC_LUSI_33N,0,1
0.24780779244530948,0.4347326017026386,0.0608829831879803,3,OC_STI_33N,0,1
-0.27417754709570363,-0.25095332705837425,-0.29740176713303307,3,RREAS_Myctophids,0,1
0.3006901895433136,0.37686010055474356,0.22452027853188367,3,RREAS_YOYsardine,0,1
0.36793735461570665,0.5938839190944195,0.14199079013699384,3,age1SprSardmeanWAA,0,1
0.5188698681791777,0.66243207539127,0.3753076609670855,3,meanSSBwt,0,1
-0.03566872421118347,0.10683757255349426,-0.17817502097586135,3,ZM_NorCal,0,0
-0.030444429564024877,-0.041259421196211954,-0.019629437931837745,3,ZM_SoCal,0,1
-0.12761441052809483,0.012659104637400054,-0.26788792569358977,3,sardRec,0,0
-0.010233148591270752,0.18275065929390721,-0.20321695647644875,3,anchBioSmrySeas1,0,0
0.2007406890977819,0.21614998081610814,0.18533139737945561,3,summerSST,0,1
0.15551597102609613,0.4620670047786734,-0.15103506272648118,3,avgOffTransspring,0,0
0.33799694266582175,0.4759149358858126,0.20007894944583093,3,avgOffTranssummer,0,1
-0.08008166471587758,0.23084794780967907,-0.3910112772414343,3,sprRelOffTrans,0,0
-0.37108923475049055,-0.15142010175600107,-0.59075836774498,3,sumRelOffTrans,0,1
0.23437465840767957,0.2047118826287978,0.26403743418656145,3,meanK,0,1
-0.07332229066606834,0.1102357396651451,-0.25688032099728175,3,OC_LUSI_39N,0,0
-0.5816874314075429,-0.32835428263921385,-0.8350205801758717,3,sardSpawnHab,0,1
-0.06575193664875598,0.0475905679209736,-0.17909444121848556,3,sardNurseHab,0,0
0.07097316591174449,0.15809929057214955,-0.016152958748660504,3,springSST,0,0
-0.12896780260079282,-0.07349307881580934,-0.18444252638577624,3,randTest,0,1
0.49752993020506103,0.7243080280597324,0.27075183235038963,1,NCOPspring,0,1
0.40854088976047115,0.5714922623547322,0.24558951716621,1,NCOPsummerlag1,0,1
0.13720961955133767,0.17226510899810843,0.10215413010456684,1,BEUTI_33N,0,1
0.4728616347305845,0.3880029537213235,0.5577203157398455,1,BEUTI_39N,0,1
0.3241805796758581,0.2513711016300789,0.3969900577216373,1,CUTI_33N,0,1
0.4898677237496028,0.43246691271496995,0.5472685347842358,1,CUTI_39N,0,1
0.2932599315054382,0.31057749114668826,0.27594237186418824,1,OC_LUSI_33N,0,1
-0.2381679357083082,-0.21202597249759653,-0.2643098989190199,1,OC_STI_33N,0,1
-0.10229673822526786,-0.3729447532608366,0.168351276810301,1,RREAS_Myctophids,0,0
-0.4052679287724953,-0.4339644217752613,-0.3765714357697294,1,RREAS_YOYsardine,0,1
-0.09215694325262816,-0.31397509787562167,0.12966121137036546,1,age1SprSardmeanWAA,0,0
-0.34943044993625444,-0.6423627974156946,-0.056498102456814386,1,meanSSBwt,0,1
0.6870896037004184,0.7517929874958059,0.6223862199050308,1,ZM_NorCal,0,1
0.580411419840532,0.6476347125331305,0.5131881271479335,1,ZM_SoCal,0,1
-0.28606955396766504,-0.2878990841634912,-0.2842400237718389,1,sardRec,0,1
0.0030198087656810903,-0.05861598898540238,0.06465560651676458,1,anchBioSmrySeas1,0,0
-0.5336197243425159,-0.45874377198965194,-0.60849567669538,1,summerSST,0,1
-0.2169351774196904,-0.25247337081059185,-0.18139698402878893,1,avgOffTransspring,0,1
0.11176957011473307,-0.14444833069186958,0.36798747092133566,1,avgOffTranssummer,0,0
0.1727297945873853,0.12011305438005458,0.225346534794716,1,sprRelOffTrans,0,1
0.3059728549670832,0.05109615876332152,0.5608495511708448,1,sumRelOffTrans,0,1
-0.3139400100673852,-0.25875778458318177,-0.36912223555158874,1,meanK,0,1
0.3948643466669215,0.4389067969249289,0.35082189640891415,1,OC_LUSI_39N,0,1
0.022044843316571666,-0.24333714560471428,0.2874268322378576,1,sardSpawnHab,0,0
-0.555754089596673,-0.5788368825919364,-0.5326712966014098,1,sardNurseHab,0,1
-0.7139530127685966,-0.6865941690081626,-0.7413118565290306,1,springSST,0,1
0.018324331447254975,-0.13987371288213565,0.17652237577664553,1,randTest,0,0
0.2269819829207171,0.33044217538155274,0.12352179045988147,2,NCOPspring,0,1
0.09445809618369286,0.3023684951875852,-0.11345230282019944,2,NCOPsummerlag1,0,0
0.24841181422112102,0.46019131398760266,0.03663231445463943,2,BEUTI_33N,0,1
0.22218710862132302,0.9306164201125722,-0.4862422028699262,2,BEUTI_39N,0,0
0.19498380060172654,0.7926189867198514,-0.40265138551639845,2,CUTI_33N,0,0
0.12355499818385512,0.741229811100982,-0.49411981473327155,2,CUTI_39N,0,0
0.12709469119270908,0.48054661074537625,-0.22635722835995814,2,OC_LUSI_33N,0,0
-0.10171575815622817,0.21611278602732156,-0.41954430233977796,2,OC_STI_33N,0,0
-0.09704968975281092,1.0903969623946461,-1.284496341900268,2,RREAS_Myctophids,0,0
-0.06394798481201457,0.4256465336737536,-0.5535425032977829,2,RREAS_YOYsardine,0,0
-0.02187537514060642,1.2107127457059572,-1.2544634959871703,2,age1SprSardmeanWAA,0,0
0.003087940348246096,1.4206067695103481,-1.4144308888138561,2,meanSSBwt,0,0
0.2160539600313,0.604715884313923,-0.17260796425132294,2,ZM_NorCal,0,0
0.0742298906378986,0.3377124801434502,-0.18925269886765297,2,ZM_SoCal,0,0
-0.22784620446938814,0.12977713925328638,-0.5854695481920626,2,sardRec,0,0
0.1668753533834634,0.603803476970235,-0.2700527702033081,2,anchBioSmrySeas1,0,0
-0.0618558435656312,0.1612828118302741,-0.28499449896153656,2,summerSST,0,0
-0.20447562500510946,0.2105904078396378,-0.6195416578498567,2,avgOffTransspring,0,0
0.026931312316352297,1.1615036084032797,-1.107640983770575,2,avgOffTranssummer,0,0
0.22693994359332564,0.6565381611667367,-0.2026582739800853,2,sprRelOffTrans,0,0
0.13129218204511375,1.2875404036534592,-1.0249560395632313,2,sumRelOffTrans,0,0
0.07666058709251986,0.41176699790133114,-0.2584458237162914,2,meanK,0,0
0.17760726836165794,0.494606794115514,-0.13939225739219813,2,OC_LUSI_39N,0,0
0.044800909818037596,1.2712906819974432,-1.1816888623613682,2,sardSpawnHab,0,0
-0.14437894701285367,0.46540230458552995,-0.7541601986112373,2,sardNurseHab,0,0
-0.17183922675051896,0.28425281182203416,-0.627931265323072,2,springSST,0,0
0.06929786254570537,0.8529317250426415,-0.7143359999512305,2,randTest,0,0
0.09344233463716468,0.13603409368848843,0.05085057558584093,3,NCOPspring,0,1
0.07045107627477173,0.11017741145004781,0.030724741099495665,3,NCOPsummerlag1,0,1
-0.002613430317280327,0.5829431645478733,-0.5881700251824339,3,BEUTI_33N,0,0
0.32110713512176947,0.632972877518543,0.009241392724996023,3,BEUTI_39N,0,1
-0.13034830781397963,0.18069039673082968,-0.4413870123587889,3,CUTI_33N,0,0
0.2835754104795139,0.5971249347060705,-0.029974113747042723,3,CUTI_39N,0,0
-0.04808293588510308,0.16327735630797297,-0.25944322807817916,3,OC_LUSI_33N,0,0
0.045894568128574426,0.24630551841968715,-0.15451638216253827,3,OC_STI_33N,0,0
-0.43373203420672884,-0.10862270785661705,-0.7588413605568407,3,RREAS_Myctophids,0,1
0.08324544302205646,0.4277087037368352,-0.2612178176927223,3,RREAS_YOYsardine,0,0
-0.4331624726867509,-0.027044580212973554,-0.8392803651605282,3,age1SprSardmeanWAA,0,1
-0.539993048413128,0.018996872001722964,-1.098982968827979,3,meanSSBwt,0,0
0.22288961164058496,0.5431289169741929,-0.09734969369302283,3,ZM_NorCal,0,0
0.14290935386483658,0.6187914575711981,-0.3329727498415249,3,ZM_SoCal,0,0
-0.16711847640541938,0.2419744944332252,-0.5762114472440639,3,sardRec,0,0
0.15043032679602958,0.6571378567097812,-0.3562772031177221,3,anchBioSmrySeas1,0,0
-0.11739400097063321,0.33819893064215484,-0.5729869325834214,3,summerSST,0,0
0.08188992800771125,0.4839312115245357,-0.3201513555091132,3,avgOffTransspring,0,0
0.41219078515561497,0.6639215950894917,0.16045997522173816,3,avgOffTranssummer,0,1
-0.09374949415120787,0.40141466623125366,-0.5889136545336694,3,sprRelOffTrans,0,0
-0.34130745288429243,-0.07762578962228331,-0.6049891161463016,3,sumRelOffTrans,0,1
-0.1249973988512994,0.49782372555476195,-0.7478185232573608,3,meanK,0,0
-0.010517217365031625,0.2320475917469479,-0.2530820264770111,3,OC_LUSI_39N,0,0
-0.41613837663897085,-0.10779212937115547,-0.7244846239067863,3,sardSpawnHab,0,1
-0.2873240337892925,0.0648032062257113,-0.6394512738042963,3,sardNurseHab,0,0
-0.2523985537122184,0.14938809261082608,-0.654185200035263,3,springSST,0,0
-0.25952260718871756,0.014334044717956667,-0.5333792590953919,3,randTest,0,0
-0.6041669965043214,-0.34691660044433437,-0.8614173925643084,1,NCOPspring,0,1
-0.5163827832411422,-0.2354253923332472,-0.797340174149037,1,NCOPsummerlag1,0,1
-0.1340960543781217,-0.058802230628576535,-0.20938987812766685,1,BEUTI_33N,0,1
-0.5097612484199793,-0.3660865637097959,-0.6534359331301627,1,BEUTI_39N,0,1
-0.29682426084350894,-0.19141486732652283,-0.402233654360495,1,CUTI_33N,0,1
-0.5202152716203702,-0.3365017207851808,-0.7039288224555594,1,CUTI_39N,0,1
-0.2651032434044349,-0.11093963271355456,-0.4192668540953153,1,OC_LUSI_33N,0,1
0.22928996494617326,0.36968974713446,0.08889018275788654,1,OC_STI_33N,0,1
0.17741272639085745,0.3682916183223579,-0.01346616554064304,1,RREAS_Myctophids,0,0
0.36639790781850834,0.5873568987753927,0.1454389168616241,1,RREAS_YOYsardine,0,1
-0.1259875414146549,0.10777927846191751,-0.3597543612912273,1,age1SprSardmeanWAA,0,0
0.08899139296098268,0.384385408208238,-0.20640262228627254,1,meanSSBwt,0,0
-0.6970597663307315,-0.49700292293527953,-0.8971166097261835,1,ZM_NorCal,0,1
-0.5773876970129732,-0.3391802449511199,-0.8155951490748263,1,ZM_SoCal,0,1
0.30855282056308925,0.4486677332875436,0.16843790783863485,1,sardRec,0,1
-0.030140255847486867,0.06500084642776661,-0.12528135812274035,1,anchBioSmrySeas1,0,0
0.5158557835252553,0.7527624734730491,0.27894909357746145,1,summerSST,0,1
0.19130658943804735,0.26207199184183694,0.1205411870342578,1,avgOffTransspring,0,1
-0.19442308289935642,-0.047229402901638656,-0.3416167628970742,1,avgOffTranssummer,0,1
-0.16158669929955977,-0.10312040524081052,-0.22005299335830902,1,sprRelOffTrans,0,1
-0.22948932972860792,-0.07234941591793081,-0.386629243539285,1,sumRelOffTrans,0,1
0.2381360042589929,0.5400759015526451,-0.06380389303465919,1,meanK,0,0
-0.38218634898926085,-0.25946923076443157,-0.5049034672140901,1,OC_LUSI_39N,0,1
0.14590560586239712,0.36732759080807315,-0.07551637908327893,1,sardSpawnHab,0,0
0.6032001983392581,0.8309937237228423,0.3754066729556741,1,sardNurseHab,0,1
0.7205214306372545,0.9500951786568375,0.4909476826176715,1,springSST,0,1
0.07032087610037925,0.23123947137184364,-0.0905977191710852,1,randTest,0,0
0.20306517482538516,0.11660133791924726,0.28952901173152307,2,NCOPspring,0,1
0.07632879242028737,0.1529116439646525,-2.5405912407777675e-4,2,NCOPsummerlag1,0,0
0.24434603077223158,0.1195352890553332,0.3691567724891299,2,BEUTI_33N,0,1
0.20434708392430168,0.1487046283715124,0.25998953947709097,2,BEUTI_39N,0,1
0.16605756344966216,0.10909950791382642,0.2230156189854979,2,CUTI_33N,0,1
0.10954672788894168,0.17230298113545675,0.04679047464242666,2,CUTI_39N,0,1
0.1782722913906558,0.3362542271515141,0.020290355629797502,2,OC_LUSI_33N,0,1
-0.14340618347444078,-0.015875603653144305,-0.2709367632957373,2,OC_STI_33N,0,1
-0.08069348988992961,0.09038317742807403,-0.2517701572079332,2,RREAS_Myctophids,0,0
-0.08915337582027646,0.21363070264758272,-0.3919374542881356,2,RREAS_YOYsardine,0,0
-0.05115633695852417,0.014792266297554008,-0.11710494021460238,2,age1SprSardmeanWAA,0,0
-0.03576513642811785,0.26972426137948746,-0.3412545342357232,2,meanSSBwt,0,0
0.1956910929698552,0.3238582937957306,0.0675238921439797,2,ZM_NorCal,0,1
0.05150488955754945,0.291072098331287,-0.18806231921618807,2,ZM_SoCal,0,0
-0.19855146960523531,-0.18790407720979618,-0.20919886200067442,2,sardRec,0,1
0.17962808077624348,0.13996155432440305,0.21929460722808392,2,anchBioSmrySeas1,0,1
-0.07181437792445514,0.23787046737772968,-0.3814992232266399,2,summerSST,0,0
-0.20690736151567313,-0.29706664900009205,-0.1167480740312542,2,avgOffTransspring,0,1
0.001863656370375194,0.08809231325074939,-0.08436500050999901,2,avgOffTranssummer,0,0
0.22529440811144688,0.08029451849389158,0.37029429772900224,2,sprRelOffTrans,0,1
0.15075963392642125,0.32037180850963043,-0.018852540656788014,2,sumRelOffTrans,0,0
0.05290496675814452,0.3736087603436763,-0.2677988268273872,2,meanK,0,0
0.167854818032706,0.192570458733743,0.14313917733166898,2,OC_LUSI_39N,0,1
0.07203088684927322,0.26998245958585554,-0.12592068588730923,2,sardSpawnHab,0,0
-0.12930232694741658,-0.0771085578088379,-0.18149609608599523,2,sardNurseHab,0,1
-0.16004513785336125,0.047315954357899245,-0.36740623006462175,2,springSST,0,0
-0.018029638460770214,0.153695612976616,-0.18975488989815636,2,randTest,0,0
-0.13552160500258395,-0.07781738288632263,-0.19322582711884526,3,NCOPspring,0,1
-0.1719506206802558,-0.01022235472189581,-0.3336788866386158,3,NCOPsummerlag1,0,1
0.04937775162398865,0.5558858998943296,-0.45713039664635224,3,BEUTI_33N,0,0
-0.019756295743347543,0.3646890815036587,-0.40420167299035376,3,BEUTI_39N,0,0
0.06804920405718969,0.48185472452806183,-0.3457563164136825,3,CUTI_33N,0,0
0.014867722557802263,0.38610294968760167,-0.35636750457199723,3,CUTI_39N,0,0
0.4345205632528849,1.461751370097013,-0.5927102435912432,3,OC_LUSI_33N,0,0
-0.34415217975198986,0.486756738373047,-1.1750610978770266,3,OC_STI_33N,0,0
0.2587590720222961,0.7180268300074875,-0.2005086859628953,3,RREAS_Myctophids,0,0
-0.387586995875295,0.5246783191189847,-1.2998523108695748,3,RREAS_YOYsardine,0,0
-0.33711409842554707,0.40022044470935914,-1.0744486415604535,3,age1SprSardmeanWAA,0,0
-0.4976352875447291,0.544280679202432,-1.53955125429189,3,meanSSBwt,0,0
0.14402049109230472,0.8123722100215551,-0.5243312278369456,3,ZM_NorCal,0,0
0.11886974097655517,0.6459507268670139,-0.4082112449139036,3,ZM_SoCal,0,0
0.09616724220109071,0.44776454355646356,-0.2554300591542822,3,sardRec,0,0
0.01034689883314354,0.4268717411159759,-0.4061779434496888,3,anchBioSmrySeas1,0,0
-0.26783248999888515,0.4705023014601831,-1.0061672814579532,3,summerSST,0,0
-0.18307318735167716,0.418613724897455,-0.7847600996008093,3,avgOffTransspring,0,0
-0.29274292670536484,0.2549944387475602,-0.8404802921582899,3,avgOffTranssummer,0,0
0.12417197687890201,0.6571341949545983,-0.4087902411967943,3,sprRelOffTrans,0,0
0.4183757479491802,1.387681541581609,-0.5509300456832484,3,sumRelOffTrans,0,0
-0.27485014078959724,0.38797384552175496,-0.9376741271009493,3,meanK,0,0
0.14565791013263343,0.6965190320378015,-0.40520321177253465,3,OC_LUSI_39N,0,0
0.5770649777086787,1.7051639626862625,-0.5510340072689048,3,sardSpawnHab,0,0
-0.006511786179789758,0.42111658659658363,-0.4341401589561631,3,sardNurseHab,0,0
-0.17164967010947843,0.5275392626906155,-0.8708386029095724,3,springSST,0,0
-0.2654598694029281,0.3019287938803264,-0.8328485326861825,3,randTest,0,0
-0.5878895802951554,-0.33826649495112027,-0.8375126656391905,1,NCOPspring,0,1
-0.4970428123051821,-0.2320940718563741,-0.7619915527539901,1,NCOPsummerlag1,0,1
-0.14450308286105143,0.31689775592835345,-0.6059039216504565,1,BEUTI_33N,0,0
-0.5075279258136016,-0.12517745278319398,-0.8898783988440093,1,BEUTI_39N,0,1
-0.30351759629846137,0.07308440357999132,-0.6801195961769141,1,CUTI_33N,0,0
-0.5222874646942529,-0.1672948974954875,-0.8772800318930182,1,CUTI_39N,0,1
-0.29577187778555536,0.3785490290665643,-0.970092784637675,1,OC_LUSI_33N,0,0
0.2432600710569597,0.765600059439089,-0.2790799173251695,1,OC_STI_33N,0,0
0.1554139809554153,0.5007789221889258,-0.18995096027809516,1,RREAS_Myctophids,0,0
0.3869528147827845,0.9523424913442288,-0.1784368617786597,1,RREAS_YOYsardine,0,0
-0.0928474204144955,0.5036716995531667,-0.6893665403821576,1,age1SprSardmeanWAA,0,0
0.13107068974811684,0.8549720704461974,-0.5928306909499639,1,meanSSBwt,0,0
-0.7019497464454578,-0.19248021527825623,-1.2114192776126593,1,ZM_NorCal,0,1
-0.5757195952667137,-0.1948194147659625,-0.9566197757674648,1,ZM_SoCal,0,1
0.30432457453589823,0.6301650844074932,-0.02151593533569658,1,sardRec,0,0
-0.027114179794948623,0.3263541854046265,-0.38058254499452376,1,anchBioSmrySeas1,0,0
0.5391573203291217,1.057673835970768,0.020640804687475253,1,summerSST,0,1
0.2031172239763333,0.6636271182793957,-0.2573926703267291,1,avgOffTransspring,0,0
-0.158832688734444,0.3050701178832984,-0.6227354953521865,1,avgOffTranssummer,0,0
-0.16465903557867886,0.26078400792561046,-0.5901020790829682,1,sprRelOffTrans,0,0
-0.2704025054994271,0.4331684920195501,-0.9739735030184045,1,sumRelOffTrans,0,0
0.26639535199769826,0.7374922071179664,-0.20470150312256985,1,meanK,0,0
-0.3920401769012178,0.022835712880453496,-0.806916066682889,1,OC_LUSI_39N,0,0
0.08189005099979621,0.8601116930692209,-0.6963315910696283,1,sardSpawnHab,0,0
0.5994175403694625,0.9988071875574359,0.20002789318148909,1,sardNurseHab,0,1
0.7283207374033006,1.2302014396598717,0.22644003514672964,1,springSST,0,1
-0.015890012511855074,0.2910685264864163,-0.3228485515101265,1,randTest,0,0
0.2230341668338687,0.12833189836662579,0.3177364353011116,2,NCOPspring,0,1
0.09502454081780037,0.15579035042527378,0.03425873121032694,2,NCOPsummerlag1,0,1
0.2518030346980387,0.5444845169984426,-0.04087844760236531,2,BEUTI_33N,0,0
0.22103352890452244,0.46151739405021214,-0.019450336241167182,2,BEUTI_39N,0,0
0.1705590066819118,0.46198623838695574,-0.12086822502313226,2,CUTI_33N,0,0
0.12629630480814436,0.4431483468255571,-0.19055573720926838,2,CUTI_39N,0,0
0.15806913414836055,1.025163232078339,-0.709024963781618,2,OC_LUSI_33N,0,0
-0.12253885931047155,0.5155357671069631,-0.7606134857279064,2,OC_STI_33N,0,0
-0.10166248389203826,0.2905759045247937,-0.49390087230887025,2,RREAS_Myctophids,0,0
-0.0711350128272997,0.7289503439966122,-0.8712203696512116,2,RREAS_YOYsardine,0,0
-0.02803759078406659,0.5140650006675083,-0.5701401822356414,2,age1SprSardmeanWAA,0,0
-0.00535016339030614,0.9116938459911363,-0.9223941727717486,2,meanSSBwt,0,0
0.20145882988239022,0.7671905487318834,-0.36427288896710286,2,ZM_NorCal,0,0
0.05023578417126816,0.4948552159540582,-0.3943836476115218,2,ZM_SoCal,0,0
-0.2114392740475279,-0.008956499559023903,-0.4139220485360319,2,sardRec,0,1
0.18056359494819915,0.4389412442501523,-0.07781405435375399,2,anchBioSmrySeas1,0,0
-0.07172629304709222,0.6760218613285631,-0.8194744474227477,2,summerSST,0,0
-0.20054279710657402,0.19295652931496382,-0.5940421235281119,2,avgOffTransspring,0,0
0.012848476404277998,0.5395473799272057,-0.5138504271186496,2,avgOffTranssummer,0,0
0.2197304743268944,0.5059905174357903,-0.06652956878200145,2,sprRelOffTrans,0,0
0.14053233932082426,1.0700253677629636,-0.7889606891213152,2,sumRelOffTrans,0,0
0.06871569185381717,0.6327059896612518,-0.4952746059536175,2,meanK,0,0
0.16583931762125087,0.5749131961167863,-0.2432345608742845,2,OC_LUSI_39N,0,0
0.045417533095806345,0.9982099009807227,-0.9073748347891101,2,sardSpawnHab,0,0
-0.13870246830244443,0.1284880038973237,-0.40589294050221264,2,sardNurseHab,0,0
-0.16368455026071377,0.4375158758407548,-0.7648849763621824,2,springSST,0,0
0.040663862404798516,0.30716392738354403,-0.225836202573947,2,randTest,0,0
0.21874918879734034,0.1258663596839513,0.3116320179107294,3,NCOPspring,0,1
0.23444176280116893,0.05051881520508242,0.41836471039725553,3,NCOPsummerlag1,0,1
-0.08041029298982058,0.18579600736355945,-0.3466165933432006,3,BEUTI_33N,0,0
0.06236726550608766,0.13086774614561358,-0.00613321513343823,3,BEUTI_39N,0,0
-0.05190012626902883,0.03685311721763901,-0.1406533697556967,3,CUTI_33N,0,0
0.023030618436438,-0.053288611465368195,0.09934984833824417,3,CUTI_39N,0,0
-0.38973826635369513,-0.3685871743659297,-0.4108893583414607,3,OC_LUSI_33N,0,1
0.27720555747992726,0.2867849300120769,0.26762618494777773,3,OC_STI_33N,0,1
-0.27351786951098833,-0.4120427803493829,-0.13499295867259373,3,RREAS_Myctophids,0,1
0.31062973189201065,0.14468961364628508,0.4765698501377363,3,RREAS_YOYsardine,0,1
0.3495594418322564,0.3319571533806257,0.367161730283887,3,age1SprSardmeanWAA,0,1
0.47800348317526953,0.28880437253080227,0.6672025938197367,3,meanSSBwt,0,1
-0.059820577527985364,-0.1361462047903964,0.01650504973442557,3,ZM_NorCal,0,0
-0.009746799441768983,-0.20287275252068743,0.18337915363714952,3,ZM_SoCal,0,0
-0.11443221865674805,-0.058531564208103154,-0.17033287310539302,3,sardRec,0,1
-0.003053683340421137,0.10937172699489583,-0.11547909367573811,3,anchBioSmrySeas1,0,0
0.21945742055034567,-0.00909748212579009,0.4480123232264815,3,summerSST,0,0
0.1507400681299288,0.332941820327402,-0.03146168406754429,3,avgOffTransspring,0,0
0.36420597058574156,0.34102563215656645,0.38738630901491666,3,avgOffTranssummer,0,1
-0.08811709427997984,0.1370818921331943,-0.3133160806931539,3,sprRelOffTrans,0,0
-0.4341759783824078,-0.43818506631209425,-0.4301668904527214,3,sumRelOffTrans,0,1
0.1956088683102159,-0.06443738107379565,0.4556551176942275,3,meanK,0,0
-0.08848350486336744,-0.05607272281995837,-0.12089428690677662,3,OC_LUSI_39N,0,1
-0.5852388474798411,-0.601469368013402,-0.5690083269462802,3,sardSpawnHab,0,1
-0.08954917240083021,-0.16464297147737705,-0.01445537332428333,3,sardNurseHab,0,1
0.06683805488123967,-0.08400592728392609,0.2176820370464054,3,springSST,0,0
-0.14493940442828035,-0.12845522960303024,-0.16142357925353046,3,randTest,0,1
0.5872071371332785,0.8370079242006161,0.3374063500659411,1,NCOPspring,0,1
0.49564422128101204,0.6877604077437488,0.30352803481827534,1,NCOPsummerlag1,0,1
0.11501498940662278,0.04420235953591184,0.1858276192773337,1,BEUTI_33N,0,1
0.4989594611645298,0.529846060509252,0.4680728618198077,1,BEUTI_39N,0,1
0.28171071263776176,0.23063959085167873,0.3327818344238448,1,CUTI_33N,0,1
0.5119330104031835,0.5354266310257936,0.48843938978057355,1,CUTI_39N,0,1
0.23803034092058076,-0.024964850086258164,0.5010255319274197,1,OC_LUSI_33N,0,0
-0.1995424737703841,-0.37630429653197295,-0.022780651008795255,1,OC_STI_33N,0,1
-0.18342106621092202,-0.2187262681695362,-0.14811586425230797,1,RREAS_Myctophids,0,1
-0.34682590541758723,-0.5206447813854398,-0.1730070294497346,1,RREAS_YOYsardine,0,1
0.12034023634406725,0.08473339301987157,0.15594707966826288,1,age1SprSardmeanWAA,0,1
-0.0892613292839952,-0.2567000927102233,0.07817743414223285,1,meanSSBwt,0,0
0.6784832337942243,0.6056605321976833,0.7513059353907654,1,ZM_NorCal,0,1
0.57265001431452,0.5450825087416116,0.6002175198874284,1,ZM_SoCal,0,1
-0.30137756609433797,-0.2789589382627906,-0.3237961939258853,1,sardRec,0,1
0.021155361499600338,-0.006149117452179692,0.048459840451380354,1,anchBioSmrySeas1,0,0
-0.51137783659915,-0.6344917224494706,-0.38826395074882947,1,summerSST,0,1
-0.17391614435312394,-0.28176408525581703,-0.0660682034504309,1,avgOffTransspring,0,1
0.20225907189241926,0.10009618227158978,0.3044219615132488,1,avgOffTranssummer,0,1
0.13714559746915228,0.06426290119223102,0.21002829374607354,1,sprRelOffTrans,0,1
0.2046534153179314,-0.06666421560243611,0.4759710462382989,1,sumRelOffTrans,0,0
-0.24374348228571135,-0.2876463777876963,-0.19984058678372643,1,meanK,0,1
0.36527392969524225,0.2804176028198022,0.45013025657068234,1,OC_LUSI_39N,0,1
-0.14475821112480863,-0.40002972199114173,0.11051329974152446,1,sardSpawnHab,0,0
-0.5969123048118125,-0.5223343001761643,-0.6714903094474607,1,sardNurseHab,0,1
-0.7101921423918962,-0.7816900688299592,-0.6386942159538332,1,springSST,0,1
-0.1360124733931061,-0.08946837131813365,-0.18255657546807857,1,randTest,0,1
0.2545226527249228,0.36279783358792644,0.14624747186191916,2,NCOPspring,0,1
0.1205663357111314,0.3630832543488578,-0.12195058292659496,2,NCOPsummerlag1,0,0
0.2625126588515134,0.6698179010057035,-0.14479258330267666,2,BEUTI_33N,0,0
0.24984506567721973,0.6232053056376177,-0.12351517428317826,2,BEUTI_39N,0,0
0.19693965071773745,0.678531720152723,-0.2846524187172481,2,CUTI_33N,0,0
0.15716527207358075,0.6316361713709527,-0.31730562722379124,2,CUTI_39N,0,0
0.1847212608813973,1.3744941989971748,-1.0050516772343803,2,OC_LUSI_33N,0,0
-0.14384502158374496,0.7533074495276291,-1.0409974926951189,2,OC_STI_33N,0,0
-0.10184837371279917,0.5296141481364544,-0.7333108955620528,2,RREAS_Myctophids,0,0
-0.10145276265594577,0.9911642638419189,-1.1940697891538103,2,RREAS_YOYsardine,0,0
-0.02727559005139745,0.7677970378357697,-0.8223482179385647,2,age1SprSardmeanWAA,0,0
-0.02830370127859766,1.284032388423299,-1.3406397909804944,2,meanSSBwt,0,0
0.2495844482989012,1.0586311332610434,-0.5594622366632411,2,ZM_NorCal,0,0
0.09608220487050415,0.7830577921813363,-0.5908933824403281,2,ZM_SoCal,0,0
-0.23262461939581588,0.055526662842709726,-0.5207759016343415,2,sardRec,0,0
0.17663380457791414,0.5135627483150772,-0.1602951391592489,2,anchBioSmrySeas1,0,0
-0.10846947721814593,0.8971194191540421,-1.114058373590334,2,summerSST,0,0
-0.21447520669754214,0.33823090917820714,-0.7671813225732914,2,avgOffTransspring,0,0
0.01971695434692957,0.746825701993973,-0.7073917933001139,2,avgOffTranssummer,0,0
0.23127913101902525,0.6511353277819785,-0.18857706574392807,2,sprRelOffTrans,0,0
0.16436011148622776,1.4021531006458494,-1.0734328776733935,2,sumRelOffTrans,0,0
0.04357769897361291,0.9403575741473335,-0.8532021762001077,2,meanK,0,0
0.19499970862671712,0.8233630058523157,-0.4333635885988814,2,OC_LUSI_39N,0,0
0.0546686557070515,1.4020131642611913,-1.2926758528470883,2,sardSpawnHab,0,0
-0.17506567678155796,0.2990850710243318,-0.6492164245874477,2,sardNurseHab,0,0
-0.21316341630866165,0.6595728185029203,-1.0858996511202434,2,springSST,0,0
0.008482057374229806,0.21860435108446227,-0.20164023633600267,2,randTest,0,0
0.1552531003970792,0.22129852835827293,0.0892076724358855,3,NCOPspring,0,1
0.1557055245550465,0.16484067060224256,0.14657037850785043,3,NCOPsummerlag1,0,1
-0.08460486402299008,0.457420367738278,-0.6266300957842582,3,BEUTI_33N,0,0
0.027656841404718815,0.2913788234783432,-0.23606514066890558,3,BEUTI_39N,0,0
-0.09349248184259937,0.19672605900739848,-0.38371102269259716,3,CUTI_33N,0,0
-0.0141825001044764,0.09759630434123508,-0.1259613045501879,3,CUTI_39N,0,0
-0.41040306140533955,-0.10794212626326305,-0.7128639965474162,3,OC_LUSI_33N,0,1
0.2982940132980657,0.5338184458340638,0.06276958076206768,3,OC_STI_33N,0,1
-0.2716738149863387,-0.2216139236083582,-0.3217337063643192,3,RREAS_Myctophids,0,1
0.33613657400718755,0.39758992538224736,0.2746832226321277,3,RREAS_YOYsardine,0,1
0.3052254667729844,0.5822587691155071,0.02819216443046174,3,age1SprSardmeanWAA,0,1
0.476282920452027,0.6132339772190704,0.3393318636849837,3,meanSSBwt,0,1
-0.11893778560614868,0.03140615228997223,-0.26928172350226964,3,ZM_NorCal,0,0
-0.07531194534018806,-0.02776103896498579,-0.12286285171539035,3,ZM_SoCal,0,1
-0.07500715024666134,0.22517936433795674,-0.37519366483127947,3,sardRec,0,0
0.014464835250401362,0.3592335392180276,-0.33030386871722484,3,anchBioSmrySeas1,0,0
0.24986362358643488,0.23700662306393977,0.26272062410893,3,summerSST,0,1
0.15414565018156337,0.5553419121031569,-0.24705061174003012,3,avgOffTransspring,0,0
0.32556554207983945,0.5166879630427662,0.1344431211169127,3,avgOffTranssummer,0,1
-0.09769013117747652,0.3625403015440186,-0.5579205638989716,3,sprRelOffTrans,0,0
-0.4388466293845596,-0.1539201627290712,-0.7237730960400481,3,sumRelOffTrans,0,1
0.24101251110551775,0.26915981404603984,0.2128652081649956,3,meanK,0,1
-0.13653988916052082,0.09118138098597275,-0.3642611593070144,3,OC_LUSI_39N,0,0
-0.5639535138095927,-0.23087584457701596,-0.8970311830421696,3,sardSpawnHab,0,1
-0.029643800999748768,0.12752556729526981,-0.18681316929476738,3,sardNurseHab,0,0
0.134541884220641,0.20762933122923222,0.06145443721204972,3,springSST,0,1
-0.05294704573150195,0.1321232633266724,-0.23801735478967626,3,randTest,0,0
-0.5963898174574971,-0.3440195441181114,-0.8487600907968826,1,NCOPspring,0,1
-0.5023692405086743,-0.22081632259563524,-0.7839221584217133,1,NCOPsummerlag1,0,1
-0.11195230651303184,0.4136829411038765,-0.6375875541299402,1,BEUTI_33N,0,0
-0.5265578754333726,-0.16527293922754477,-0.8878428116392003,1,BEUTI_39N,0,1
-0.28876435306196857,0.3065391830395069,-0.8840678891634443,1,CUTI_33N,0,0
-0.5354925821403352,-0.12838762320116517,-0.9425975410795053,1,CUTI_39N,0,1
-0.22908342997867753,0.40449527915522426,-0.8626621391125793,1,OC_LUSI_33N,0,0
0.19477999283912784,0.6739507894369621,-0.28439080375870635,1,OC_STI_33N,0,0
0.2035282277243407,0.7839016723176286,-0.37684521686894723,1,RREAS_Myctophids,0,0
0.3404590690802688,0.9313664450634302,-0.2504483069028925,1,RREAS_YOYsardine,0,0
-0.09051202792451143,0.4322419096320979,-0.6132659654811207,1,age1SprSardmeanWAA,0,0
0.14147944031033122,0.8021941845573669,-0.5192353039367045,1,meanSSBwt,0,0
-0.7058507633380754,-0.16681300534433105,-1.24488852133182,1,ZM_NorCal,0,1
-0.5975984421061594,-0.11724605807047879,-1.0779508261418398,1,ZM_SoCal,0,1
0.31260781181659253,0.6486890060674835,-0.023473382434298418,1,sardRec,0,0
-0.02089004986620878,0.3818761319786461,-0.4236562317110637,1,anchBioSmrySeas1,0,0
0.5123319474384286,1.0787680801590815,-0.05410418528222458,1,summerSST,0,0
0.17299117125146526,0.5723058508979884,-0.22632350839505788,1,avgOffTransspring,0,0
-0.22349839626111828,0.4309770260601079,-0.8779738185823445,1,avgOffTranssummer,0,0
-0.14077768822156725,0.24349127534798068,-0.5250466517911152,1,sprRelOffTrans,0,0
-0.18957820608404413,0.6843398287975668,-1.063496240965655,1,sumRelOffTrans,0,0
0.2697224314456764,0.884158239778241,-0.344713376886888,1,meanK,0,0
-0.38250505937556556,0.05835603816986817,-0.8233661569209992,1,OC_LUSI_39N,0,0
0.1254527747244348,1.1116826306391374,-0.860777081190268,1,sardSpawnHab,0,0
0.6220299211177267,1.012438760480397,0.23162108175505644,1,sardNurseHab,0,1
0.7338296491868909,1.25221686911988,0.21544242925390156,1,springSST,0,1
0.20791961765349248,0.9123890465360804,-0.4965498112290954,1,randTest,0,0
0.24525709582162816,0.1414732978775271,0.3490408937657292,2,NCOPspring,0,1
0.11487994708003031,0.14250874335669,0.08725115080337062,2,NCOPsummerlag1,0,1
0.25330428824210993,0.6125874633192907,-0.10597888683507092,2,BEUTI_33N,0,0
0.2395027316410973,0.3738154358330751,0.1051900274491196,2,BEUTI_39N,0,1
0.200043870991442,0.8534251587263634,-0.4533374167434794,2,CUTI_33N,0,0
0.14838418573801385,0.48237974887228197,-0.18561137739625427,2,CUTI_39N,0,0
0.12800773159952356,0.938597348129519,-0.6825818849304719,2,OC_LUSI_33N,0,0
-0.09948760968723491,0.45430793929005026,-0.6532831586645202,2,OC_STI_33N,0,0
-0.10757195101730718,0.6361332848227498,-0.8512771868573643,2,RREAS_Myctophids,0,0
-0.057468271278556006,0.7389318447030137,-0.8538683872601257,2,RREAS_YOYsardine,0,0
-0.006277822656324702,0.35425952941842803,-0.3668151747310774,2,age1SprSardmeanWAA,0,0
0.01801656412850621,0.7579290772097951,-0.7218959489527825,2,meanSSBwt,0,0
0.22319488299187484,0.7679612623945173,-0.32157149641076754,2,ZM_NorCal,0,0
0.08077446014885833,0.5343421387948148,-0.3727932184970983,2,ZM_SoCal,0,0
-0.23340852646673732,-0.13337661159481518,-0.33344044133865947,2,sardRec,0,1
0.16035453954800705,0.5081018603163077,-0.18739278122029357,2,anchBioSmrySeas1,0,0
-0.06829205666305853,0.6618736302304726,-0.7984577435565898,2,summerSST,0,0
-0.18604291436742412,0.08097874682085143,-0.4530645755556997,2,avgOffTransspring,0,0
0.0378884806239719,0.8632858541000143,-0.7875088928520704,2,avgOffTranssummer,0,0
0.21075486418472153,0.3892571047896635,0.032252623579779566,2,sprRelOffTrans,0,1
0.12109628898496656,1.334055281673667,-1.091862703703734,2,sumRelOffTrans,0,0
0.056631240862305685,0.7061292065867115,-0.5928667248621001,2,meanK,0,0
0.17407719979355776,0.5950607093378201,-0.24690630975070466,2,OC_LUSI_39N,0,0
0.040981150612032086,1.3241966600377129,-1.2422343588136489,2,sardSpawnHab,0,0
-0.1541499883630048,-0.0702881688145828,-0.23801180791142684,2,sardNurseHab,0,1
-0.18105050099945746,0.3305165914610959,-0.6926175934600108,2,springSST,0,0
-0.1251265415767197,0.8052118454329199,-1.055464928586359,2,randTest,0,0
0.14825616948217477,0.08551960202035148,0.210992736943998,3,NCOPspring,0,1
0.1418192750158282,0.04534547355529399,0.2382930764763624,3,NCOPsummerlag1,0,1
-0.14273167515105933,0.3398247995754534,-0.6252881498775721,3,BEUTI_33N,0,0
0.06147681584034541,0.22832422610425923,-0.10537059442356839,3,BEUTI_39N,0,0
-0.2271232191906069,-0.00801785230573926,-0.44622858607547455,3,CUTI_33N,0,1
-0.021219094438002906,0.005051685795030021,-0.04748987467103588,3,CUTI_39N,0,0
-0.3066482674994525,-0.21145011966906546,-0.40184641532983967,3,OC_LUSI_33N,0,1
0.20318151918492536,0.2767838943641566,0.1295791440056941,3,OC_STI_33N,0,1
-0.3808309718214372,-0.44553606518366373,-0.31612587845921064,3,RREAS_Myctophids,0,1
0.26751900952075525,0.17729432165832104,0.35774369738318945,3,RREAS_YOYsardine,0,1
0.19425736734727023,0.3130925587737482,0.07542217592079223,3,age1SprSardmeanWAA,0,1
0.2953936826934092,0.24252647965418184,0.34826088573263647,3,meanSSBwt,0,1
-0.07546448974304043,-0.05872775492370895,-0.0922012245623719,3,ZM_NorCal,0,1
-0.03588115411426612,0.0164678778040334,-0.08823018603256572,3,ZM_SoCal,0,0
-0.06787349420843185,0.20055156236144314,-0.33629855077830684,3,sardRec,0,0
0.12146861662654825,0.294410265138804,-0.051473031885707454,3,anchBioSmrySeas1,0,0
0.1884370672595112,0.10044445075000807,0.2764296837690144,3,summerSST,0,1
0.08600267993529784,0.37501386590826413,-0.2030085060376685,3,avgOffTransspring,0,0
0.4253312269913652,0.48717199878049916,0.3634904552022312,3,avgOffTranssummer,0,1
-0.04961534844640198,0.3172678286524726,-0.4164985255452765,3,sprRelOffTrans,0,0
-0.4909450599529115,-0.40257606162406945,-0.5793140582817535,3,sumRelOffTrans,0,1
0.2024391649421764,0.21964141295706646,0.18523691692728633,3,meanK,0,1
-0.1017351217393436,0.00917342733037979,-0.21264367080906704,3,OC_LUSI_39N,0,0
-0.6053341003153023,-0.4658792071619534,-0.7447889934686511,3,sardSpawnHab,0,1
-0.13848015084827733,-2.1448097806658906e-4,-0.2767458207184881,3,sardNurseHab,0,1
0.046609393319753084,0.03527025006770107,0.05794853657180517,3,springSST,0,1
0.3636521044703792,0.4617598832311477,0.2655443257096105,3,randTest,0,1
-0.608571086298526,-0.3499976266767033,-0.8671445459203485,1,NCOPspring,0,1
-0.5280510857442168,-0.23144307403554928,-0.8246590974528845,1,NCOPsummerlag1,0,1
-0.12203013118628393,-0.006809849129763512,-0.23725041324280444,1,BEUTI_33N,0,1
-0.5048257852301514,-0.31967054855501953,-0.6899810219052834,1,BEUTI_39N,0,1
-0.2848354022707042,-0.13125327915915283,-0.43841752538225565,1,CUTI_33N,0,1
-0.5149156827322524,-0.2802058721764814,-0.7496254932880235,1,CUTI_39N,0,1
-0.22228345497083898,0.07476767306968218,-0.5193345830113602,1,OC_LUSI_33N,0,0
0.19089630079834727,0.4366397793324305,-0.054847177735735886,1,OC_STI_33N,0,0
0.19741616684522076,0.45205834511081,-0.057226011420368414,1,RREAS_Myctophids,0,0
0.3311713398812661,0.6927213000899336,-0.030378620327401407,1,RREAS_YOYsardine,0,0
-0.151761991596385,0.1839596524558098,-0.4874836356485799,1,age1SprSardmeanWAA,0,0
0.04628113567811716,0.5079798749507652,-0.41541760359453084,1,meanSSBwt,0,0
-0.6743254124321649,-0.3780318542961112,-0.9706189705682187,1,ZM_NorCal,0,1
-0.5602975115024933,-0.25321698766833445,-0.867378035336652,1,ZM_SoCal,0,1
0.3159732091933046,0.48026929255331724,0.15167712583329193,1,sardRec,0,1
-0.032893009366663464,0.07667224501340572,-0.14245826374673265,1,anchBioSmrySeas1,0,0
0.48615713448946307,0.8384446863401436,0.13386958263878249,1,summerSST,0,1
0.17352834684767893,0.30989328593657,0.03716340775878782,1,avgOffTransspring,0,1
-0.22266032151745946,-0.010212437859117761,-0.43510820517580107,1,avgOffTranssummer,0,1
-0.14667528328977542,-0.039599852725264104,-0.25375071385428666,1,sprRelOffTrans,0,1
-0.18539998074836442,0.10403838763443163,-0.47483834913116046,1,sumRelOffTrans,0,0
0.20401857313231786,0.6227541840333215,-0.21471703776868573,1,meanK,0,0
-0.35750015575193117,-0.16297260708601424,-0.5520277044178482,1,OC_LUSI_39N,0,1
0.2077532670887074,0.6093117234868815,-0.19380518930946672,1,sardSpawnHab,0,0
0.5941507749923591,0.8732800772685075,0.3150214727162108,1,sardNurseHab,0,1
0.6932753714753367,1.0271615142723018,0.35938922867837164,1,springSST,0,1
0.16683431849394137,0.3752529324270136,-0.041584295439130836,1,randTest,0,0
0.22015247850081052,0.12661272728372844,0.31369222971789257,2,NCOPspring,0,1
0.09109503991133039,0.15789730547405934,0.024292774348601498,2,NCOPsummerlag1,0,1
0.24735458459923712,0.1589174713436626,0.3357916978548116,2,BEUTI_33N,0,1
0.22346276272895862,0.2131674797343624,0.2337580457235547,2,BEUTI_39N,0,1
0.17571007190512802,0.18104352456099032,0.17037661924926578,2,CUTI_33N,0,1
0.12692673412306782,0.24180220253221849,0.012051265713917184,2,CUTI_39N,0,1
0.1984862315946002,0.5568799900445791,-0.1599075268553788,2,OC_LUSI_33N,0,0
-0.15485590889452922,0.11166231660858772,-0.42137413439764626,2,OC_STI_33N,0,0
-0.08624443653726094,0.14586052177868766,-0.31834939485320957,2,RREAS_Myctophids,0,0
-0.10938115338437221,0.37283013326560577,-0.5915924400343501,2,RREAS_YOYsardine,0,0
-0.06619487753681164,0.12995737776825822,-0.2623471328418814,2,age1SprSardmeanWAA,0,0
-0.06148059357434285,0.45780230950964257,-0.5807634966583284,2,meanSSBwt,0,0
0.21959431246999073,0.4639353212220326,-0.02474669628205107,2,ZM_NorCal,0,0
0.06561972849377731,0.35741688264870025,-0.22617742566114563,2,ZM_SoCal,0,0
-0.20875899480079985,-0.2015041169057039,-0.21601387269589578,2,sardRec,0,1
0.19648144375689844,0.12607578065315816,0.26688710686063877,2,anchBioSmrySeas1,0,1
-0.0912694813193492,0.3519467168890696,-0.5344856795277679,2,summerSST,0,0
-0.21787234552709211,-0.21638049607885418,-0.21936419497532994,2,avgOffTransspring,0,1
0.006562693362693814,0.1647493541803476,-0.15162396745496,2,avgOffTranssummer,0,0
0.23242229646445428,0.14898630380130592,0.3158582891276026,2,sprRelOffTrans,0,1
0.1654562512881547,0.5170088448174166,-0.18609634224110705,2,sumRelOffTrans,0,0
0.035745450451497046,0.4938892256004871,-0.4223983246974931,2,meanK,0,0
0.17911109132265224,0.2975946534136229,0.06062752923168155,2,OC_LUSI_39N,0,1
0.08340041788818323,0.5347964740172051,-0.3679956382408386,2,sardSpawnHab,0,0
-0.14392734912945043,-0.05418215754372914,-0.23367254071517174,2,sardNurseHab,0,1
-0.18194042695808083,0.1462782546737976,-0.5101591085899593,2,springSST,0,0
-0.12669775313774756,0.06625682221838018,-0.31965232849387515,2,randTest,0,0
-0.09397952994034817,-0.0540489240712613,-0.13391013580943503,3,NCOPspring,0,1
-0.12020022504810135,-0.007049308211419976,-0.23335114188478273,3,NCOPsummerlag1,0,1
0.039259083892898006,0.5636925877502246,-0.48517441996442867,3,BEUTI_33N,0,0
0.020755454458407825,0.4070841239727687,-0.36557321505595314,3,BEUTI_39N,0,0
0.0820916836889925,0.4946913057184267,-0.3305079383404417,3,CUTI_33N,0,0
0.04860303119009901,0.38200951688385154,-0.28480345450365346,3,CUTI_39N,0,0
0.4201264486274633,1.392838300039633,-0.5525854027847064,3,OC_LUSI_33N,0,0
-0.31399360569694723,0.4314601718572455,-1.05944738325114,3,OC_STI_33N,0,0
0.2224714688414821,0.6040223309019528,-0.1590793932189886,3,RREAS_Myctophids,0,0
-0.3851317078222103,0.41958644267360995,-1.1898498583180306,3,RREAS_YOYsardine,0,0
-0.32851102588188047,0.4167717599312636,-1.0737938116950247,3,age1SprSardmeanWAA,0,0
-0.5010800508673249,0.491532477968554,-1.4936925797032037,3,meanSSBwt,0,0
0.17170352897920357,0.7658359449015062,-0.4224288869430991,3,ZM_NorCal,0,0
0.1262331191145038,0.5520697441972007,-0.29960350596819313,3,ZM_SoCal,0,0
0.06471786675784377,0.41139828922373006,-0.2819625557080425,3,sardRec,0,0
0.04677193685167527,0.515810030409775,-0.4222661567064245,3,anchBioSmrySeas1,0,0
-0.27741053831891793,0.33801059892508234,-0.8928316755629181,3,summerSST,0,0
-0.16795182408740117,0.4346024627581551,-0.7705061109329575,3,avgOffTransspring,0,0
-0.2413906243849325,0.23397227952008454,-0.7167535282899495,3,avgOffTranssummer,0,0
0.10395516477129432,0.6448612855328972,-0.43695095599030864,3,sprRelOffTrans,0,0
0.39559984729979275,1.2889252122497652,-0.4977255176501796,3,sumRelOffTrans,0,0
-0.30808283578758494,0.29804853730600833,-0.9142142088811782,3,meanK,0,0
0.15217966602391125,0.664651813337475,-0.36029248128965263,3,OC_LUSI_39N,0,0
0.5707008997142028,1.7030673146406956,-0.56166551521229,3,sardSpawnHab,0,0
-0.029312636468480063,0.3386057044050812,-0.3972309773420414,3,sardNurseHab,0,0
-0.19672657446588648,0.397834042119092,-0.791287191050865,3,springSST,0,0
-0.23637946657261072,0.34933701506764797,-0.8220959482128695,3,randTest,0,0
-0.6045875176967687,-0.3485088027831708,-0.8606662326103663,1,NCOPspring,0,1
-0.51590971273759,-0.2374603434452522,-0.794359082029928,1,NCOPsummerlag1,0,1
-0.1410532982860142,0.2831215443821289,-0.5652281409541573,1,BEUTI_33N,0,0
-0.5091410779672934,-0.1332225637102573,-0.8850595922243294,1,BEUTI_39N,0,1
-0.2966035663879699,0.0555747661344546,-0.6487818989103945,1,CUTI_33N,0,0
-0.5196422999422469,-0.16696543487425858,-0.8723191650102351,1,CUTI_39N,0,1
-0.2680978769002308,0.409011175145048,-0.9452069289455095,1,OC_LUSI_33N,0,0
0.2264031970111386,0.7645792831135078,-0.3117728890912306,1,OC_STI_33N,0,0
0.17413612146059942,0.5171806046473598,-0.168908361726161,1,RREAS_Myctophids,0,0
0.36515499043575855,0.9662507756987218,-0.23594079482720468,1,RREAS_YOYsardine,0,0
-0.10522038277349742,0.47979847997448505,-0.69023924552148,1,age1SprSardmeanWAA,0,0
0.10329573010184792,0.8077115007576723,-0.6011200405539766,1,meanSSBwt,0,0
-0.6926004705545472,-0.18509890147567576,-1.2001020396334185,1,ZM_NorCal,0,1
-0.5691933335960973,-0.17173640811164353,-0.9666502590805509,1,ZM_SoCal,0,1
0.31402070499729484,0.629690023059188,-0.0016486130645982783,1,sardRec,0,0
-0.03230129092466609,0.3131952642269178,-0.37779784607624994,1,anchBioSmrySeas1,0,0
0.5161281559291316,1.034395106972135,-0.0021387951138716766,1,summerSST,0,0
0.19398648116742143,0.6493360830661092,-0.2613631207312662,1,avgOffTransspring,0,0
-0.18778408265486193,0.23254094871512068,-0.6081091140248445,1,avgOffTranssummer,0,0
-0.16083065287537504,0.255758745483155,-0.5774200512339052,1,sprRelOffTrans,0,0
-0.23503688633510778,0.42950602969899554,-0.8995798023692111,1,sumRelOffTrans,0,0
0.23912062988299693,0.7372173681990953,-0.25897610843310154,1,meanK,0,0
-0.38140768007408615,0.02629060623178299,-0.7891059663799551,1,OC_LUSI_39N,0,0
0.13947550436740933,0.9369462462522146,-0.6579952375173959,1,sardSpawnHab,0,0
0.6048299356231779,1.0042037030536508,0.20545616819270507,1,sardNurseHab,0,1
0.7152127930906895,1.2303626747282739,0.2000629114531052,1,springSST,0,1
-0.0525924419259718,0.31562499922273357,-0.42080988307467726,1,randTest,0,0
0.20558722261835705,0.11850882581101586,0.2926656194256982,2,NCOPspring,0,1
0.07703130531854559,0.15639354310032932,-0.002330932463238178,2,NCOPsummerlag1,0,0
0.25758297873681574,0.535876825371279,-0.02071086789764759,2,BEUTI_33N,0,0
0.2175646280776521,0.46916618181395486,-0.03403692565865074,2,BEUTI_39N,0,0
0.17083102278144233,0.44021184581517553,-0.09854980025229092,2,CUTI_33N,0,0
0.12310043846137843,0.4388228886534063,-0.1926220117306495,2,CUTI_39N,0,0
0.19186043226269983,1.0690398645561585,-0.6853190000307589,2,OC_LUSI_33N,0,0
-0.15112726144519498,0.5175450343508774,-0.8197995572412674,2,OC_STI_33N,0,0
-0.08189541314337215,0.3035942334718265,-0.4673850597585708,2,RREAS_Myctophids,0,0
-0.1034562454861501,0.743481563175717,-0.9503940541480171,2,RREAS_YOYsardine,0,0
-0.061169374035425605,0.47512166486685126,-0.5974604129377025,2,age1SprSardmeanWAA,0,0
-0.037538780200886496,0.8458530361618339,-0.9209305965636071,2,meanSSBwt,0,0
0.2035649129214362,0.7705848315233957,-0.36345500568052325,2,ZM_NorCal,0,0
0.0534352029045945,0.5310153354787105,-0.42414492966952155,2,ZM_SoCal,0,0
-0.2041754278549344,-0.0036985841674132547,-0.40465227154245553,2,sardRec,0,1
0.1892185077124173,0.43627665223616807,-0.05783963681133353,2,anchBioSmrySeas1,0,0
-0.08355930096383829,0.6502663738664876,-0.8173849757941641,2,summerSST,0,0
-0.217937657683763,0.1926287261659673,-0.6285040415334933,2,avgOffTransspring,0,0
-0.008033847356016838,0.4535183748346465,-0.46958606954668036,2,avgOffTranssummer,0,0
0.23359995486569018,0.5347324450420126,-0.06753253531063222,2,sprRelOffTrans,0,0
0.16840607896586432,1.0424800846649414,-0.7056679267332128,2,sumRelOffTrans,0,0
0.05170657539446019,0.6631467536421897,-0.5597336028532693,2,meanK,0,0
0.1707833961269335,0.5834669843447295,-0.24190019209086253,2,OC_LUSI_39N,0,0
0.09236096364807483,1.0798214570930142,-0.8950995297968646,2,sardSpawnHab,0,0
-0.12993030446235299,0.14556537789183074,-0.4054259868165367,2,sardNurseHab,0,0
-0.16806077554199425,0.45598352755259763,-0.7921050786365861,2,springSST,0,0
0.1321611248459964,0.4515179403043687,-0.18719569061237587,2,randTest,0,0
0.17839519904627174,0.10283423891834993,0.25395615917419356,3,NCOPspring,0,1
0.19739279392572043,0.03534760179491244,0.35943798605652844,3,NCOPsummerlag1,0,1
-0.06857590455320801,0.2328124098133299,-0.369964218919746,3,BEUTI_33N,0,0
0.0192303985145124,0.1348237566940489,-0.09636295966502406,3,BEUTI_39N,0,0
-0.059940648565238674,0.07116853435348208,-0.1910498314839594,3,CUTI_33N,0,0
-0.016710895455989527,-0.041982623651160636,0.008560832739181568,3,CUTI_39N,0,0
-0.423382060560207,-0.28191795256741353,-0.5648461685530005,3,OC_LUSI_33N,0,1
0.31590546972777644,0.42082554307402287,0.21098539638153013,3,OC_STI_33N,0,1
-0.2585961393836982,-0.3434452384629123,-0.17374704030448396,3,RREAS_Myctophids,0,1
0.37161810929658884,0.3223535548485427,0.4208826637446347,3,RREAS_YOYsardine,0,1
0.33367388427676675,0.404073263831015,0.2632745047225184,3,age1SprSardmeanWAA,0,1
0.46988621419555665,0.39994870123476345,0.5398237271563496,3,meanSSBwt,0,1
-0.11686122428876501,-0.11090199766650376,-0.12282045091102634,3,ZM_NorCal,0,1
-0.08206865201311214,-0.22282479396919605,0.05868748994297168,3,ZM_SoCal,0,0
-0.08927042878450286,0.007603103835371883,-0.1861439614043776,3,sardRec,0,0
-0.019820829927534228,0.16209052052154432,-0.20173218037661275,3,anchBioSmrySeas1,0,0
0.2588279796378222,0.1280917208908775,0.38956423838476684,3,summerSST,0,1
0.17668540804439722,0.4260044665246465,-0.07263365043585202,3,avgOffTransspring,0,0
0.3172788770325885,0.3605715328907131,0.2739862211744638,3,avgOffTranssummer,0,1
-0.11012166390657695,0.17329670698188665,-0.39354003479504057,3,sprRelOffTrans,0,0
-0.4303511627257566,-0.3156825286617467,-0.5450197967897668,3,sumRelOffTrans,0,1
0.2554577499163395,0.06180391414295988,0.4491115856897193,3,meanK,0,1
-0.12227937519684115,-0.029904352169901394,-0.21465439822378096,3,OC_LUSI_39N,0,1
-0.6083305894158393,-0.49101926170336035,-0.7256419171283182,3,sardSpawnHab,0,1
-0.04098226937368764,-0.06905177168306226,-0.012912767064312991,3,sardNurseHab,0,1
0.14033452299282523,0.07711907529167805,0.2035499706939725,3,springSST,0,1
-0.16448561214912327,0.0017584742547254173,-0.33072969855297196,3,randTest,0,0
0.5846518774533676,0.8342496800385912,0.335054074868144,1,NCOPspring,0,1
0.4888663959986415,0.6959464947432666,0.2817862972540164,1,NCOPsummerlag1,0,1
0.12986912041597587,0.4923560703413691,-0.23261782950941734,1,BEUTI_33N,0,0
0.5006354437241047,0.7824761087228989,0.21879477872531078,1,BEUTI_39N,0,1
0.30597270182841513,0.5749991754241881,0.03694622823264225,1,CUTI_33N,0,1
0.5165668328548253,0.7376898240704213,0.2954438416392291,1,CUTI_39N,0,1
0.25250364534511843,0.6153008940360651,-0.11029360334582834,1,OC_LUSI_33N,0,0
-0.20587014259647207,0.08747981697880029,-0.4992201021717444,1,OC_STI_33N,0,0
-0.18969187296337423,-9.88862324876577e-4,-0.3783948836018719,1,RREAS_Myctophids,0,1
-0.3541941416389933,-0.10068557598341898,-0.6077027072945678,1,RREAS_YOYsardine,0,1
0.13795417730879828,0.5301046965984958,-0.25419634198089924,1,age1SprSardmeanWAA,0,0
-0.08142706348291343,0.3022573728839235,-0.4651114998497503,1,meanSSBwt,0,0
0.6903207501782295,0.9769117997369984,0.4037297006194605,1,ZM_NorCal,0,1
0.5780039685521854,0.7784183011056904,0.37758963599868056,1,ZM_SoCal,0,1
-0.32025431733378085,-0.06223569306316935,-0.5782729416043924,1,sardRec,0,1
0.026052054888316526,0.2841228709997898,-0.23201876122315673,1,anchBioSmrySeas1,0,0
-0.5070138747146392,-0.28872486725995766,-0.7253028821693208,1,summerSST,0,1
-0.18371152337509944,0.13514704526623655,-0.5025700920164355,1,avgOffTransspring,0,0
0.21073767320129416,0.46531028221656817,-0.04383493581397982,1,avgOffTranssummer,0,0
0.15147268505542252,0.47989931602641034,-0.17695394591556543,1,sprRelOffTrans,0,0
0.2112237725201218,0.5606963333677604,-0.1382487883275167,1,sumRelOffTrans,0,0
-0.2562742782726289,-0.015305647054809034,-0.4972429094904488,1,meanK,0,1
0.37392408192719057,0.6393669233098742,0.10848124054450693,1,OC_LUSI_39N,0,1
-0.11641619648928961,0.2928799904341348,-0.5257123834127141,1,sardSpawnHab,0,0
-0.5982569397785515,-0.31841464912309203,-0.8780992304340112,1,sardNurseHab,0,1
-0.7177270188021136,-0.45452646935686847,-0.980927568247359,1,springSST,0,1
0.39703726130376527,0.6135540379802172,0.18052048462731318,1,randTest,0,1
0.21044094090110932,0.30028174779576144,0.12060013400645725,2,NCOPspring,0,1
0.08192999129000592,0.31761255337974803,-0.15375257079973623,2,NCOPsummerlag1,0,0
0.24974958803826058,0.2573085377155417,0.2421906383609794,2,BEUTI_33N,0,1
0.2114821438356679,0.3462914419680443,0.0766728457032916,2,BEUTI_39N,0,1
0.17417294357898755,0.31666632492417246,0.03167956223380264,2,CUTI_33N,0,1
0.11753561915060964,0.39293540085968764,-0.1578641625584683,2,CUTI_39N,0,0
0.1670443689488956,0.7478442159022841,-0.4137554780044928,2,OC_LUSI_33N,0,0
-0.12783078702670098,0.32026159635886264,-0.5759231704122647,2,OC_STI_33N,0,0
-0.09467019677646886,0.3017139493148186,-0.4910543428677564,2,RREAS_Myctophids,0,0
-0.07445920588123464,0.5908953797018145,-0.7398137914642836,2,RREAS_YOYsardine,0,0
-0.034885322076001674,0.39844174163959534,-0.46821238579159846,2,age1SprSardmeanWAA,0,0
-0.023169342708474233,0.789492897287645,-0.8358315827045935,2,meanSSBwt,0,0
0.1998843305637943,0.65531313467447,-0.2555444735468815,2,ZM_NorCal,0,0
0.05547145877196907,0.5307267261210765,-0.4197838085771385,2,ZM_SoCal,0,0
-0.21269810172267478,-0.11655335047766632,-0.3088428529676832,2,sardRec,0,1
0.17475724829158965,0.2750519634317287,0.07446253315145052,2,anchBioSmrySeas1,0,1
-0.07073492931840447,0.6006930851388244,-0.7421629437756334,2,summerSST,0,0
-0.19976866929751558,-0.0675823857428577,-0.33195495285217347,2,avgOffTransspring,0,1
0.011995990724578354,0.36361138734371323,-0.3396194058945565,2,avgOffTranssummer,0,0
0.21852890120498958,0.2550209852888399,0.18203681712113934,2,sprRelOffTrans,0,1
0.14204808252627413,0.7409371398480558,-0.4568409747955072,2,sumRelOffTrans,0,0
0.055349548191327244,0.6859105215270886,-0.575211425144434,2,meanK,0,0
0.1674789855241134,0.45668352056570116,-0.12172554951747437,2,OC_LUSI_39N,0,0
0.05995549191048169,0.699953986598294,-0.5800430027773305,2,sardSpawnHab,0,0
-0.13653330068934483,0.15780787124016143,-0.43087447261885115,2,sardNurseHab,0,0
-0.16286830803490276,0.3864330032228768,-0.7121696192926823,2,springSST,0,0
0.13099091857588305,0.24788867173435386,0.014093165417412228,2,randTest,0,1
-0.15333392935708023,-0.21879478444915637,-0.08787307426500414,3,NCOPspring,0,1
-0.17012567837573053,-0.15260931762330995,-0.18764203912815108,3,NCOPsummerlag1,0,1
0.07920797021585202,0.5621083607873463,-0.40369242035564207,3,BEUTI_33N,0,0
-0.02363233380951847,0.28202308250808183,-0.32928775012711875,3,BEUTI_39N,0,0
0.06947157735030143,0.4400937351933216,-0.30115058049271876,3,CUTI_33N,0,0
0.0055981184344514184,0.27984809078363404,-0.2686518539147312,3,CUTI_39N,0,0
0.4243882752983672,1.3441754793941194,-0.495398928797385,3,OC_LUSI_33N,0,0
-0.3151260176733316,0.37799845746504357,-1.0082504928117066,3,OC_STI_33N,0,0
0.2645494684840962,0.6123212640048712,-0.08322232703667869,3,RREAS_Myctophids,0,0
-0.3390765654383969,0.36262676304516017,-1.040779893921954,3,RREAS_YOYsardine,0,0
-0.3531675893951678,0.2621469454619995,-0.9684821242523352,3,age1SprSardmeanWAA,0,0
-0.515405468389324,0.37984796571148327,-1.4106589024901313,3,meanSSBwt,0,0
0.12236354003821268,0.6648726754253201,-0.42014559534889473,3,ZM_NorCal,0,0
0.07406495921936465,0.4445958558957823,-0.29646593745705313,3,ZM_SoCal,0,0
0.0738747747320314,0.3570545254222378,-0.20930497595817504,3,sardRec,0,0
-0.00219562294545797,0.34893869492505464,-0.3533299408159706,3,anchBioSmrySeas1,0,0
-0.2595155499604127,0.34244466706893406,-0.8614757669897595,3,summerSST,0,0
-0.15697839936574542,0.36309935431687673,-0.6770561530483676,3,avgOffTransspring,0,0
-0.319120672759339,0.17407025827920558,-0.8123116037978835,3,avgOffTranssummer,0,0
0.09766597994279405,0.5535820002639502,-0.3582500403783621,3,sprRelOffTrans,0,0
0.4342543371852719,1.3372326779710886,-0.4687240036005448,3,sumRelOffTrans,0,0
-0.2403296357621903,0.23275366600879205,-0.7134129375331726,3,meanK,0,0
0.14514486565435616,0.6346950084887371,-0.3444052771800248,3,OC_LUSI_39N,0,0
0.5414467376293224,1.4818030829434434,-0.3989096076847988,3,sardSpawnHab,0,0
0.01494340707106695,0.3082938418534902,-0.2784070277113563,3,sardNurseHab,0,0
-0.14251318987499653,0.40417521269562273,-0.6892015924456157,3,springSST,0,0
-0.08761499992150557,0.07792253846078628,-0.25315253830379736,3,randTest,0,0
0.6197647571494408,0.8778035984772758,0.3617259158216058,1,NCOPspring,0,1
0.5235005990502292,0.8030197809439534,0.24398141715650498,1,NCOPsummerlag1,0,1
0.11985529912561718,0.14050680236016083,0.09920379589107353,1,BEUTI_33N,0,1
0.4989357983561347,0.6128406353283399,0.3850309613839296,1,BEUTI_39N,0,1
0.3015464092960743,0.38151675071306856,0.22157606787908005,1,CUTI_33N,0,1
0.5188927443911768,0.686505379410226,0.3512801093721276,1,CUTI_39N,0,1
0.2451261623613794,0.3474346765487536,0.14281764817400522,1,OC_LUSI_33N,0,1
-0.21211918561011617,-0.11629250716144601,-0.3079458640587863,1,OC_STI_33N,0,1
-0.1792216046746365,-0.006062397882195836,-0.3523808114670772,1,RREAS_Myctophids,0,1
-0.35861969944522,-0.17709808168699032,-0.5401413172034496,1,RREAS_YOYsardine,0,1
0.157170526751084,0.3616500096032172,-0.04730895610104911,1,age1SprSardmeanWAA,0,0
-0.04609254411918928,0.2169831600644349,-0.30916824830281336,1,meanSSBwt,0,0
0.686734059251859,0.855771315985278,0.5176968025184399,1,ZM_NorCal,0,1
0.581110022939284,0.8002667603753951,0.36195328550317285,1,ZM_SoCal,0,1
-0.29554433197247465,-0.21722067947609652,-0.37386798446885283,1,sardRec,0,1
0.02658124592315967,0.1141376445511765,-0.06097515270485715,1,anchBioSmrySeas1,0,0
-0.5057899306258502,-0.2953533715290239,-0.7162264897226764,1,summerSST,0,1
-0.17818723238107986,-0.14580693371527317,-0.21056753104688655,1,avgOffTransspring,0,1
0.20876545904057175,0.33125721932604213,0.0862736987551013,1,avgOffTranssummer,0,1
0.14783713266155304,0.16997319424470786,0.12570107107839829,1,sprRelOffTrans,0,1
0.2158276526133191,0.3273573998553668,0.10429790537127148,1,sumRelOffTrans,0,1
-0.2276601740524653,0.05409783351047254,-0.5094181816154031,1,meanK,0,0
0.39154659003999215,0.48860827346378227,0.29448490661620214,1,OC_LUSI_39N,0,1
-0.10287194626746363,0.05398345711347524,-0.25972734964840244,1,sardSpawnHab,0,0
-0.5914784514719336,-0.3820411284934505,-0.8009157744504164,1,sardNurseHab,0,1
-0.7129622886430782,-0.5121055120998487,-0.9138190651863074,1,springSST,0,1
0.2907003796548299,0.39597208831860886,0.18542867099105104,1,randTest,0,1
-0.24403840626190795,-0.3456437119281193,-0.14243310059569655,2,NCOPspring,0,1
-0.11105918350625986,-0.05566172485012577,-0.16645664216239403,2,NCOPsummerlag1,0,1
-0.2545131903440294,-0.41976612679922537,-0.08926025388883341,2,BEUTI_33N,0,1
-0.2323961171416056,-0.29051295380012404,-0.17427928048308716,2,BEUTI_39N,0,1
-0.18106969852162713,-0.23163650865760438,-0.13050288838564988,2,CUTI_33N,0,1
-0.1367077937364164,-0.06863297991981662,-0.2047826075530162,2,CUTI_39N,0,1
-0.17453057123441493,6.23482511444895e-4,-0.34968462498027475,2,OC_LUSI_33N,0,0
0.1364667277431256,0.2592255159566294,0.01370793952962171,2,OC_STI_33N,0,1
0.10251734092935696,0.25666336497582576,-0.0516286831171118,2,RREAS_Myctophids,0,0
0.084156880396142,0.3755014963298382,-0.20718773553755404,2,RREAS_YOYsardine,0,0
0.022336713914546266,0.10535146725272088,-0.06067803942362829,2,age1SprSardmeanWAA,0,0
0.017283932298675975,0.3597952702978465,-0.32522740570049447,2,meanSSBwt,0,0
-0.22637612075955799,-0.08399347159783496,-0.368758769921281,2,ZM_NorCal,0,1
-0.07857376813299502,0.1482324779204374,-0.30538001418642746,2,ZM_SoCal,0,0
0.22845156531231053,0.14635301851327992,0.31055011211134104,2,sardRec,0,1
-0.17094394320776315,-0.17271068373131376,-0.1691772026842126,2,anchBioSmrySeas1,0,1
0.09148546179407366,0.42313910302781643,-0.240168179439669,2,summerSST,0,0
0.205599649598409,0.11789391532899107,0.2933053838678269,2,avgOffTransspring,0,1
-0.019544447059843817,0.07413818436670205,-0.11322707848638969,2,avgOffTranssummer,0,0
-0.2258153546973625,-0.36922824925561376,-0.08240246013911123,2,sprRelOffTrans,0,1
-0.1502811739899545,0.043993017180952665,-0.34455536516086166,2,sumRelOffTrans,0,0
-0.052832561923830845,0.26786676658245145,-0.3735318904301131,2,meanK,0,0
-0.18319911554151413,-0.1479922960605629,-0.21840593502246525,2,OC_LUSI_39N,0,1
-0.049168089143410504,0.1204893524695193,-0.21882553075634031,2,sardSpawnHab,0,0
0.1593467183078806,0.22277944194120744,0.0959139946745537,2,sardNurseHab,0,1
0.19211959127898162,0.41588610566985434,-0.03164692311189118,2,springSST,0,0
-0.01249580359398024,-0.058301130839083865,0.03330952365112343,2,randTest,0,0
0.18045144109071193,0.2555823358985265,0.10532054628289736,3,NCOPspring,0,1
0.2062385799028193,0.38128062897749276,0.031196530828145837,3,NCOPsummerlag1,0,1
-0.08821125207795834,0.4582175237644951,-0.6346400279204119,3,BEUTI_33N,0,0
0.02382158650316832,0.44146105989488527,-0.3938178868885485,3,BEUTI_39N,0,0
-0.061854893083057125,0.37517024242962793,-0.4988800285957422,3,CUTI_33N,0,0
0.00476285150821075,0.3972970345908024,-0.3877713315743808,3,CUTI_39N,0,0
-0.43110003439961164,0.6095048115370321,-1.4717048803362553,3,OC_LUSI_33N,0,0
0.3060571790527115,1.0835101493774892,-0.4713957912720663,3,OC_STI_33N,0,0
-0.2519731952174483,0.18348167429080864,-0.6874280647257052,3,RREAS_Myctophids,0,0
0.32014266337284714,1.1444207665436048,-0.5041354397979105,3,RREAS_YOYsardine,0,0
0.3850988651734001,1.1780273743324197,-0.4078296439856195,3,age1SprSardmeanWAA,0,0
0.5663847453184508,1.7259392228533046,-0.593169732216403,3,meanSSBwt,0,0
-0.11909066013500634,0.5784539157708763,-0.816635236040889,3,ZM_NorCal,0,0
-0.07007244985084396,0.44842591870703774,-0.5885708184087257,3,ZM_SoCal,0,0
-0.04122893373763917,0.3437876280403155,-0.4262454955155938,3,sardRec,0,0
0.024436837398890958,0.4259107949747441,-0.37703712017696217,3,anchBioSmrySeas1,0,0
0.2684645151323628,1.0620080644760324,-0.52507903421130675,3,summerSST,0,0
0.16168990357242458,0.7413635149894139,-0.41798370784456473,3,avgOffTransspring,0,0
0.33303118970175205,0.9296732582463747,-0.2636108788428705,3,avgOffTranssummer,0,0
-0.10343935515499877,0.4113870847196805,-0.6182657950296779,3,sprRelOffTrans,0,0
-0.434427564335133,0.5853938222394479,-1.4542489509097138,3,sumRelOffTrans,0,0
0.2692090069195544,0.9490154981764688,-0.41059748433736,3,meanK,0,0
-0.1217669368031729,0.43509822362557826,-0.678632097231924,3,OC_LUSI_39N,0,0
-0.5006506083415105,0.48732790188485064,-1.4886291185678717,3,sardSpawnHab,0,0
-0.0024605236808261655,0.4618526087801185,-0.4667736561417709,3,sardNurseHab,0,0
0.1473670895020731,0.8811183193304426,-0.5863841403262963,3,springSST,0,0
0.1220827221580523,0.4163025190872659,-0.1721370747711613,3,randTest,0,0
-0.5705999548382839,-0.32932602468011435,-0.8118738849964533,1,NCOPspring,0,1
-0.4873996667411103,-0.22494058340145556,-0.749858750080765,1,NCOPsummerlag1,0,1
-0.1275080664214101,0.3293399816859708,-0.584356114528791,1,BEUTI_33N,0,0
-0.4862095355520101,-0.10566478787039714,-0.866754283233623,1,BEUTI_39N,0,1
-0.2919381145722022,0.08991433468986638,-0.6737905638342708,1,CUTI_33N,0,0
-0.5066813610943943,-0.15969649107838318,-0.8536662311104054,1,CUTI_39N,0,1
-0.2947791003248731,0.4137722297248885,-1.0033304303746347,1,OC_LUSI_33N,0,0
0.243881784781905,0.7933857107401657,-0.30562214117635567,1,OC_STI_33N,0,0
0.13896042285914617,0.4938826952574139,-0.21596184953912162,1,RREAS_Myctophids,0,0
0.38731190132287124,0.970568400066111,-0.19594459742036846,1,RREAS_YOYsardine,0,0
-0.08785163002217643,0.5307145854696994,-0.7064178455140523,1,age1SprSardmeanWAA,0,0
0.12883695871751538,0.9196797114592838,-0.6620057940242532,1,meanSSBwt,0,0
-0.6860870636815241,-0.16396894795873923,-1.208205179404309,1,ZM_NorCal,0,1
-0.5703824230195406,-0.1717784539329155,-0.9689863921061656,1,ZM_SoCal,0,1
0.2854629812202403,0.6157334163430199,-0.044807453902539374,1,sardRec,0,0
-0.013439171800959597,0.3454175387788203,-0.3722958823807396,1,anchBioSmrySeas1,0,0
0.5350138194681628,1.063995661380293,0.006031977556032766,1,summerSST,0,1
0.18776732893127834,0.6504961798439444,-0.2749615219813877,1,avgOffTransspring,0,0
-0.14981077243013602,0.2952483173346284,-0.5948698621949005,1,avgOffTranssummer,0,0
-0.14928530759705144,0.27988127633317,-0.5784518915272727,1,sprRelOffTrans,0,0
-0.2690415248385808,0.4286648522104735,-0.9667479018876352,1,sumRelOffTrans,0,0
0.25726243139975435,0.7640610233517237,-0.24953616055221484,1,meanK,0,0
-0.3863060613939991,0.058256990073515993,-0.8308691128615142,1,OC_LUSI_39N,0,0
0.06868581981654895,0.8649353683709641,-0.7275637287378661,1,sardSpawnHab,0,0
0.5857159519519773,1.0003996291873083,0.17103227471664628,1,sardNurseHab,0,1
0.7163245534508631,1.2462179546192547,0.18643115228247142,1,springSST,0,1
-0.06526599035272765,0.18690538529072326,-0.31743736599617856,1,randTest,0,0
0.2529587107147638,0.14599700876511684,0.3599204126644107,2,NCOPspring,0,1
0.12134630691532071,0.17062836715289895,0.07206424667774253,2,NCOPsummerlag1,0,1
0.25555398180501016,0.5083177909244596,0.00279017268556056,2,BEUTI_33N,0,1
0.24614239671782698,0.44461557035857857,0.047669223077075384,2,BEUTI_39N,0,1
0.18815666051613703,0.44079294378112593,-0.06447962274885188,2,CUTI_33N,0,0
0.15277049013503763,0.4045449253589016,-0.09900394508882632,2,CUTI_39N,0,0
0.1892526145903373,0.9788448777494214,-0.6003396485687469,2,OC_LUSI_33N,0,0
-0.14849138641867798,0.43420603416289455,-0.7311888070002506,2,OC_STI_33N,0,0
-0.09983675819052842,0.2562569219436966,-0.45593043832475344,2,RREAS_Myctophids,0,0
-0.10335753581666432,0.6167932566132106,-0.8235083282465392,2,RREAS_YOYsardine,0,0
-0.03535736705622243,0.45013700772619425,-0.5208517418386391,2,age1SprSardmeanWAA,0,0
-0.031729961552376645,0.8486948551956353,-0.9121547783003886,2,meanSSBwt,0,0
0.245385496465648,0.7473253178066872,-0.25655432487539126,2,ZM_NorCal,0,0
0.08653695235739561,0.5134614508297591,-0.3403875461149679,2,ZM_SoCal,0,0
-0.22375932223276432,-0.04529930339733344,-0.4022193410681952,2,sardRec,0,1
0.17999678802457456,0.42148364879796213,-0.061490072748813046,2,anchBioSmrySeas1,0,0
-0.10852204129815735,0.5587979688142775,-0.775842051410592,2,summerSST,0,0
-0.20854574834618597,0.12977864624016003,-0.5468701429325319,2,avgOffTransspring,0,0
0.018068402858157417,0.44581224740131253,-0.40967544168499764,2,avgOffTranssummer,0,0
0.22551457045926743,0.47517537809445276,-0.02414623717591785,2,sprRelOffTrans,0,0
0.16392554691356234,0.958529544311594,-0.6306784504844694,2,sumRelOffTrans,0,0
0.04472365452773318,0.6059904705772141,-0.5165431615217477,2,meanK,0,0
0.1977635284866343,0.5864030262854513,-0.19087596931218273,2,OC_LUSI_39N,0,0
0.05690360851693704,0.900416467982565,-0.7866092509486908,2,sardSpawnHab,0,0
-0.17557673480609942,0.0855803771762298,-0.43673384678842864,2,sardNurseHab,0,0
-0.21219699687199572,0.3506948929301967,-0.7750888866741883,2,springSST,0,0
0.08789520460678887,0.20436061754272303,-0.02857020832914526,2,randTest,0,0
0.2360517311450538,0.13623901925981005,0.3358644430302975,3,NCOPspring,0,1
0.250758750494695,0.05628291624845225,0.44523458474093774,3,NCOPsummerlag1,0,1
-0.05563759756251467,0.16390257703328515,-0.2751777721583145,3,BEUTI_33N,0,0
0.08793914281210005,0.1388678103208884,0.037010475303311696,3,BEUTI_39N,0,1
-0.037376154890654004,0.03883765968256206,-0.11358996946387007,3,CUTI_33N,0,0
0.06002075888880315,-0.017925728768870837,0.13796724654647707,3,CUTI_39N,0,0
-0.3759357182298526,-0.34939723481262475,-0.40247420164708037,3,OC_LUSI_33N,0,1
0.26718892351584167,0.2807825365427959,0.2535953104888875,3,OC_STI_33N,0,1
-0.27395669625939045,-0.41176257286617557,-0.13615081965260536,3,RREAS_Myctophids,0,1
0.28780098709896074,0.13305178511551108,0.4425501890824101,3,RREAS_YOYsardine,0,1
0.3484813896255554,0.3256802888268365,0.3712824904242744,3,age1SprSardmeanWAA,0,1
0.5020489975632907,0.32528535738496617,0.6788126377416152,3,meanSSBwt,0,1
-0.0319286083734891,-0.10567522855456153,0.04181801180758338,3,ZM_NorCal,0,0
-0.009389342373160886,-0.21373693092585216,0.1949582461795305,3,ZM_SoCal,0,0
-0.11349583646013557,-0.06895739767610898,-0.15803427524416216,3,sardRec,0,1
0.004057397282545248,0.08275991396915192,-0.0746451194040614,3,anchBioSmrySeas1,0,0
0.18992556793803034,-0.027120940575412256,0.4069720764514728,3,summerSST,0,0
0.13594845995208737,0.2963428927789472,-0.02444597287477257,3,avgOffTransspring,0,0
0.33340087834402526,0.30527557891187596,0.36152617777617446,3,avgOffTranssummer,0,1
-0.07768459464113942,0.1185751955546174,-0.2739443848368962,3,sprRelOffTrans,0,0
-0.38848370388230313,-0.389494127107681,-0.3874732806569253,3,sumRelOffTrans,0,1
0.22882596019391657,-0.04590746739991436,0.5035593877877476,3,meanK,0,0
-0.08679911280919281,-0.05381415553192487,-0.11978407008646075,3,OC_LUSI_39N,0,1
-0.5660446925670238,-0.5809359197346221,-0.5511534653994257,3,sardSpawnHab,0,1
-0.08624768650298056,-0.17500107241380092,0.0025056994078397343,3,sardNurseHab,0,0
0.054595939667581195,-0.09085318893148653,0.20004506826664892,3,springSST,0,0
0.001611318338510857,0.027617212006317157,-0.024394575329295412,3,randTest,0,0
0.568038116329289,0.8107511949055114,0.32532503775306676,1,NCOPspring,0,1
0.47936341776017016,0.7034702376114923,0.255256597908848,1,NCOPsummerlag1,0,1
0.13599507311633702,0.13020990206346056,0.14178024416921348,1,BEUTI_33N,0,1
0.4962592205282205,0.5824481867574806,0.41007025429896055,1,BEUTI_39N,0,1
0.2972020175660382,0.3426252052296136,0.25177882990246286,1,CUTI_33N,0,1
0.5069121322529755,0.6166813417109593,0.39714292279499164,1,CUTI_39N,0,1
0.31427160477635463,0.24144024924501892,0.38710296030769037,1,OC_LUSI_33N,0,1
-0.2606074664505661,-0.30118558275296303,-0.22002935014816905,1,OC_STI_33N,0,1
-0.14132505090568515,-0.07337225083236815,-0.20927785097900212,1,RREAS_Myctophids,0,1
-0.4060676171753921,-0.40290177549299383,-0.4092334588577905,1,RREAS_YOYsardine,0,1
0.1255181575091887,0.18824810227650923,0.06278821274186817,1,age1SprSardmeanWAA,0,1
-0.09724976377471593,-0.07918472428708023,-0.1153148032623516,1,meanSSBwt,0,1
0.7054355317774965,0.7563256920228355,0.6545453715321575,1,ZM_NorCal,0,1
0.5861577492106693,0.6785040454616383,0.4938114529597004,1,ZM_SoCal,0,1
-0.29749555153428325,-0.2442617425578827,-0.3507293605106838,1,sardRec,0,1
0.027383430171606035,0.055095767087622816,-3.2890674441071743e-4,1,anchBioSmrySeas1,0,0
-0.5460804319526438,-0.5050739891847669,-0.5870868747205206,1,summerSST,0,1
-0.21230777224729103,-0.24000983289111463,-0.18460571160346742,1,avgOffTransspring,0,1
0.15187966574021194,0.17659549057511978,0.127163840905304,1,avgOffTranssummer,0,1
0.1741046275302881,0.15225584292500852,0.19595341213556772,1,sprRelOffTrans,0,1
0.2784501357236717,0.22523798775526438,0.33166228369207906,1,sumRelOffTrans,0,1
-0.2596539926549893,-0.15052524354760435,-0.36878274176237424,1,meanK,0,1
0.4024170373352071,0.40065791608129897,0.4041761585891155,1,OC_LUSI_39N,0,1
-0.04809219955530181,-0.06552583551774213,-0.03065856359286151,1,sardSpawnHab,0,1
-0.5840448335210674,-0.48476765538371247,-0.6833220116584222,1,sardNurseHab,0,1
-0.7379186180876068,-0.6829953732682312,-0.7928418629069826,1,springSST,0,1
0.020042714852369678,0.011099236771257084,0.028986192933482313,1,randTest,0,1
0.23007222273292285,0.3283781917675975,0.13176625369824818,2,NCOPspring,0,1
0.10203719664932004,0.34553918007293294,-0.14146478677429286,2,NCOPsummerlag1,0,0
0.24362836397939822,0.6784114670588175,-0.19115473910002106,2,BEUTI_33N,0,0
0.2172138965825643,0.5542900730315174,-0.11986227986638887,2,BEUTI_39N,0,0
0.16448322830424658,0.4899424235650696,-0.16097596695657648,2,CUTI_33N,0,0
0.11605219251388599,0.43775341587653877,-0.20564903084876673,2,CUTI_39N,0,0
0.15393228398508332,1.02757593465588,-0.7197113666857133,2,OC_LUSI_33N,0,0
-0.12332199485054635,0.5700410192598765,-0.8166850089609692,2,OC_STI_33N,0,0
-0.10578776316307756,0.36052135776511296,-0.5720968840912679,2,RREAS_Myctophids,0,0
-0.06733444518963522,0.6994841078512724,-0.8341529982305428,2,RREAS_YOYsardine,0,0
-0.013561397711408699,0.7497721229590317,-0.7768949183818492,2,age1SprSardmeanWAA,0,0
0.004965842787775371,1.1224302833679736,-1.1124985977924229,2,meanSSBwt,0,0
0.20768342516291222,0.7928503399006545,-0.37748348957482997,2,ZM_NorCal,0,0
0.0638319232058999,0.5793052559556094,-0.4516414095438096,2,ZM_SoCal,0,0
-0.2199750278070183,0.12664480514987062,-0.5665948607639072,2,sardRec,0,0
0.17432794075397642,0.551990966957218,-0.20333508544926515,2,anchBioSmrySeas1,0,0
-0.06924530294397291,0.6221910279537022,-0.7606816338416481,2,summerSST,0,0
-0.19879153186954007,0.2659421612587219,-0.663525224997802,2,avgOffTransspring,0,0
0.030116722095732934,0.5200146451041909,-0.4597812009127251,2,avgOffTranssummer,0,0
0.22084209957841078,0.6464983545607804,-0.20481415540395886,2,sprRelOffTrans,0,0
0.12340989034737385,0.9140122914397882,-0.6671925107450408,2,sumRelOffTrans,0,0
0.06648592439281524,0.7657615281460315,-0.632789679360401,2,meanK,0,0
0.1740377498556866,0.6935937761808512,-0.3455182764694779,2,OC_LUSI_39N,0,0
0.02568911294962442,0.8817589664376313,-0.8303807405383825,2,sardSpawnHab,0,0
-0.1486913220832877,0.3463529732806652,-0.6437356174472406,2,sardNurseHab,0,0
-0.17301975270642392,0.4813900207196498,-0.8274295261324975,2,springSST,0,0
0.06596934277450693,0.556666676717099,-0.42472799116808524,2,randTest,0,0
0.20193459514048628,0.2882178318611333,0.11565135841983924,3,NCOPspring,0,1
0.24492280818164874,0.20105255023229238,0.2887930661310051,3,NCOPsummerlag1,0,1
-0.043451831264561785,0.16491561932215779,-0.25181928185128133,3,BEUTI_33N,0,0
0.12749703771215246,0.24095358179544077,0.014040493628864115,3,BEUTI_39N,0,1
0.008526842604817442,0.14252699399153632,-0.1254733087819014,3,CUTI_33N,0,0
0.13294032653736204,0.186558596207496,0.07932205686722801,3,CUTI_39N,0,1
-0.3713186664887125,-0.22094260379647407,-0.5216947291809511,3,OC_LUSI_33N,0,1
0.2812056381203122,0.4026454029618545,0.15976587327876973,3,OC_STI_33N,0,1
-0.26553470245451904,-0.28780022833540775,-0.24326917657363045,3,RREAS_Myctophids,0,1
0.26076749211719497,0.25330488681405877,0.2682300974203311,3,RREAS_YOYsardine,0,1
0.4119258630544097,0.5582807217603468,0.2655710043484725,3,age1SprSardmeanWAA,0,1
0.5597302816643678,0.6035616418692372,0.5158989214594982,3,meanSSBwt,0,1
-0.00923790890501619,0.06719604417312504,-0.0856718619831574,3,ZM_NorCal,0,0
0.007746180218872661,-0.03875662205095738,0.054248982488702635,3,ZM_SoCal,0,0
-0.09733511380846033,0.0010330934178877926,-0.19570332103480848,3,sardRec,0,0
0.005424105918364175,0.0949950731101451,-0.08414686127341675,3,anchBioSmrySeas1,0,0
0.15039204200517187,0.09681139166998032,0.20397269234036353,3,summerSST,0,1
0.13807398642867785,0.365629687919969,-0.08948171506261338,3,avgOffTransspring,0,0
0.2981039990853959,0.3690232369045986,0.2271847612661933,3,avgOffTranssummer,0,1
-0.09895274450308554,0.1434717341742821,-0.3413772231804532,3,sprRelOffTrans,0,0
-0.33388090764530676,-0.21588858047360635,-0.45187323481700714,3,sumRelOffTrans,0,1
0.2260037998560115,0.13771094457436683,0.31429665513765603,3,meanK,0,1
-0.10867585281683423,0.024426991419942118,-0.2417786970536106,3,OC_LUSI_39N,0,0
-0.478527561669678,-0.3519092398157828,-0.6051458835235731,3,sardSpawnHab,0,1
-0.020767557377878193,0.041341733607006714,-0.08287684836276318,3,sardNurseHab,0,0
0.04122939963572106,0.0627756417721575,0.019683157499284655,3,springSST,0,1
-0.24083530090167615,-0.11013062906362411,-0.3715399727397283,3,randTest,0,1
-0.5885705418298284,-0.3393718293901309,-0.8377692542695259,1,NCOPspring,0,1
-0.4986808463098278,-0.2286738741185363,-0.7686878185011192,1,NCOPsummerlag1,0,1
-0.1439912105095277,-0.12744800811959628,-0.16053441289945916,1,BEUTI_33N,0,1
-0.501591792058882,-0.3983302621935695,-0.6048533219241946,1,BEUTI_39N,0,1
-0.3001271031306112,-0.2309508631349614,-0.369303343126261,1,CUTI_33N,0,1
-0.5157550447685733,-0.3612631914880827,-0.6702468980490638,1,CUTI_39N,0,1
-0.29051733754604186,-0.21491917324079057,-0.36611550185129327,1,OC_LUSI_33N,0,1
0.243410586043264,0.3194330721870416,0.16738809989948636,1,OC_STI_33N,0,1
0.1482562721441397,0.30740250109428624,-0.010889956806006818,1,RREAS_Myctophids,0,0
0.3827087489227342,0.540308719929649,0.22510877791581935,1,RREAS_YOYsardine,0,1
-0.11054058956835591,0.0669102590714064,-0.2879914382081183,1,age1SprSardmeanWAA,0,0
0.12155226601803476,0.3479795303258576,-0.10487499828978808,1,meanSSBwt,0,0
-0.6937970695524295,-0.5402633406762718,-0.8473307984285873,1,ZM_NorCal,0,1
-0.5762496706979134,-0.3718855743163051,-0.7806137670795219,1,ZM_SoCal,0,1
0.3064137776675777,0.400775702744514,0.21205185259064147,1,sardRec,0,1
-0.014613519623495476,0.03485349740470023,-0.06408053665169114,1,anchBioSmrySeas1,0,0
0.532784073519463,0.7231325741038418,0.3424355729350842,1,summerSST,0,1
0.1980227927954202,0.21436333578435907,0.1816822498064813,1,avgOffTransspring,0,1
-0.16326412693628847,-0.05937580966780383,-0.2671524442047732,1,avgOffTranssummer,0,1
-0.16122841082733125,-0.151008372441202,-0.17144844921346056,1,sprRelOffTrans,0,1
-0.2604980161987449,-0.17505637512804267,-0.3459396572694471,1,sumRelOffTrans,0,1
0.2598867441999834,0.5218606183503463,-0.0020871299503794627,1,meanK,0,0
-0.38649318606082333,-0.3074678429940454,-0.46551852912760133,1,OC_LUSI_39N,0,1
0.10260991681173232,0.23983653050439058,-0.03461669688092597,1,sardSpawnHab,0,0
0.604457006366286,0.8011958805704893,0.40771813216208275,1,sardNurseHab,0,1
0.724254302352795,0.9069179454337025,0.5415906592718871,1,springSST,0,1
-0.16801240415018173,-0.060562983217874095,-0.27546182508248934,1,randTest,0,1
0.22479543085202564,0.12961783029374224,0.3199730314103091,2,NCOPspring,0,1
0.09184177724871583,0.15782101225409578,0.025862542243335895,2,NCOPsummerlag1,0,1
0.2563145522811302,0.130265048357104,0.3823640562051564,2,BEUTI_33N,0,1
0.22662553687327103,0.18710033059995052,0.2661507431465915,2,BEUTI_39N,0,1
0.17631850869154095,0.14452963255264092,0.20810738483044094,2,CUTI_33N,0,1
0.12906038970002492,0.2121764162601944,0.04594436313985539,2,CUTI_39N,0,1
0.19144228669258764,0.3931720766833353,-0.010287503298159889,2,OC_LUSI_33N,0,0
-0.14846385235095863,-0.0025895364136642035,-0.2943381682882531,2,OC_STI_33N,0,1
-0.08880185907061573,0.08211946124643685,-0.2597231793876683,2,RREAS_Myctophids,0,0
-0.09944686093229366,0.22396116940304972,-0.4228548912676369,2,RREAS_YOYsardine,0,0
-0.05339951407053645,0.03868543720163682,-0.14548446534270976,2,age1SprSardmeanWAA,0,0
-0.04750648579357791,0.30618537860387346,-0.4011983501910292,2,meanSSBwt,0,0
0.21648083877478863,0.38544199333821305,0.04751968421136408,2,ZM_NorCal,0,1
0.06256790505391835,0.3127534087251759,-0.18761759861733904,2,ZM_SoCal,0,0
-0.21216488773673284,-0.23291250452796458,-0.1914172709455011,2,sardRec,0,1
0.186288741421623,0.14750725055286334,0.22507023229038264,2,anchBioSmrySeas1,0,1
-0.0938651614416699,0.2529860563335848,-0.4407163792169246,2,summerSST,0,0
-0.2172030251261077,-0.2816966355158863,-0.15270941473632915,2,avgOffTransspring,0,1
0.0013493180958743384,0.10623296950119046,-0.10353433330944178,2,avgOffTranssummer,0,0
0.23101747616360452,0.11028445247799917,0.3517504998492099,2,sprRelOffTrans,0,1
0.1653286567481543,0.38425577897716195,-0.053598465480853355,2,sumRelOffTrans,0,0
0.04566515702552125,0.37838357090901326,-0.2870532568579707,2,meanK,0,0
0.1827500868496595,0.23939694546559503,0.12610322823372389,2,OC_LUSI_39N,0,1
0.07258163589367464,0.3104444096573891,-0.16528113787003973,2,sardSpawnHab,0,0
-0.15222442097098826,-0.08514263580311678,-0.2193062061388598,2,sardNurseHab,0,1
-0.18574467906102973,0.059409767958911675,-0.43089912608097114,2,springSST,0,0
0.0191491955188877,0.025090783177227738,0.013207607860547664,2,randTest,0,1
-0.20118152546807533,-0.11600197000232841,-0.2863610809338223,3,NCOPspring,0,1
-0.2224984168278557,-0.04097040044543945,-0.404026433210272,3,NCOPsummerlag1,0,1
0.045527727313205445,0.5687987773112118,-0.4777433226848008,3,BEUTI_33N,0,0
-0.0546352621702473,0.36208221853036926,-0.47135274287086387,3,BEUTI_39N,0,0
0.04011285907550671,0.4655931653914967,-0.38536744724048333,3,CUTI_33N,0,0
-0.028047058552883267,0.3633121631610565,-0.41940628026682303,3,CUTI_39N,0,0
0.3843147371322637,1.365620379575803,-0.5969909053112757,3,OC_LUSI_33N,0,0
-0.27597456596432857,0.46880551794112224,-1.0207546498697795,3,OC_STI_33N,0,0
0.2528826286943167,0.6797227464007992,-0.17395748901216576,3,RREAS_Myctophids,0,0
-0.31279391199301554,0.5189029004191934,-1.1444907244052245,3,RREAS_YOYsardine,0,0
-0.3579753990194223,0.4022351652492565,-1.1181859632881013,3,age1SprSardmeanWAA,0,0
-0.4991014161467637,0.5584499444423661,-1.5566527767358933,3,meanSSBwt,0,0
0.07425131785101557,0.741319294421348,-0.5928166587193168,3,ZM_NorCal,0,0
0.04648120679295689,0.556839065493695,-0.4638766519077813,3,ZM_SoCal,0,0
0.10630303950354202,0.46513107227463013,-0.25252499326754607,3,sardRec,0,0
0.01297405843506124,0.4488051272716518,-0.42285701040152934,3,anchBioSmrySeas1,0,0
-0.21964158582695378,0.5200569277646009,-0.9593400994185084,3,summerSST,0,0
-0.14777301592193,0.4395140059276607,-0.7350600377715208,3,avgOffTransspring,0,0
-0.3060544185062673,0.23890936024198076,-0.8510181972545153,3,avgOffTranssummer,0,0
0.0825765819984129,0.593215183036348,-0.4280620190395221,3,sprRelOffTrans,0,0
0.38530589279367994,1.3361485873697463,-0.5655368017823865,3,sumRelOffTrans,0,0
-0.2411754401146347,0.41088691793571097,-0.8932377981649804,3,meanK,0,0
0.10647964444784987,0.6613192524041391,-0.4483599635084393,3,OC_LUSI_39N,0,0
0.5660999853901583,1.6467448454263618,-0.5145448746460454,3,sardSpawnHab,0,0
0.05476261232578411,0.49925030812250726,-0.3897250834709391,3,sardNurseHab,0,0
-0.10003494413893305,0.6001362144492838,-0.8002061027271498,3,springSST,0,0
-0.03127458122672795,0.20043246104841175,-0.26298162350186766,3,randTest,0,0
-0.561373293213138,-0.3209214366104311,-0.801825149815845,1,NCOPspring,0,1
-0.4803324606552147,-0.2223071175544433,-0.7383578037559861,1,NCOPsummerlag1,0,1
-0.12983106197398067,0.33560346037525113,-0.5952655843232124,1,BEUTI_33N,0,0
-0.5028393656926361,-0.10973911345581905,-0.8959396179294532,1,BEUTI_39N,0,1
-0.2901584023325958,0.08050950261334894,-0.6608263072785407,1,CUTI_33N,0,0
-0.5115969382573412,-0.17128958442520847,-0.8519042920894738,1,CUTI_39N,0,1
-0.3125056867596072,0.4077428047121222,-1.0327541782313365,1,OC_LUSI_33N,0,0
0.2547964095361742,0.8106041932674344,-0.30101137419508606,1,OC_STI_33N,0,0
0.13700349446067392,0.4796761395707489,-0.20566915064940103,1,RREAS_Myctophids,0,0
0.39991957149540036,0.9606311479894328,-0.16079200499863214,1,RREAS_YOYsardine,0,0
-0.07622224549516432,0.6038673381317298,-0.7563118291220583,1,age1SprSardmeanWAA,0,0
0.1515698219541553,0.9993706979557686,-0.6962310540474581,1,meanSSBwt,0,0
-0.6973551486040054,-0.17674008994217735,-1.2179702072658334,1,ZM_NorCal,0,1
-0.5857358548290903,-0.17710858012762132,-0.9943631295305593,1,ZM_SoCal,0,1
0.3040901694040155,0.6612558500779813,-0.053075511269950054,1,sardRec,0,0
-0.01853678552718307,0.3454093910064373,-0.3824829620608034,1,anchBioSmrySeas1,0,0
0.5459255963949416,1.059900702252225,0.031950490537658235,1,summerSST,0,1
0.19782972285668815,0.6728409232388619,-0.27718147752548566,1,avgOffTransspring,0,0
-0.162313425599996,0.24099488128625235,-0.5656217324862444,1,avgOffTranssummer,0,0
-0.15688437529309457,0.28805136743650284,-0.6018201180226919,1,sprRelOffTrans,0,0
-0.2757359955455928,0.3892584303178753,-0.9407304214090608,1,sumRelOffTrans,0,0
0.27995208370255453,0.8139124955984107,-0.25400832819330177,1,meanK,0,0
-0.38273780130873847,0.05720853708942769,-0.8226841397069047,1,OC_LUSI_39N,0,0
0.06169087222011693,0.7989674677966833,-0.6755857233564493,1,sardSpawnHab,0,0
0.5923923581665184,1.0310738664986763,0.15371084983436067,1,sardNurseHab,0,1
0.7278430509732481,1.2560825127723625,0.19960358917413337,1,springSST,0,1
-0.2856382843513238,0.15149682689065125,-0.7227733955932989,1,randTest,0,0
0.22083146030292328,0.1262431796203855,0.31541974098546105,2,NCOPspring,0,1
0.09645353250113492,0.15205080675997396,0.040856258242295856,2,NCOPsummerlag1,0,1
0.24496781302790005,0.4894551405251748,4.804855306253242e-4,2,BEUTI_33N,0,1
0.22221099543537814,0.4592121541013088,-0.014790163230552406,2,BEUTI_39N,0,0
0.168753378830654,0.422091221414733,-0.08458446375342496,2,CUTI_33N,0,0
0.12276539509370069,0.3966510816775316,-0.15112029149013034,2,CUTI_39N,0,0
0.16981297582753985,1.0956596739700954,-0.756033722315016,2,OC_LUSI_33N,0,0
-0.13061457078905542,0.5520352571013962,-0.813264398679507,2,OC_STI_33N,0,0
-0.09530747253122837,0.29059649507402846,-0.4812114401364852,2,RREAS_Myctophids,0,0
-0.07728003688514198,0.7307185841265029,-0.8852786578967868,2,RREAS_YOYsardine,0,0
-0.044048982532081546,0.608915323318771,-0.6970132883829341,2,age1SprSardmeanWAA,0,0
-0.03180893939936538,1.0787497130234094,-1.14236759182214,2,meanSSBwt,0,0
0.20853509842370166,0.7939021804936912,-0.37683198364628784,2,ZM_NorCal,0,0
0.06582254418190721,0.5788565661478507,-0.4472114777840363,2,ZM_SoCal,0,0
-0.2207217908220268,-0.05373049678555333,-0.38771308485850026,2,sardRec,0,1
0.17186681234159978,0.40678163938131706,-0.0630480146981175,2,anchBioSmrySeas1,0,0
-0.07972397762022504,0.6793962009230021,-0.8388441561634523,2,summerSST,0,0
-0.1991642998092595,0.18309593668649052,-0.5814245363050095,2,avgOffTransspring,0,0
0.022285544411066026,0.434921019461787,-0.39034993063965484,2,avgOffTranssummer,0,0
0.21691163340647032,0.4868203188879262,-0.05299705207498559,2,sprRelOffTrans,0,0
0.13984679027352287,1.0040430415661277,-0.7243494610190817,2,sumRelOffTrans,0,0
0.047544346341739485,0.7602058466423969,-0.6651171539589181,2,meanK,0,0
0.17018201414213022,0.6112540677843475,-0.270890039500087,2,OC_LUSI_39N,0,0
0.044119562786988364,0.9231073985320052,-0.8348682729580283,2,sardSpawnHab,0,0
-0.15001897333582104,0.21949940620312863,-0.5195373528747708,2,sardNurseHab,0,0
-0.17461703775351622,0.48659439141926814,-0.8358284669263005,2,springSST,0,0
0.11385904402312884,0.619838071364455,-0.39211998331819736,2,randTest,0,0
0.24685965476411048,0.1411227716135309,0.3525965379146901,3,NCOPspring,0,1
0.25030375868219895,0.07046380381756637,0.4301437135468316,3,NCOPsummerlag1,0,1
-0.0427423765198161,0.22917122327763467,-0.3146559763172669,3,BEUTI_33N,0,0
0.091371211439765,0.15680450233849297,0.025937920541036996,3,BEUTI_39N,0,1
-0.013942581344429605,0.07610926890448447,-0.1039944315933437,3,CUTI_33N,0,0
0.08258241794701897,0.00881617793274414,0.1563486579612937,3,CUTI_39N,0,1
-0.37647593009797947,-0.3613610878079818,-0.391590772387977,3,OC_LUSI_33N,0,1
0.2675800133251976,0.2712275909870935,0.2639324356633017,3,OC_STI_33N,0,1
-0.2655883203683858,-0.3962185831172863,-0.13495805761948543,3,RREAS_Myctophids,0,1
0.2670987203324529,0.08737424366795254,0.44682319699695316,3,RREAS_YOYsardine,0,1
0.40323118265335667,0.3936846958153631,0.41277766949135014,3,age1SprSardmeanWAA,0,1
0.5493921507641605,0.35908848484864675,0.7396958166796743,3,meanSSBwt,0,1
-0.01813342070686469,-0.10405245854800407,0.06778561713427467,3,ZM_NorCal,0,0
-0.005166575967816611,-0.20788326166878396,0.19755010973315068,3,ZM_SoCal,0,0
-0.09338043633925835,0.038774347030085615,-0.2255352197086024,3,sardRec,0,0
0.010087000724439153,0.13839394448208847,-0.11821994303321012,3,anchBioSmrySeas1,0,0
0.17217215602290675,-0.06625866861249319,0.41060298065830675,3,summerSST,0,0
0.12800067172038831,0.3117816785522312,-0.05578033511145464,3,avgOffTransspring,0,0
0.30181679826234364,0.2792057824045482,0.324427814120139,3,avgOffTranssummer,0,1
-0.07375187987274677,0.16164619384944268,-0.30914995359493624,3,sprRelOffTrans,0,0
-0.3577336512326949,-0.36962557013871017,-0.3458417323266795,3,sumRelOffTrans,0,1
0.2556809983502445,-0.03097869164056133,0.5423406883410503,3,meanK,0,0
-0.07889213628683991,-0.047983036594651834,-0.10980123597902802,3,OC_LUSI_39N,0,1
-0.5200677875094311,-0.5430008929919821,-0.49713468202687994,3,sardSpawnHab,0,1
-0.0578539632903827,-0.15195694100956786,0.03624901442880244,3,sardNurseHab,0,0
0.04302717134963799,-0.12031985518671418,0.20637419788599023,3,springSST,0,0
-0.15576173062312376,-0.1773945075142157,-0.13412895373203187,3,randTest,0,1
-0.6318474917727119,-0.3644207263231549,-0.899274257222269,1,NCOPspring,0,1
-0.5450567610888554,-0.24435180765274028,-0.8457617145249704,1,NCOPsummerlag1,0,1
-0.09011780015492353,0.2987812070098278,-0.47901680731967494,1,BEUTI_33N,0,0
-0.5102602316876655,-0.16136184142467963,-0.8591586219506515,1,BEUTI_39N,0,1
-0.2513913366578852,0.18005947120330107,-0.6828421445190715,1,CUTI_33N,0,0
-0.5055257725228032,-0.10855480190474352,-0.9024967431408627,1,CUTI_39N,0,1
-0.13638322579194145,0.5195825961811411,-0.792349047765024,1,OC_LUSI_33N,0,0
0.12603570379612422,0.628040408246729,-0.37596900065448063,1,OC_STI_33N,0,0
0.2642167655361348,0.6461004116210954,-0.11766688054882567,1,RREAS_Myctophids,0,0
0.25505151049601976,0.8540012235882979,-0.3438982025962584,1,RREAS_YOYsardine,0,0
-0.1472077601988547,0.3524862560253431,-0.6469017764230525,1,age1SprSardmeanWAA,0,0
0.04274550195355137,0.666014915889476,-0.5805239119823733,1,meanSSBwt,0,0
-0.6530831707772083,-0.11912881201178463,-1.187037529542632,1,ZM_NorCal,0,1
-0.5538621077740495,-0.14270181665916373,-0.9650223988889354,1,ZM_SoCal,0,1
0.3258664599376966,0.6281521479694513,0.023580771905941836,1,sardRec,0,1
-0.031351966235026577,0.2801557440936141,-0.3428596765636673,1,anchBioSmrySeas1,0,0
0.4375687017680564,1.0265078954394995,-0.1513704919033865,1,summerSST,0,0
0.13824025738070755,0.46587998611515363,-0.18939947135373847,1,avgOffTransspring,0,0
-0.298816447782601,0.17135229557522,-0.7689851911404221,1,avgOffTranssummer,0,0
-0.12215132619750292,0.19421610815691978,-0.4385187605519256,1,sprRelOffTrans,0,0
-0.07998140751390273,0.6757597852319,-0.8357226002597055,1,sumRelOffTrans,0,0
0.2037941587051803,0.7335344190375288,-0.32594610162716836,1,meanK,0,0
-0.341966863368743,0.05984023538886482,-0.7437739621263508,1,OC_LUSI_39N,0,0
0.25847319440405414,1.0695273424297962,-0.5525809536216879,1,sardSpawnHab,0,0
0.62398745781778,1.0089368035539994,0.2390381120815604,1,sardNurseHab,0,1
0.678011370674164,1.1992926028552287,0.15673013849309933,1,springSST,0,1
-0.13252796684175683,0.3783134819138736,-0.6433694155973874,1,randTest,0,0
0.21607738701558304,0.12462355132139016,0.30753122270977595,2,NCOPspring,0,1
0.08998768615610718,0.15323285960935865,0.026742512702855714,2,NCOPsummerlag1,0,1
0.24382321887769798,0.5522566315528,-0.06461019379740407,2,BEUTI_33N,0,0
0.2128992336122357,0.44760476061204635,-0.02180629338757492,2,BEUTI_39N,0,0
0.18153300892900584,0.6591977799253455,-0.29613176206733394,2,CUTI_33N,0,0
0.1274623160516689,0.5358086822486077,-0.28088405014526974,2,CUTI_39N,0,0
0.14090719335637658,1.068274972059243,-0.7864605853464901,2,OC_LUSI_33N,0,0
-0.10721613345333475,0.5622399008896403,-0.7766721677963098,2,OC_STI_33N,0,0
-0.10635881182161226,0.31995359435502646,-0.532671217998251,2,RREAS_Myctophids,0,0
-0.05868004378516903,0.8042863945198413,-0.9216464820901796,2,RREAS_YOYsardine,0,0
-0.022873857091696828,0.39681949482670403,-0.44256720901009766,2,age1SprSardmeanWAA,0,0
0.01015650287517017,0.7574201669952089,-0.7371071612448684,2,meanSSBwt,0,0
0.19765913037965854,0.834599421979711,-0.43928116122039385,2,ZM_NorCal,0,0
0.04655524526051116,0.49627275685705896,-0.40316226633603663,2,ZM_SoCal,0,0
-0.21290032020606484,-0.020521503948682768,-0.4052791364634469,2,sardRec,0,1
0.17362612117321327,0.44135098761591074,-0.09409874526948417,2,anchBioSmrySeas1,0,0
-0.06394577886303132,0.7833644326695504,-0.9112559903956129,2,summerSST,0,0
-0.17542785381184037,0.09438485311550222,-0.44524056073918283,2,avgOffTransspring,0,0
0.024571819538384776,0.5952460835709427,-0.5461024444941731,2,avgOffTranssummer,0,0
0.19981332379889,0.4256225842097333,-0.025995936611953208,2,sprRelOffTrans,0,0
0.1292157616593143,1.2277349020770634,-0.9693033787584348,2,sumRelOffTrans,0,0
0.06373778512347511,0.6810149287102893,-0.553539358463339,2,meanK,0,0
0.1592307492285556,0.6037165976518641,-0.285255099194753,2,OC_LUSI_39N,0,0
0.055267491853918216,1.1421567603258513,-1.0316217766180147,2,sardSpawnHab,0,0
-0.12843533304428936,0.08349896117024995,-0.34036962725882863,2,sardNurseHab,0,0
-0.15289043292877158,0.4756746701725858,-0.781455536030129,2,springSST,0,0
0.11579928822142307,0.7976553371626157,-0.5660567607197695,2,randTest,0,0
0.06951569150826124,0.04009347052913475,0.09893791248738774,3,NCOPspring,0,1
0.10187254141883714,-0.003399512527660912,0.20714459536533522,3,NCOPsummerlag1,0,0
-0.1309548646839962,0.2774126655125476,-0.53932239488054,3,BEUTI_33N,0,0
-0.05601002890904629,0.11337575182511979,-0.22539580964321235,3,BEUTI_39N,0,0
-0.22247716869273035,0.007252336869084441,-0.4522066742545452,3,CUTI_33N,0,0
-0.15118653254357195,-0.12643216294088255,-0.17594090214626135,3,CUTI_39N,0,1
-0.4663426704094791,-0.27175022931731263,-0.6609351115016456,3,OC_LUSI_33N,0,1
0.333680803274213,0.4750361682795363,0.19232543826888984,3,OC_STI_33N,0,1
-0.24104609282630776,-0.27901556031328023,-0.2030766253393353,3,RREAS_Myctophids,0,1
0.41432112293768675,0.3990526580720737,0.4295895878032998,3,RREAS_YOYsardine,0,1
0.23117476895721956,0.3503794202974852,0.11197011761695397,3,age1SprSardmeanWAA,0,1
0.37951719309596116,0.34812964797890755,0.4109047382130149,3,meanSSBwt,0,1
-0.2565650168524196,-0.18734412407950918,-0.3257859096253301,3,ZM_NorCal,0,1
-0.14315104149697294,-0.2170312187854575,-0.06927086420848838,3,ZM_SoCal,0,1
-0.014741438976245021,0.17433099976263206,-0.2038138777151221,3,sardRec,0,0
0.015674604380868942,0.19914755422656227,-0.16779834546482442,3,anchBioSmrySeas1,0,0
0.38293091908075433,0.29604488238426,0.4698169557772487,3,summerSST,0,1
0.11834444940930394,0.3873074059384888,-0.15061850711988092,3,avgOffTransspring,0,0
0.3300164699445133,0.42820075626700327,0.23183218362202332,3,avgOffTranssummer,0,1
-0.06863857631590432,0.22775903427576735,-0.365036186907576,3,sprRelOffTrans,0,0
-0.5602739664455427,-0.36546034018718015,-0.7550875927039052,3,sumRelOffTrans,0,1
0.2745713495148703,0.14423861032447904,0.4049040887052616,3,meanK,0,1
-0.19318485636852176,-0.04740809763150025,-0.3389616151055432,3,OC_LUSI_39N,0,1
-0.5971661419273366,-0.3810573566282006,-0.8132749272264728,3,sardSpawnHab,0,1
0.011720362552605834,0.06079459960744635,-0.037353874502234694,3,sardNurseHab,0,0
0.24543621215255318,0.22816484654071184,0.26270757776439463,3,springSST,0,1
-0.3401150378818025,-0.18531672819334813,-0.4949133475702568,3,randTest,0,1
-0.6167429282507834,-0.3573679629305261,-0.8761178935710405,1,NCOPspring,0,1
-0.5220998617524346,-0.2382949275076536,-0.8059047959972155,1,NCOPsummerlag1,0,1
-0.11738010808660793,-0.05453098574355801,-0.1802292304296578,1,BEUTI_33N,0,1
-0.5279904007399484,-0.3751990243383557,-0.680781777141541,1,BEUTI_39N,0,1
-0.28408749044834375,-0.18017119755772681,-0.38800378333896074,1,CUTI_33N,0,1
-0.522155760592265,-0.33589399580259505,-0.7084175253819349,1,CUTI_39N,0,1
-0.21299666654983726,-0.05986642458612218,-0.36612690851355245,1,OC_LUSI_33N,0,1
0.1750926913166733,0.31097590503741157,0.039209477595935016,1,OC_STI_33N,0,1
0.21445252033155524,0.41622085765827854,0.012684183004832046,1,RREAS_Myctophids,0,1
0.32705467591655263,0.54195244979763,0.1121569020354754,1,RREAS_YOYsardine,0,1
-0.1313293644186405,0.10276510282652204,-0.365423831663803,1,age1SprSardmeanWAA,0,0
0.06382310761327017,0.3636226663297889,-0.2359764511032486,1,meanSSBwt,0,0
-0.6846003023262787,-0.48480700148728645,-0.8843936031652709,1,ZM_NorCal,0,1
-0.5739444839443908,-0.3384282322195974,-0.8094607356691844,1,ZM_SoCal,0,1
0.3120135196566841,0.4319428589710207,0.1920841803423477,1,sardRec,0,1
-0.042711000936138645,0.08533994357375502,-0.17076194544603232,1,anchBioSmrySeas1,0,0
0.5035685146991777,0.7433958680712299,0.26374116132712566,1,summerSST,0,1
0.17975116147715736,0.25082547751036866,0.10867684544394603,1,avgOffTransspring,0,1
-0.22510950386109407,-0.06854097827443786,-0.3816780294477504,1,avgOffTranssummer,0,1
-0.14281465184756847,-0.07803329525714207,-0.20759600843799492,1,sprRelOffTrans,0,1
-0.17915373264263368,-0.013086681841936842,-0.3452207834433305,1,sumRelOffTrans,0,1
0.22215648896864634,0.5267028218303272,-0.08238984389303458,1,meanK,0,0
-0.37979507540852336,-0.2546849648067569,-0.5049051860102898,1,OC_LUSI_39N,0,1
0.15938189767863653,0.37084508295683755,-0.052081287599564555,1,sardSpawnHab,0,0
0.6042141463220101,0.8356905296197057,0.3727377630243145,1,sardNurseHab,0,1
0.7225373286551054,0.9545731362207949,0.4905015210894163,1,springSST,0,1
-0.2945999470115063,-0.15235877404324977,-0.43684111997976277,1,randTest,0,1
0.23011116596870554,0.13333652460846038,0.3268858073289507,2,NCOPspring,0,1
0.10076856125681076,0.15763026567491528,0.04390685683870624,2,NCOPsummerlag1,0,1
0.24834498422257859,0.05723332412467336,0.4394566443204839,2,BEUTI_33N,0,1
0.2245363424035028,0.14488947302667848,0.30418321178032715,2,BEUTI_39N,0,1
0.17508013368176484,0.09813798059542414,0.2520222867681055,2,CUTI_33N,0,1
0.12626499175095812,0.15844884425219422,0.09408113924972208,2,CUTI_39N,0,1
0.14661016057390008,0.23223339572449397,0.060986925423306276,2,OC_LUSI_33N,0,1
-0.11252396059416889,-0.053499744464883064,-0.17154817672345457,2,OC_STI_33N,0,1
-0.10889258329764051,0.03258012997021603,-0.2503652965654971,2,RREAS_Myctophids,0,0
-0.06080986103866953,0.1539982056345601,-0.2756179277118992,2,RREAS_YOYsardine,0,0
-0.017214180509003474,-0.014177131561025277,-0.020251229456981656,2,age1SprSardmeanWAA,0,1
0.003026815331897581,0.22663999984041303,-0.22058636917661778,2,meanSSBwt,0,0
0.2049163593244684,0.27516617745443017,0.13466654119450666,2,ZM_NorCal,0,1
0.0600077084475881,0.2291375639335904,-0.10912214703841422,2,ZM_SoCal,0,0
-0.21990989608475786,-0.2881958071751116,-0.1516239849944041,2,sardRec,0,1
0.1759690162926655,0.18814627500311942,0.16379175758221157,2,anchBioSmrySeas1,0,1
-0.06811055039485997,0.1816221009482167,-0.31784320173793656,2,summerSST,0,0
-0.19443397804057036,-0.32754727766384856,-0.06132067841729216,2,avgOffTransspring,0,1
0.02720124303469139,0.08574256695434418,-0.031340080884961485,2,avgOffTranssummer,0,0
0.2146964495242575,0.0531161961763843,0.37627670287213066,2,sprRelOffTrans,0,1
0.12588556649629223,0.2406911161146994,0.011080016877885013,2,sumRelOffTrans,0,1
0.06718179414393871,0.32507379618120585,-0.19071020789332838,2,meanK,0,0
0.1693596911978513,0.15406977047806814,0.18464961191763452,2,OC_LUSI_39N,0,1
0.034516222855572154,0.13136875572561346,-0.06233631001446904,2,sardSpawnHab,0,0
-0.14369272057113944,-0.12893057294842292,-0.15845486819385596,2,sardNurseHab,0,1
-0.16821851860307926,-0.02941484572206638,-0.3070221914840922,2,springSST,0,1
0.09943680165199674,0.07427282429989499,0.12460077900409851,2,randTest,0,1
-0.12734482797767033,-0.07378919105435322,-0.18090046490098743,3,NCOPspring,0,1
-0.16868594989259833,-0.004707702170152359,-0.3326641976150443,3,NCOPsummerlag1,0,1
0.11149144721130798,0.6407647642438039,-0.4177818698211879,3,BEUTI_33N,0,0
-0.03139824371684263,0.3290775688363425,-0.3918740562700278,3,BEUTI_39N,0,0
0.12491432948419337,0.6009491820425529,-0.35112052307416614,3,CUTI_33N,0,0
0.02253845316541267,0.39487469271959486,-0.34979778638876957,3,CUTI_39N,0,0
0.4422508340407452,1.4331008633134323,-0.5485991952319418,3,OC_LUSI_33N,0,0
-0.32617497549117813,0.4263352387471133,-1.0786851897294696,3,OC_STI_33N,0,0
0.28045465134072717,0.7743709721433644,-0.21346166946191,3,RREAS_Myctophids,0,0
-0.34444496056152296,0.46335793416623067,-1.1522478552892765,3,RREAS_YOYsardine,0,0
-0.2850104202040785,0.3433704470751036,-0.9133912874832605,3,age1SprSardmeanWAA,0,0
-0.4791786088232935,0.5104953404976594,-1.4688525581442464,3,meanSSBwt,0,0
0.1426772484857145,0.7812267272389629,-0.4958722302675338,3,ZM_NorCal,0,0
0.08845898537814363,0.5744789724977675,-0.3975610017414802,3,ZM_SoCal,0,0
0.040768520277458066,0.3989784620850355,-0.31744142153011934,3,sardRec,0,0
-0.04012793906090141,0.35320640730670194,-0.43346228542850485,3,anchBioSmrySeas1,0,0
-0.2719533864287276,0.46597600511434556,-1.0098827779718007,3,summerSST,0,0
-0.14863952573878503,0.3580904220501945,-0.6553694735277645,3,avgOffTransspring,0,0
-0.333503261909207,0.272739259462068,-0.939745783280482,3,avgOffTranssummer,0,0
0.09878922757232834,0.562996574996568,-0.36541811985191125,3,sprRelOffTrans,0,0
0.4730240989667014,1.5009405115337886,-0.5548923136003858,3,sumRelOffTrans,0,0
-0.2630819814258263,0.38628398808967795,-0.9124479509413305,3,meanK,0,0
0.14647330076807946,0.6746746796851687,-0.38172807814900983,3,OC_LUSI_39N,0,0
0.5403273135228814,1.577754203588042,-0.4970995765422793,3,sardSpawnHab,0,0
-0.0017521019855010478,0.40483806405092354,-0.4083422680219257,3,sardNurseHab,0,0
-0.14741616917647626,0.4970389851022382,-0.7918713234551907,3,springSST,0,0
-0.07075523615770583,0.16075184692769703,-0.30226231924310876,3,randTest,0,0
-0.5584705840916605,-0.3211413032931475,-0.7957998648901734,1,NCOPspring,0,1
-0.47903869831920015,-0.22369896858227845,-0.7343784280561219,1,NCOPsummerlag1,0,1
-0.1297993280463042,0.3463445047691928,-0.6059431608618012,1,BEUTI_33N,0,0
-0.475520666686015,-0.09536976400436101,-0.855671569367669,1,BEUTI_39N,0,1
-0.2883888639583861,0.09813283892998714,-0.6749105668467594,1,CUTI_33N,0,0
-0.5035856055188418,-0.1570126220568488,-0.8501585889808347,1,CUTI_39N,0,1
-0.31080501009449546,0.4075704233508386,-1.0291804435398295,1,OC_LUSI_33N,0,0
0.25744985841831697,0.8181790863679119,-0.3032793695312779,1,OC_STI_33N,0,0
0.12052350291555183,0.4743420283256853,-0.23329502249458167,1,RREAS_Myctophids,0,0
0.39536576394042866,0.9720760799769095,-0.18134455209605205,1,RREAS_YOYsardine,0,0
-0.06257063702382142,0.5579594619892365,-0.6831007360368795,1,age1SprSardmeanWAA,0,0
0.16382716143103437,0.9429700796805195,-0.6153157568184506,1,meanSSBwt,0,0
-0.6840646630870114,-0.1630534557180798,-1.205075870455943,1,ZM_NorCal,0,1
-0.5651382104586616,-0.17410712331826375,-0.9561692975990596,1,ZM_SoCal,0,1
0.2826939283487165,0.6254412406370997,-0.06005338393966678,1,sardRec,0,0
-0.020660509726497845,0.34512833481121435,-0.38644935426421,1,anchBioSmrySeas1,0,0
0.5359810035761143,1.052399017636843,0.019562989515385723,1,summerSST,0,1
0.19248266608299447,0.6679815449019928,-0.28301621273600386,1,avgOffTransspring,0,0
-0.14298528872465643,0.294636040874218,-0.5806066183235309,1,avgOffTranssummer,0,0
-0.14703137762545168,0.29548309894164176,-0.5895458541925451,1,sprRelOffTrans,0,0
-0.27422640888566907,0.41922974336793967,-0.9676825611392778,1,sumRelOffTrans,0,0
0.2840599486491267,0.7824940482507083,-0.2143741509524549,1,meanK,0,0
-0.3839584052790481,0.0609403678063854,-0.8288571783644818,1,OC_LUSI_39N,0,0
0.047022643182737994,0.8374635888680256,-0.7434183025025495,1,sardSpawnHab,0,0
0.576984881929182,0.9831917776232069,0.17077798623515705,1,sardNurseHab,0,1
0.7095560375454649,1.2286821427051724,0.19042993238575728,1,springSST,0,1
0.29386326107923466,0.6297350307249756,-0.04200850856650633,1,randTest,0,0
0.2394050788287835,0.13766680147553778,0.34114335618202923,2,NCOPspring,0,1
0.10892685650555475,0.1636518353093634,0.05420187770174609,2,NCOPsummerlag1,0,1
0.2583807376667071,0.5064108839895993,0.010350591343814747,2,BEUTI_33N,0,1
0.232883152952674,0.432869384463417,0.03289692144193099,2,BEUTI_39N,0,1
0.1845395395913895,0.4424169660534707,-0.07333788687069173,2,CUTI_33N,0,0
0.14030391035099388,0.4132906590582988,-0.13268283835631092,2,CUTI_39N,0,0
0.18729227022944334,1.023625261125118,-0.6490407206662312,2,OC_LUSI_33N,0,0
-0.14643268315187025,0.47937634214951574,-0.7722417084532562,2,OC_STI_33N,0,0
-0.09274683390920128,0.2895683191728247,-0.47506198699122737,2,RREAS_Myctophids,0,0
-0.09560408419397823,0.6631775947057852,-0.8543857630937416,2,RREAS_YOYsardine,0,0
-0.04352736928193168,0.46901821245598,-0.5560729510198434,2,age1SprSardmeanWAA,0,0
-0.04024021984837228,0.8752646953831515,-0.9557451350798962,2,meanSSBwt,0,0
0.23093233792656823,0.7645195883200715,-0.30265491246693516,2,ZM_NorCal,0,0
0.07744863797362188,0.5229611366922892,-0.36806386074504543,2,ZM_SoCal,0,0
-0.2237746054098652,-0.04773600877521027,-0.3998132020445201,2,sardRec,0,1
0.17953644706163838,0.40688006634305873,-0.04780717221978198,2,anchBioSmrySeas1,0,0
-0.0977191032655568,0.6003085948869148,-0.7957468014180284,2,summerSST,0,0
-0.21162323014260495,0.13463230405114374,-0.5578787643363536,2,avgOffTransspring,0,0
0.012260447003837008,0.442922181059087,-0.418401287051413,2,avgOffTranssummer,0,0
0.22727272908679286,0.47367266502343713,-0.01912720684985139,2,sprRelOffTrans,0,0
0.16047688632347307,0.9806760954861677,-0.6597223228392215,2,sumRelOffTrans,0,0
0.042008486757670646,0.6338016542470181,-0.5497846807316769,2,meanK,0,0
0.18737170008556697,0.5950094923804289,-0.22026609220929483,2,OC_LUSI_39N,0,0
0.06063583416925333,0.9341570601823309,-0.8128853918438241,2,sardSpawnHab,0,0
-0.1604356889925881,0.10152145249466635,-0.4223928304798426,2,sardNurseHab,0,0
-0.1952923389115836,0.39275515360681734,-0.7833398314299844,2,springSST,0,0
-0.07210019089715487,0.28064365674741254,-0.4248440385417223,2,randTest,0,0
0.26312332238735014,0.15130567139132953,0.37494097338337073,3,NCOPspring,0,1
0.27043637941095117,0.07396013088460256,0.4669126279372997,3,NCOPsummerlag1,0,1
-0.05019446561819279,0.18573941478397582,-0.28612834602036147,3,BEUTI_33N,0,0
0.10884178570664946,0.15671297423794323,0.06097059717535569,3,BEUTI_39N,0,1
-0.024098740524409273,0.0527823251382768,-0.1009798061870954,3,CUTI_33N,0,0
0.07595286688017032,-0.010046939427031484,0.16195267318737216,3,CUTI_39N,0,0
-0.37193677331114616,-0.3641386377404632,-0.37973490888182926,3,OC_LUSI_33N,0,1
0.2671667232995824,0.2646872839825016,0.2696461626166633,3,OC_STI_33N,0,1
-0.28495146395376814,-0.42902367005819547,-0.14087925784934086,3,RREAS_Myctophids,0,1
0.27794051666802033,0.10400566807581735,0.4518753652602233,3,RREAS_YOYsardine,0,1
0.35275066638051666,0.31975314040169545,0.3857481923593379,3,age1SprSardmeanWAA,0,1
0.48990508317324327,0.29799428236872627,0.6818158839777604,3,meanSSBwt,0,1
-0.00859054415925481,-0.09667556268805495,0.07949447436954526,3,ZM_NorCal,0,0
0.013165330786246127,-0.1889164917289486,0.21524715330144073,3,ZM_SoCal,0,0
-0.12379727208114563,-0.05817802932110974,-0.18941651484118144,3,sardRec,0,1
0.0032507360573390334,0.10478910662274862,-0.09828763450807057,3,anchBioSmrySeas1,0,0
0.17084554202588992,-0.06010488067930353,0.4017959647310835,3,summerSST,0,0
0.12526121322352082,0.2891973877119144,-0.03867496126487274,3,avgOffTransspring,0,0
0.3354695461470396,0.30413479422508494,0.3668042980689943,3,avgOffTranssummer,0,1
-0.06742889723739987,0.13750720503166025,-0.27236499950646,3,sprRelOffTrans,0,0
-0.3781813596407504,-0.3925672085655141,-0.3637955107159868,3,sumRelOffTrans,0,1
0.2127761350266985,-0.06512401251297206,0.4906762825663691,3,meanK,0,0
-0.07388066908001506,-0.05283819050644506,-0.094923147653585,3,OC_LUSI_39N,0,1
-0.5683918626502173,-0.6039157021337277,-0.5328680231667071,3,sardSpawnHab,0,1
-0.11839068700516066,-0.21026079809446135,-0.026520575915860004,3,sardNurseHab,0,1
0.02664956709236896,-0.1326871247790451,0.18598625896378315,3,springSST,0,0
0.07538926637434135,-0.021352562038076894,0.1721310947867596,3,randTest,0,0
0.5623041730734425,0.7996932061185514,0.32491514002833344,1,NCOPspring,0,1
0.4701598743433079,0.7019756312329208,0.2383441174536951,1,NCOPsummerlag1,0,1
0.1566482319350405,0.07482300500325212,0.23847345886682897,1,BEUTI_33N,0,1
0.5126679946546533,0.5216885294167936,0.5036474598925129,1,BEUTI_39N,0,1
0.302843131349036,0.28210152247422665,0.3235847402238454,1,CUTI_33N,0,1
0.53011772232038,0.5779597951714233,0.4822756494693369,1,CUTI_39N,0,1
0.30712664603277917,0.21199872885299847,0.40225456321255976,1,OC_LUSI_33N,0,1
-0.244349980345789,-0.2910764085624751,-0.19762355212910293,1,OC_STI_33N,0,1
-0.13114535462540886,-0.06454712483496246,-0.19774358441585518,1,RREAS_Myctophids,0,1
-0.39945415837675535,-0.4157766896157899,-0.3831316271377207,1,RREAS_YOYsardine,0,1
0.06449767033097341,0.129340000468687,-3.446598067400608e-4,1,age1SprSardmeanWAA,0,0
-0.16975677674332237,-0.15663463101824876,-0.182878922468396,1,meanSSBwt,0,1
0.7029944956154726,0.7092364110838147,0.6967525801471304,1,ZM_NorCal,0,1
0.5830643369309069,0.6606509141181448,0.5054777597436689,1,ZM_SoCal,0,1
-0.2946943434539659,-0.2732421240802587,-0.316146562827673,1,sardRec,0,1
0.01865610490937273,0.028369384190745,0.0089428256280005,1,anchBioSmrySeas1,0,1
-0.5637351148180815,-0.5587090807408215,-0.5687611488953415,1,summerSST,0,1
-0.21149445075078233,-0.283811130754714,-0.1391777707468507,1,avgOffTransspring,0,1
0.12032661273577558,0.10969332425176909,0.13095990121978213,1,avgOffTranssummer,0,1
0.1627446553443909,0.10654976890691131,0.2189395417818705,1,sprRelOffTrans,0,1
0.2998060833208845,0.19575089427691406,0.40386127236485503,1,sumRelOffTrans,0,1
-0.2769612181900877,-0.1591162580794409,-0.39480617830073444,1,meanK,0,1
0.3805886902838554,0.3708511904556533,0.3903261901120575,1,OC_LUSI_39N,0,1
-0.04093782950617847,-0.0972000164717681,0.015324357459411297,1,sardSpawnHab,0,0
-0.5966391480084868,-0.49592229049225134,-0.6973560055247223,1,sardNurseHab,0,1
-0.739777536904735,-0.7226072048015253,-0.7569478690079445,1,springSST,0,1
-0.24833430861373995,-0.32184253826476955,-0.1748260789627104,1,randTest,0,1
0.2181538689077721,0.3102523068617468,0.12605543095379743,2,NCOPspring,0,1
0.08391016231497313,0.3382870960628152,-0.17046677143286892,2,NCOPsummerlag1,0,0
0.27299038614253046,0.7449563157897138,-0.1989755435046529,2,BEUTI_33N,0,0
0.23721711826968417,0.669472987447108,-0.1950387509077397,2,BEUTI_39N,0,0
0.18435668940193092,0.6049248061463941,-0.23621142734253225,2,CUTI_33N,0,0
0.14362211356870933,0.6155365064647509,-0.3282922793273323,2,CUTI_39N,0,0
0.1699806725040963,1.0217959238909646,-0.6818345788827721,2,OC_LUSI_33N,0,0
-0.12504332547794067,0.49358088717162674,-0.7436675381275081,2,OC_STI_33N,0,0
-0.09007709198247205,0.3751939675255722,-0.5553481514905163,2,RREAS_Myctophids,0,0
-0.08474904307715417,0.7272349260448141,-0.8967330121991226,2,RREAS_YOYsardine,0,0
-0.038870656318905725,0.5925141459004943,-0.6702554585383057,2,age1SprSardmeanWAA,0,0
-0.038600241576819155,1.0069770579716186,-1.084177541125257,2,meanSSBwt,0,0
0.21497690011996143,0.8917419736876088,-0.46178817344768597,2,ZM_NorCal,0,0
0.06797197465898089,0.6427317494253795,-0.5067878001074178,2,ZM_SoCal,0,0
-0.2193205060639383,0.11884965029092989,-0.5574906624188065,2,sardRec,0,0
0.17307602624207502,0.5394301643752002,-0.1932781118910502,2,anchBioSmrySeas1,0,0
-0.09628211284356811,0.7433702183199974,-0.9359344440071335,2,summerSST,0,0
-0.21179966988833332,0.2792010714721247,-0.7028004112487913,2,avgOffTransspring,0,0
-0.007022660116699317,0.5967639235822266,-0.6108092438156253,2,avgOffTranssummer,0,0
0.22535635723034955,0.6305813906488223,-0.17986867618812333,2,sprRelOffTrans,0,0
0.162880517339883,1.1136222800525126,-0.7878612453727465,2,sumRelOffTrans,0,0
0.05703923759408931,0.7317405327863404,-0.6176620575981618,2,meanK,0,0
0.16613618606010888,0.6259979110933493,-0.29372553897313164,2,OC_LUSI_39N,0,0
0.07156401856072325,1.0445230490844952,-0.9013950119630488,2,sardSpawnHab,0,0
-0.1496182580190259,0.32030425422510855,-0.6195407702631605,2,sardNurseHab,0,0
-0.18555076886997285,0.5637815195279364,-0.9348830572678821,2,springSST,0,0
-0.19064826043832905,0.37464081532066035,-0.7559373361973185,2,randTest,0,0
0.2925025879583052,0.4159889674725914,0.16901620844401893,3,NCOPspring,0,1
0.3153894851930545,0.3177419674402435,0.31303700294586545,3,NCOPsummerlag1,0,1
-0.10734674182346214,0.2322920116025309,-0.4469854952494552,3,BEUTI_33N,0,0
0.08185451672362652,0.2926735423987663,-0.12896450895151335,3,BEUTI_39N,0,0
-0.043737621662796405,0.16243222946173846,-0.2499074727873313,3,CUTI_33N,0,0
0.05150802903631081,0.1512809144882854,-0.048264856415663804,3,CUTI_39N,0,0
-0.3487715128599496,-0.13804576251611786,-0.5594972632037813,3,OC_LUSI_33N,0,1
0.22844894347525413,0.38651769135721115,0.07038019559329711,3,OC_STI_33N,0,1
-0.2966522864073813,-0.2707030272437842,-0.3226015455709783,3,RREAS_Myctophids,0,1
0.26515004009026366,0.3315431300208629,0.19875695015966444,3,RREAS_YOYsardine,0,1
0.3325682460299027,0.5217698440265132,0.14336664803329216,3,age1SprSardmeanWAA,0,1
0.5051202700621689,0.6325550438992427,0.37768549622509495,3,meanSSBwt,0,1
0.003831841253018331,0.14643425441195976,-0.13877057190592323,3,ZM_NorCal,0,0
0.022347623155933805,0.028116662928718467,0.01657858338314916,3,ZM_SoCal,0,1
-0.11869789069276125,0.047786138412970205,-0.2851819197984927,3,sardRec,0,0
0.015065344163154915,0.14640852298226031,-0.11627783465595047,3,anchBioSmrySeas1,0,0
0.19077483744234086,0.22154196643835322,0.16000770844632844,3,summerSST,0,1
0.1453792419889961,0.42004632687455096,-0.12928784289655879,3,avgOffTransspring,0,0
0.40012531105676685,0.5368671263279379,0.26338349578559583,3,avgOffTranssummer,0,1
-0.07744988909244419,0.200251630656594,-0.35515140884148244,3,sprRelOffTrans,0,0
-0.41606107844826357,-0.20606759319306317,-0.6260545637034642,3,sumRelOffTrans,0,1
0.18236847701205505,0.16650937415403577,0.19822757987007442,3,meanK,0,1
-0.036489846513905855,0.1258800060605324,-0.1988596990883441,3,OC_LUSI_39N,0,0
-0.5892544128612469,-0.35936634526632516,-0.8191424804561688,3,sardSpawnHab,0,1
-0.12390468074270047,-0.003468906021067808,-0.24434045546433314,3,sardNurseHab,0,1
0.024963694357201305,0.12143048706558213,-0.07150309835117946,3,springSST,0,0
0.18710963063763936,0.429643418384745,-0.0554241571094663,3,randTest,0,0
0.5883100175538889,0.8392594671086889,0.33736056799908876,1,NCOPspring,0,1
0.49660052819412354,0.7112427814547648,0.28195827493348236,1,NCOPsummerlag1,0,1
0.13598351332560757,0.08259093948997945,0.18937608716123566,1,BEUTI_33N,0,1
0.5097619424528119,0.5629707111421338,0.4565531737634901,1,BEUTI_39N,0,1
0.30263650869091097,0.3066120180777447,0.2986609993040772,1,CUTI_33N,0,1
0.5193819768207285,0.6047339018894875,0.4340300517519695,1,CUTI_39N,0,1
0.28331583592957543,0.10657561030405133,0.4600560615550996,1,OC_LUSI_33N,0,1
-0.23470454260481474,-0.3575163062899545,-0.11189277891967496,1,OC_STI_33N,0,1
-0.1717212491803451,-0.12325992535595899,-0.22018257300473112,1,RREAS_Myctophids,0,1
-0.3757763682608789,-0.42555809037393083,-0.32599464614782697,1,RREAS_YOYsardine,0,1
0.1610560598151887,0.12840969822578274,0.1937024214045947,1,age1SprSardmeanWAA,0,1
-0.07042647077510972,-0.1522309012856049,0.011377959735385468,1,meanSSBwt,0,0
0.7023127748854818,0.6894226735784,0.7152028761925637,1,ZM_NorCal,0,1
0.5854202075871343,0.6308698739147693,0.5399705412594993,1,ZM_SoCal,0,1
-0.31778065698836694,-0.3228618341242141,-0.3126994798525196,1,sardRec,0,1
0.025588755906956216,0.014632054097934055,0.03654545771597839,1,anchBioSmrySeas1,0,1
-0.5308110300159762,-0.5541113543505212,-0.5075107056814312,1,summerSST,0,1
-0.1980251714695836,-0.2620511221839382,-0.133999220755229,1,avgOffTransspring,0,1
0.18217392361438609,0.18015193443098212,0.18419591279779,1,avgOffTranssummer,0,1
0.16520606955301734,0.1065677613615601,0.2238443777444746,1,sprRelOffTrans,0,1
0.24843926944309008,0.10643052394211656,0.3904480149440636,1,sumRelOffTrans,0,1
-0.2441066646986425,-0.2023463916641504,-0.2858669377331346,1,meanK,0,1
0.39087977657295025,0.33671182921119025,0.44504772393471026,1,OC_LUSI_39N,0,1
-0.059202384183914214,-0.12620901877916568,0.007804250411337255,1,sardSpawnHab,0,0
-0.5827885756453227,-0.524521310447737,-0.6410558408429086,1,sardNurseHab,0,1
-0.7309224084479827,-0.736114168682552,-0.7257306482134133,1,springSST,0,1
0.016623935018957578,-0.010702101633021117,0.04394997167093628,1,randTest,0,0
0.22570887356132857,0.3219872232235644,0.1294305238990928,2,NCOPspring,0,1
0.09760711565969155,0.33509823814227846,-0.13988400682289537,2,NCOPsummerlag1,0,0
0.2477952278356929,0.6564346857186412,-0.1608442300472554,2,BEUTI_33N,0,0
0.2176100005688098,0.5686231260283509,-0.13340312489073125,2,BEUTI_39N,0,0
0.16961080267503442,0.547679301219763,-0.20845769586969423,2,CUTI_33N,0,0
0.11636318892462366,0.4775148828388182,-0.24478850498957092,2,CUTI_39N,0,0
0.15778979813434377,1.3328512879447476,-1.0172716916760598,2,OC_LUSI_33N,0,0
-0.12408020841773984,0.8069144547172369,-1.0550748715527165,2,OC_STI_33N,0,0
-0.11189162201272318,0.35218353358438664,-0.5759667776098331,2,RREAS_Myctophids,0,0
-0.05828069707599148,0.8585117593813467,-0.9750731535333298,2,RREAS_YOYsardine,0,0
-0.012659641474396244,1.0358375724937061,-1.0611568554424984,2,age1SprSardmeanWAA,0,0
0.008929469164860315,1.4375182717274468,-1.419659333397726,2,meanSSBwt,0,0
0.20012539290422715,0.9819044142443649,-0.5816536284359106,2,ZM_NorCal,0,0
0.056455323302289,0.7172340119045608,-0.6043233652999829,2,ZM_SoCal,0,0
-0.22619607803231603,0.11596994896882752,-0.5683621050334596,2,sardRec,0,0
0.1724315281984042,0.5732439650438972,-0.22838090864708882,2,anchBioSmrySeas1,0,0
-0.0647508291292663,0.8585208192968921,-0.9880224775554248,2,summerSST,0,0
-0.19571941380560204,0.28323175189213873,-0.6746705795033427,2,avgOffTransspring,0,0
0.029119534369075974,0.5356714125920934,-0.47743234385394145,2,avgOffTranssummer,0,0
0.22008374881488382,0.6368820272642983,-0.19671452963453073,2,sprRelOffTrans,0,0
0.1267043892948125,1.1664872995211792,-0.9130785209315542,2,sumRelOffTrans,0,0
0.06935200253430865,0.9966747850587869,-0.8579707799901698,2,meanK,0,0
0.16953052293050608,0.8147445953387198,-0.4756835494777076,2,OC_LUSI_39N,0,0
0.036547932371198605,0.9177697226997508,-0.8446738579573536,2,sardSpawnHab,0,0
-0.14039444187065825,0.47887580995873225,-0.7596646937000486,2,sardNurseHab,0,0
-0.164292406446713,0.6911391863986399,-1.019723999292066,2,springSST,0,0
-0.013699783080692751,0.6482235166595479,-0.6756230828209334,2,randTest,0,0
0.20140254941008878,0.28731279639779306,0.11549230242238455,3,NCOPspring,0,1
0.21414106331697944,0.21393109768161472,0.21435102895234415,3,NCOPsummerlag1,0,1
-0.046975689567012806,0.36162757755394365,-0.4555789566879693,3,BEUTI_33N,0,0
0.0837298085724057,0.3015200429795992,-0.13406042583478783,3,BEUTI_39N,0,0
-0.025917087312615633,0.20049314698884674,-0.252327321614078,3,CUTI_33N,0,0
0.09013367344293816,0.18917049760541071,-0.00890315071953443,3,CUTI_39N,0,0
-0.431344535495716,-0.205797649925612,-0.6568914210658201,3,OC_LUSI_33N,0,1
0.3326954208611823,0.5124645123459148,0.15292632937644987,3,OC_STI_33N,0,1
-0.22248632129572546,-0.20351237726856206,-0.24146026532288883,3,RREAS_Myctophids,0,1
0.2684755477585788,0.2642977296703595,0.2726533658467981,3,RREAS_YOYsardine,0,1
0.49184106991183774,0.7281932989117035,0.25548884091197177,3,age1SprSardmeanWAA,0,1
0.5981172913100202,0.6749130773414924,0.5213215052785479,3,meanSSBwt,0,1
-0.07852693504478034,0.021874551574853074,-0.1789284216644137,3,ZM_NorCal,0,0
-0.03971507915194336,-0.07482063873937114,-0.004609519564515607,3,ZM_SoCal,0,1
-0.01880183860044544,0.28351490934167334,-0.3211185865425643,3,sardRec,0,0
0.038571532289330523,0.2341544742546829,-0.1570114096760218,3,anchBioSmrySeas1,0,0
0.2113383645434051,0.1497114941713268,0.2729652349154833,3,summerSST,0,1
0.11809542695438002,0.44234586027524614,-0.20615500636648604,3,avgOffTransspring,0,0
0.2642465952904657,0.3863885803720968,0.14210461020883453,3,avgOffTranssummer,0,1
-0.08426126490681704,0.2921148952569737,-0.4606374250706078,3,sprRelOffTrans,0,0
-0.37933533564500316,-0.1985824177377763,-0.56008825355223,3,sumRelOffTrans,0,1
0.28529783126483205,0.19991062196924314,0.370685040560421,3,meanK,0,1
-0.1361045074738354,0.045920434277712696,-0.3181294492253835,3,OC_LUSI_39N,0,0
-0.3987562870290542,-0.20377499184421335,-0.5937375822138949,3,sardSpawnHab,0,1
0.02784714411549727,0.11441054054835492,-0.058716252317360475,3,sardNurseHab,0,0
0.10167922221153503,0.12896133836712836,0.0743971060559416,3,springSST,0,1
-0.27621435079450596,-0.23567093801796082,-0.316757763571051,3,randTest,0,1
0.5770698432695274,0.8227908744854163,0.33134881205363836,1,NCOPspring,0,1
0.498386992447482,0.6950451475378853,0.30172883735707867,1,NCOPsummerlag1,0,1
0.11307308269507922,0.050344625315206754,0.1758015400749517,1,BEUTI_33N,0,1
0.4875004732313217,0.5170939069041776,0.4579070395584659,1,BEUTI_39N,0,1
0.2853995725596094,0.26283398503855243,0.3079651600806664,1,CUTI_33N,0,1
0.5115614183497946,0.5572950667904647,0.46582776990912445,1,CUTI_39N,0,1
0.2555414911194121,0.041482177073452836,0.4696008051653714,1,OC_LUSI_33N,0,1
-0.21298553528758984,-0.3555406889567909,-0.07043038161838884,1,OC_STI_33N,0,1
-0.15893151541232486,-0.15501621626431927,-0.1628468145603304,1,RREAS_Myctophids,0,1
-0.36469383800345956,-0.4868653186716752,-0.24252235733524388,1,RREAS_YOYsardine,0,1
0.13476510143290504,0.10574751000546406,0.16378269286034594,1,age1SprSardmeanWAA,0,1
-0.08059724647064213,-0.21744525427807973,0.05625076133679538,1,meanSSBwt,0,0
0.6779841574610672,0.6282234851567673,0.727744829765367,1,ZM_NorCal,0,1
0.5734651131700899,0.5807906713906179,0.5661395549495616,1,ZM_SoCal,0,1
-0.2863050446030536,-0.2771333397855257,-0.29547674942058166,1,sardRec,0,1
0.015681347488815823,-0.010227304123251485,0.041589999100883124,1,anchBioSmrySeas1,0,0
-0.5134565708180517,-0.59904623404784,-0.42786690758826357,1,summerSST,0,1
-0.1800086753748437,-0.26709236279460397,-0.09292498795508342,1,avgOffTransspring,0,1
0.18296969897445858,0.12612691720239105,0.2398124807465261,1,avgOffTranssummer,0,1
0.14152042322417235,0.07729487541684582,0.20574597103149894,1,sprRelOffTrans,0,1
0.2247241177727966,0.022196249155365555,0.42725198639022766,1,sumRelOffTrans,0,1
-0.24685990841146743,-0.2495443336654706,-0.24417548315746418,1,meanK,0,1
0.3691163967043256,0.29947890560325874,0.4387538878053925,1,OC_LUSI_39N,0,1
-0.10366595877076196,-0.27242289544192955,0.0650909779004058,1,sardSpawnHab,0,0
-0.5781079457061923,-0.5172182284331326,-0.638997662979252,1,sardNurseHab,0,1
-0.704632237656583,-0.757225558083774,-0.6520389172293922,1,springSST,0,1
-0.12746369379371436,-0.08696479105467453,-0.1679625965327542,1,randTest,0,1
0.26570096800104903,0.37883860049692003,0.15256333550517798,2,NCOPspring,0,1
0.1309389357897599,0.38973178798389624,-0.12785391640437643,2,NCOPsummerlag1,0,0
0.25908385353891544,0.6681398318389918,-0.14997212476116092,2,BEUTI_33N,0,0
0.25444284716555676,0.6226899484902113,-0.11380425415909776,2,BEUTI_39N,0,0
0.19495024405077427,0.5976076297762629,-0.2077071416747144,2,CUTI_33N,0,0
0.15872752384581912,0.5763115135621123,-0.25885646587047406,2,CUTI_39N,0,0
0.19190758478328698,1.2325416119942487,-0.8487264424276748,2,OC_LUSI_33N,0,0
-0.15063918562224768,0.6393549492918317,-0.9406333205363271,2,OC_STI_33N,0,0
-0.1068724336609573,0.4102216396745742,-0.6239665069964888,2,RREAS_Myctophids,0,0
-0.10574539356638693,0.8256065234706371,-1.037097310603411,2,RREAS_YOYsardine,0,0
-0.025073584791823186,0.7725004869162049,-0.8226476564998513,2,age1SprSardmeanWAA,0,0
-0.03174532857232515,1.2077975531368486,-1.2712882102814986,2,meanSSBwt,0,0
0.25979387634771695,0.986864678389977,-0.4672769256945432,2,ZM_NorCal,0,0
0.10458101298625698,0.7307936374864847,-0.5216316115139707,2,ZM_SoCal,0,0
-0.23999121617172917,0.08791122865144389,-0.5678936609949022,2,sardRec,0,0
0.1750007708783295,0.5489108291887475,-0.19890928743208852,2,anchBioSmrySeas1,0,0
-0.1171412521400613,0.7709444382125772,-1.0052269424926996,2,summerSST,0,0
-0.21706630891716974,0.27557984574731,-0.7097124635816494,2,avgOffTransspring,0,0
0.025835529011111302,0.6169114132417031,-0.5652403552194806,2,avgOffTranssummer,0,0
0.23388423371671568,0.6369747972622269,-0.16920632982879566,2,sprRelOffTrans,0,0
0.1644558785583251,1.18416652911682,-0.8552547720001701,2,sumRelOffTrans,0,0
0.03540295120248721,0.869881135248635,-0.7990752328436606,2,meanK,0,0
0.20363915067980695,0.7760001430605674,-0.36872184170095346,2,OC_LUSI_39N,0,0
0.0455249765177847,1.126047735772471,-1.0349977827369017,2,sardSpawnHab,0,0
-0.18816340990418257,0.3142470825771094,-0.6905739023854747,2,sardNurseHab,0,0
-0.2265527121686468,0.5742134642479534,-1.0273188885852471,2,springSST,0,0
0.013384759141337299,0.251145848936826,-0.2243763306541514,2,randTest,0,0
0.17831700646510623,0.2542458376507472,0.10238817527946524,3,NCOPspring,0,1
0.19776811502347216,0.18380919238323457,0.21172703766370976,3,NCOPsummerlag1,0,1
-0.06443410577183815,0.33477068580093094,-0.46363889734460717,3,BEUTI_33N,0,0
0.04606334103211543,0.26065640568636994,-0.1685297236221391,3,BEUTI_39N,0,0
-0.05957584972942624,0.16800357714220945,-0.28715527660106194,3,CUTI_33N,0,0
0.02405774249219661,0.10333501302994466,-0.055219528045551525,3,CUTI_39N,0,0
-0.40632920528880523,-0.15385079043081534,-0.6588076201467953,3,OC_LUSI_33N,0,1
0.2946599876204027,0.49237881658627436,0.09694115865453098,3,OC_STI_33N,0,1
-0.25127210421970553,-0.2355100884897085,-0.2670341199497025,3,RREAS_Myctophids,0,1
0.311294679020912,0.3497037723728185,0.27288558566900556,3,RREAS_YOYsardine,0,1
0.3616026844351743,0.5964780711755251,0.12672729769482333,3,age1SprSardmeanWAA,0,1
0.528375943439239,0.6492738643453604,0.40747802253311755,3,meanSSBwt,0,1
-0.09578600594502756,0.030052379428182494,-0.2216243913182377,3,ZM_NorCal,0,0
-0.05953817582830434,-0.08088612596908948,-0.03819022568751923,3,ZM_SoCal,0,1
-0.07121851641686197,0.1534988030205272,-0.2959358358542512,3,sardRec,0,0
0.014002791897666816,0.22832834229770751,-0.20032275850237385,3,anchBioSmrySeas1,0,0
0.237180867622321,0.21375292056953704,0.2606088146751048,3,summerSST,0,1
0.14382032633105263,0.4713217013645808,-0.18368104870247554,3,avgOffTransspring,0,0
0.3083322973923672,0.44830430296861074,0.16836029181612377,3,avgOffTranssummer,0,1
-0.08945737912068871,0.27541615687861337,-0.4543309151199908,3,sprRelOffTrans,0,0
-0.4053718730876829,-0.18322068570447403,-0.6275230604708917,3,sumRelOffTrans,0,1
0.25928468574694463,0.20815450419882575,0.3104148672950635,3,meanK,0,1
-0.12885969643258688,0.06626444683208568,-0.3239838396972594,3,OC_LUSI_39N,0,0
-0.5222647069687035,-0.2842747462717554,-0.7602546676656516,3,sardSpawnHab,0,1
-0.013775906299346607,0.09513360862768488,-0.12268542122637807,3,sardNurseHab,0,0
0.12399263741098088,0.1826586790604624,0.0653265957614993,3,springSST,0,1
-0.03694151640495423,0.08475275717954138,-0.15863578998944983,3,randTest,0,0
0.5945206710027633,0.8482630841633185,0.3407782578422081,1,NCOPspring,0,1
0.5070199922495979,0.7218151712968798,0.2922248132023159,1,NCOPsummerlag1,0,1
0.1303346600539021,0.10372591458393754,0.15694340552386662,1,BEUTI_33N,0,1
0.5096482608480754,0.5742151396459747,0.4450813820501761,1,BEUTI_39N,0,1
0.2964213305518536,0.3088130861238435,0.2840295749798637,1,CUTI_33N,0,1
0.5196025439171056,0.606743928021746,0.43246115981246536,1,CUTI_39N,0,1
0.2665679804671942,0.13225799917171216,0.4008779617626763,1,OC_LUSI_33N,0,1
-0.2202142831987018,-0.2941243736410539,-0.14630419275634968,1,OC_STI_33N,0,1
-0.1693373174430336,-0.13160767142259613,-0.20706696346347106,1,RREAS_Myctophids,0,1
-0.3716581706676483,-0.4204896213257721,-0.32282672000952445,1,RREAS_YOYsardine,0,1
0.1281311349886931,0.12706262146296904,0.12919964851441718,1,age1SprSardmeanWAA,0,1
-0.08768742766950925,-0.15710574975763403,-0.018269105581384476,1,meanSSBwt,0,1
0.6993145534775209,0.7099356465102048,0.6886934604448371,1,ZM_NorCal,0,1
0.5850814418115333,0.6346929012806851,0.5354699823423814,1,ZM_SoCal,0,1
-0.307911405863248,-0.27043937175055854,-0.3453834399759374,1,sardRec,0,1
0.02345047927590385,0.023994277583316653,0.02290668096849105,1,anchBioSmrySeas1,0,1
-0.5292486157441781,-0.5458092331537769,-0.5126879983345795,1,summerSST,0,1
-0.19443390960073761,-0.24763712490146716,-0.1412306943000081,1,avgOffTransspring,0,1
0.18370814551166215,0.16917380412218305,0.19824248690114132,1,avgOffTranssummer,0,1
0.15246984068929714,0.1268530513353187,0.17808663004327563,1,sprRelOffTrans,0,1
0.23499991916519775,0.11827760949631154,0.35172222883408394,1,sumRelOffTrans,0,1
-0.24389829196568116,-0.20093948443002954,-0.2868570995013328,1,meanK,0,1
0.38524584792804595,0.35970485015728476,0.410786845698807,1,OC_LUSI_39N,0,1
-0.10367170106712906,-0.19778561671596118,-0.009557785418296882,1,sardSpawnHab,0,1
-0.5953547702054861,-0.5041343063574932,-0.6865752340534789,1,sardNurseHab,0,1
-0.729623176931629,-0.7206675512560091,-0.738578802607249,1,springSST,0,1
-0.07167524657395487,-0.09792139317166237,-0.04542909997624736,1,randTest,0,1
0.22309594901555857,0.3183136718477541,0.12787822618336303,2,NCOPspring,0,1
0.09923546962679299,0.3329781925495054,-0.13450725329591945,2,NCOPsummerlag1,0,0
0.23851159068968153,0.6459202714099443,-0.1688970900305813,2,BEUTI_33N,0,0
0.2144523539521481,0.5722084345196596,-0.14330372661536356,2,BEUTI_39N,0,0
0.165284298908963,0.5655315665715914,-0.23496296875366549,2,CUTI_33N,0,0
0.11570221312163498,0.495161316764159,-0.2637568905208889,2,CUTI_39N,0,0
0.1430318261059893,1.19807666250543,-0.9120130102934513,2,OC_LUSI_33N,0,0
-0.10845088706606419,0.6638120744867357,-0.8807138486188641,2,OC_STI_33N,0,0
-0.10332559125672186,0.43273170675601874,-0.6393828892694624,2,RREAS_Myctophids,0,0
-0.05775189598184338,0.8726390812657062,-0.9881428732293931,2,RREAS_YOYsardine,0,0
-0.030959884797575735,0.8967174380499066,-0.9586372076450578,2,age1SprSardmeanWAA,0,0
-0.00962266176237922,1.3502161474477308,-1.369461470972489,2,meanSSBwt,0,0
0.19770841343605006,0.9236730407068547,-0.5282562138347546,2,ZM_NorCal,0,0
0.05741218607567125,0.6931926684100888,-0.5783682962587462,2,ZM_SoCal,0,0
-0.2146123183575716,0.10474983217002111,-0.5339744688851643,2,sardRec,0,0
0.16894775885357988,0.5465095591422925,-0.20861404143513274,2,anchBioSmrySeas1,0,0
-0.0643448324069526,0.8269815057299392,-0.9556711705438442,2,summerSST,0,0
-0.18973349637394,0.3366313074099545,-0.7160983001578345,2,avgOffTransspring,0,0
0.028238116227589316,0.6380785380041356,-0.5816023055489569,2,avgOffTranssummer,0,0
0.20591869511883673,0.6010146228789182,-0.1891772326412448,2,sprRelOffTrans,0,0
0.11495930116208605,1.113675723612975,-0.883757121288803,2,sumRelOffTrans,0,0
0.06080523298416919,0.9591542871423063,-0.8375438211739679,2,meanK,0,0
0.16330409655869293,0.7535356749054555,-0.4269274817880696,2,OC_LUSI_39N,0,0
0.02795716353576605,1.1451383106385513,-1.0892239835670194,2,sardSpawnHab,0,0
-0.1421909680929933,0.39030174280770685,-0.6746836789936935,2,sardNurseHab,0,0
-0.16345089114838252,0.6532914739614117,-0.9801932562581769,2,springSST,0,0
-0.08652005156791483,0.4119352318863211,-0.5849753350221507,2,randTest,0,0
0.1621507971562009,0.23135702760891946,0.09294456670348235,3,NCOPspring,0,1
0.18161775370198846,0.16730017133924135,0.19593533606473562,3,NCOPsummerlag1,0,1
-0.06321804366128429,0.342132147741765,-0.46856823506433354,3,BEUTI_33N,0,0
0.04422232864918865,0.2540915387241231,-0.1656468814257458,3,BEUTI_39N,0,0
-0.05792549838476529,0.1623654172989456,-0.27821641406847614,3,CUTI_33N,0,0
0.04259649180135827,0.12233298962990366,-0.03714000602718709,3,CUTI_39N,0,0
-0.38341258796500244,-0.18477948878501446,-0.5820456871449904,3,OC_LUSI_33N,0,1
0.26584829152861783,0.4163606277117339,0.11533595534550187,3,OC_STI_33N,0,1
-0.2452353915131626,-0.24633231948894851,-0.24413846353737673,3,RREAS_Myctophids,0,1
0.2883568368522307,0.2759098267548875,0.30080384694957385,3,RREAS_YOYsardine,0,1
0.4007002394543443,0.6344834387596641,0.16691704014902453,3,age1SprSardmeanWAA,0,1
0.5462393063418194,0.6284584249153632,0.46402018776827536,3,meanSSBwt,0,1
-0.08894779142528003,0.004754601237753314,-0.1826501840883133,3,ZM_NorCal,0,0
-0.05692421346028484,-0.09270325632335852,-0.02114517059721116,3,ZM_SoCal,0,1
-0.06205332398998188,0.17201313886871775,-0.2961197868486815,3,sardRec,0,0
0.0075776409648231555,0.23681893655249125,-0.22166365462284487,3,anchBioSmrySeas1,0,0
0.21873478609414973,0.14969809476125023,0.2877714774270492,3,summerSST,0,1
0.15201744585288338,0.4699056820657445,-0.16587079035997784,3,avgOffTransspring,0,0
0.29610487108823513,0.4112651203954707,0.1809446217809995,3,avgOffTranssummer,0,1
-0.0835978895108648,0.27271384098861606,-0.43990962001034556,3,sprRelOffTrans,0,0
-0.36609444736741903,-0.2062613209049779,-0.5259275738298601,3,sumRelOffTrans,0,1
0.2745001249586355,0.189849956345995,0.3591502935712759,3,meanK,0,1
-0.12893230606663314,0.04230287155253709,-0.30016748368580337,3,OC_LUSI_39N,0,0
-0.503040138271394,-0.3050243869598248,-0.7010558895829632,3,sardSpawnHab,0,1
0.007941912572924231,0.0975330370821928,-0.08164921193634432,3,sardNurseHab,0,0
0.12095213186112155,0.14177669378885904,0.10012756993338409,3,springSST,0,1
0.17794251616382917,0.3633176017935379,-0.007432569465879585,3,randTest,0,0
-0.5092993197553021,-0.2832912148244983,-0.7353074246861058,1,NCOPspring,0,1
-0.4173714574390335,-0.128926721266283,-0.705816193611784,1,NCOPsummerlag1,0,1
-0.12291475239594195,0.2368623626334025,-0.48269186742528636,1,BEUTI_33N,0,0
-0.4865510434264558,-0.17008108274371675,-0.8030210041091949,1,BEUTI_39N,0,1
-0.3061058008824878,0.15550878058411616,-0.7677203823490916,1,CUTI_33N,0,0
-0.5126988575896065,-0.2042826219342992,-0.821115093244914,1,CUTI_39N,0,1
-0.278976877859189,0.10328512789369841,-0.6612388836120763,1,OC_LUSI_33N,0,0
0.2305757228135958,0.5739239993410178,-0.11277255371382618,1,OC_STI_33N,0,0
0.12112801510055823,0.7130303020571536,-0.47077427185603704,1,RREAS_Myctophids,0,0
0.407734338388379,0.819504659540028,-0.004035982763270149,1,RREAS_YOYsardine,0,0
0.042986066861229716,0.5376515669554219,-0.45167943323296245,1,age1SprSardmeanWAA,0,0
0.3047566311279289,0.9177413844352859,-0.308228122179428,1,meanSSBwt,0,0
-0.6903731294821226,-0.3941869859436055,-0.9865592730206397,1,ZM_NorCal,0,1
-0.5899418402563328,-0.2959950377569836,-0.8838886427556819,1,ZM_SoCal,0,1
0.27046476822200133,0.5076317829722712,0.03329775347173147,1,sardRec,0,1
-0.003966646343155522,0.1794895777284507,-0.1874228704147618,1,anchBioSmrySeas1,0,0
0.5384165587088275,0.7762569942388924,0.30057612317876264,1,summerSST,0,1
0.2058320950450516,0.5926205678731806,-0.18095637778307747,1,avgOffTransspring,0,0
-0.1386215579042939,0.5187640339608038,-0.7960071497693917,1,avgOffTranssummer,0,0
-0.15717460827259613,0.23014387150089505,-0.5444930880460873,1,sprRelOffTrans,0,0
-0.2810392761113932,0.4762340789297353,-1.0383126311525215,1,sumRelOffTrans,0,0
0.3057521318423927,0.6861092028793667,-0.07460493919458158,1,meanK,0,0
-0.3835968679988781,-0.08411512639796696,-0.6830786095997894,1,OC_LUSI_39N,0,1
0.015602556568393051,0.8730478008225386,-0.8418426876857527,1,sardSpawnHab,0,0
0.5766058005894822,1.0566173196665085,0.09659428151245585,1,sardNurseHab,0,1
0.7208860959117139,1.0574657609027969,0.38430643092063105,1,springSST,0,1
-0.10563808793750509,0.2569961654206977,-0.4682723412957079,1,randTest,0,0
0.2756498639495236,0.153326701598555,0.3979730263004923,2,NCOPspring,0,1
0.14219925512530907,0.14383162725812346,0.1405668829924947,2,NCOPsummerlag1,0,1
0.26359251139203843,0.29780312620613036,0.22938189657794655,2,BEUTI_33N,0,1
0.26663153382838717,0.1889286195034403,0.344334448153334,2,BEUTI_39N,0,1
0.23169279377418184,0.4472689991689386,0.016116588379425062,2,CUTI_33N,0,1
0.17903928030313898,0.15751472691935345,0.2005638336869245,2,CUTI_39N,0,1
0.16008712415169454,0.28294538426381743,0.03722886403957168,2,OC_LUSI_33N,0,1
-0.1330440500515444,-0.04139545736157996,-0.2246926427415089,2,OC_STI_33N,0,1
-0.09582527787304498,0.07042873049940157,-0.2620792862454915,2,RREAS_Myctophids,0,0
-0.11458972912132169,-0.11635902321519836,-0.11282043502744502,2,RREAS_YOYsardine,0,1
0.0037318638638805662,0.0658209912929861,-0.058357263565225026,2,age1SprSardmeanWAA,0,0
0.004992831149786714,0.2408782680641247,-0.23089260576455123,2,meanSSBwt,0,0
0.2815432530501288,0.17529734428449686,0.38778916181576073,2,ZM_NorCal,0,1
0.13101422885748137,0.02452569162880608,0.23750276608615672,2,ZM_SoCal,0,1
-0.24160962226830252,-0.42101070118301887,-0.06220854335358611,2,sardRec,0,1
0.16291920476883742,-0.07040849441005909,0.3962469039477339,2,anchBioSmrySeas1,0,0
-0.11248693520726114,-0.306256344356903,0.08128247394238072,2,summerSST,0,0
-0.22631590266097412,-0.07336638593165593,-0.3792654193902923,2,avgOffTransspring,0,1
0.023590804789850095,0.346998932173521,-0.29981732259382093,2,avgOffTranssummer,0,0
0.24183707994475884,0.3728168181074908,0.11085734178202683,2,sprRelOffTrans,0,1
0.17673678335865892,0.5702440962982458,-0.2167705295809279,2,sumRelOffTrans,0,0
0.05398929429073798,-0.02310095057490774,0.13107953915638362,2,meanK,0,0
0.21181672635681184,0.2297713352285115,0.1938621174851122,2,OC_LUSI_39N,0,1
0.06184638025420222,0.5138158311888897,-0.39012307068048524,2,sardSpawnHab,0,0
-0.18966203456932557,-0.07862133533969563,-0.3007027337989555,2,sardNurseHab,0,1
-0.23768066570941693,-0.3011778474464879,-0.174183483972346,2,springSST,0,1
0.09472205693242985,0.2302909813144685,-0.040846867449608804,2,randTest,0,0
0.08843720004949952,0.04919205831599598,0.12768234178300306,3,NCOPspring,0,1
0.02297261493416146,0.06618533585945231,-0.02024010599112938,3,NCOPsummerlag1,0,0
-0.04174483311958774,0.4639953921511386,-0.547485058390314,3,BEUTI_33N,0,0
0.21728321592269598,0.6284435261613127,-0.1938770943159207,3,BEUTI_39N,0,0
-0.150899515495764,0.28326331539617744,-0.5850623463877056,3,CUTI_33N,0,0
0.14449763881886224,0.417573845002561,-0.12857856736483653,3,CUTI_39N,0,0
-0.13971812508647083,0.2743686400353976,-0.5538048902083392,3,OC_LUSI_33N,0,0
0.12103678053498446,0.48601729317708187,-0.243943732107113,3,OC_STI_33N,0,0
-0.42509912112176873,0.5197689084809984,-1.369967150724536,3,RREAS_Myctophids,0,0
0.20139359043012245,0.8690575082681247,-0.4662703274078798,3,RREAS_YOYsardine,0,0
-0.23153973007993267,0.3347545299360972,-0.7978339900959626,3,age1SprSardmeanWAA,0,0
-0.28549465332344276,0.30151427383744955,-0.8725035804843351,3,meanSSBwt,0,0
0.11398321645045863,0.37689355206393527,-0.14892711916301798,3,ZM_NorCal,0,0
0.08601207451532299,0.46596571890358873,-0.29394156987294284,3,ZM_SoCal,0,0
-0.19049689001674064,0.2816373838595191,-0.6626311638930004,3,sardRec,0,0
0.11431376043296348,0.575032870077485,-0.3464053492115581,3,anchBioSmrySeas1,0,0
-6.219974022203811e-4,0.3997603945695177,-0.40100438937395844,3,summerSST,0,0
0.09296959371606256,0.47093446981797654,-0.28499528238585137,3,avgOffTransspring,0,0
0.4307181060546524,1.3118866806246197,-0.45045046851531506,3,avgOffTranssummer,0,0
-0.08316991644160428,0.3519042997265288,-0.5182441326097373,3,sprRelOffTrans,0,0
-0.4308672712091227,0.5826688493477553,-1.4444033917660009,3,sumRelOffTrans,0,0
-0.07680105703715559,0.42966462476029826,-0.5832667388346094,3,meanK,0,0
-0.03066779794105104,0.24134108117701203,-0.30267667705911405,3,OC_LUSI_39N,0,0
-0.5262504397076588,0.5848692110391439,-1.6373700904544615,3,sardSpawnHab,0,0
-0.2699876870050662,0.18252403372288645,-0.7224994077330189,3,sardNurseHab,0,0
-0.14669305037198666,0.17912653031163403,-0.4725126310556073,3,springSST,0,0
-0.15120834742577424,0.22142277297739124,-0.5238394678289398,3,randTest,0,0
-0.5359384208029903,-0.3064749887258451,-0.7654018528801353,1,NCOPspring,0,1
-0.4440171108332782,-0.20897773098542613,-0.6790564906811303,1,NCOPsummerlag1,0,1
-0.1538414147602563,-0.21969795169325215,-0.0879848778272605,1,BEUTI_33N,0,1
-0.4809379002103945,-0.4552396822551953,-0.5066361181655936,1,BEUTI_39N,0,1
-0.29754316384075824,-0.28411372408971713,-0.31097260359179935,1,CUTI_33N,0,1
-0.49731228870797134,-0.4145924405073151,-0.5800321369086274,1,CUTI_39N,0,1
-0.3568176256853456,-0.455006118511908,-0.25862913285878325,1,OC_LUSI_33N,0,1
0.2919578271637145,0.22524442444446446,0.3586712298829645,1,OC_STI_33N,0,1
0.1101267510313179,0.1977691502772919,0.022484351785343935,1,RREAS_Myctophids,0,1
0.42705190053141107,0.43223082554818015,0.42187297551464203,1,RREAS_YOYsardine,0,1
-0.04127690959721879,0.0043962394243219904,-0.0869500586187596,1,age1SprSardmeanWAA,0,0
0.20128670730621853,0.25480798624206286,0.1477654283703742,1,meanSSBwt,0,1
-0.6879669944391285,-0.6551369613185558,-0.7207970275597009,1,ZM_NorCal,0,1
-0.5588628213769702,-0.44389718955885993,-0.6738284531950803,1,ZM_SoCal,0,1
0.28059856536255573,0.3234291539544588,0.2377679767706526,1,sardRec,0,1
-0.03128052094007706,-0.051576611537883316,-0.010984430342270868,1,anchBioSmrySeas1,0,1
0.553894986732899,0.6105419420117013,0.497248031454097,1,summerSST,0,1
0.22217943996985212,0.13865055144080993,0.3057083284988944,1,avgOffTransspring,0,1
-0.10117217130494481,-0.1021022422760142,-0.10024210033387543,1,avgOffTranssummer,0,1
-0.18263292533321324,-0.27356553195674843,-0.09170031870967804,1,sprRelOffTrans,0,1
-0.32969558096908325,-0.4184040317899355,-0.24098713014823112,1,sumRelOffTrans,0,1
0.2899354900172908,0.44399587235667515,0.1358751076779064,1,meanK,0,1
-0.3960863985672189,-0.41323498231978445,-0.3789378148146533,1,OC_LUSI_39N,0,1
-0.0031502421005527304,-0.05161541222748112,0.04531492802637552,1,sardSpawnHab,0,0
0.5707117027382265,0.6889335263823984,0.4524898790940546,1,sardNurseHab,0,1
0.7174029004204547,0.7732700236350373,0.6615357772058721,1,springSST,0,1
0.040105442761663564,0.030523255494735696,0.04968763002859143,1,randTest,0,1
0.2495955265607533,0.14273055115943545,0.35646050196207113,2,NCOPspring,0,1
0.11419464148774316,0.1657262117232967,0.06266307125218962,2,NCOPsummerlag1,0,1
0.2606530606077286,0.09867335042532807,0.42263277079012906,2,BEUTI_33N,0,1
0.2444890943620392,0.16417947375388317,0.3247987149701953,2,BEUTI_39N,0,1
0.17358467782263923,0.10178878494626908,0.24538057069900931,2,CUTI_33N,0,1
0.1415383412705173,0.18514485996241278,0.09793182257862179,2,CUTI_39N,0,1
0.18240095020583738,0.27435526634676133,0.09044663406491327,2,OC_LUSI_33N,0,1
-0.14882758207495358,-0.08281532205032091,-0.21483984209958623,2,OC_STI_33N,0,1
-0.11377778081560234,0.007258700304736215,-0.23481426193594096,2,RREAS_Myctophids,0,0
-0.09385979695380758,0.13292211985837254,-0.3206417137659877,2,RREAS_YOYsardine,0,0
-0.02697830036470969,-0.00730966855209958,-0.046646932177319744,2,age1SprSardmeanWAA,0,1
-0.010833608870748856,0.2222496904414032,-0.24391690818290102,2,meanSSBwt,0,0
0.22844383263116688,0.3210494545540779,0.1358382107082559,2,ZM_NorCal,0,1
0.0680444638243069,0.25492655677524023,-0.11883762912662646,2,ZM_SoCal,0,0
-0.22490223359064784,-0.2577281935604704,-0.1920762736208253,2,sardRec,0,1
0.1940879163443537,0.12401489181876313,0.26416094086994424,2,anchBioSmrySeas1,0,1
-0.09253686094012453,0.16755568305356225,-0.35262940493381123,2,summerSST,0,0
-0.21876382416181178,-0.34746241136948375,-0.09006523695413987,2,avgOffTransspring,0,1
0.015958062165372586,0.06806028409646384,-0.036144159765718664,2,avgOffTranssummer,0,0
0.24397897068342683,0.06673790211089392,0.42122003925595974,2,sprRelOffTrans,0,1
0.15885685750984702,0.2733030038527767,0.044410711166917305,2,sumRelOffTrans,0,1
0.06384168572958804,0.29904804785935546,-0.17136467640017938,2,meanK,0,0
0.18670541853663047,0.18085709195294963,0.19255374512031126,2,OC_LUSI_39N,0,1
0.039198033784423464,0.15699377272400816,-0.07859770515516126,2,sardSpawnHab,0,0
-0.1656748053215158,-0.15109148816287102,-0.1802581224801606,2,sardNurseHab,0,1
-0.19565468311809908,-0.035090637204784454,-0.35621872903141366,2,springSST,0,1
0.051725149702373525,5.220992835622273e-4,0.10292820012118485,2,randTest,0,1
-0.26901045567109144,-0.15383292775577814,-0.38418798358640477,3,NCOPspring,0,1
-0.28878092421772,-0.056204264147939005,-0.521357584287501,3,NCOPsummerlag1,0,1
0.032678341516921894,0.5362141423861765,-0.4708574593523327,3,BEUTI_33N,0,0
-0.10573599678475924,0.32914194466031366,-0.5406139382298321,3,BEUTI_39N,0,0
-0.024706792436502083,0.358164901468831,-0.4075784863418352,3,CUTI_33N,0,0
-0.08829631584690777,0.3370535684189169,-0.5136462001127324,3,CUTI_39N,0,0
0.3703982717286388,1.4023883129432866,-0.6615917694860088,3,OC_LUSI_33N,0,0
-0.2885516549006941,0.5438226401307671,-1.1209259499321553,3,OC_STI_33N,0,0
0.25935605128113587,0.7058275568339893,-0.18711545427171755,3,RREAS_Myctophids,0,0
-0.2836807129913143,0.6277719429911206,-1.1951333689737491,3,RREAS_YOYsardine,0,0
-0.37864832286665895,0.40987952185950566,-1.1671761675928234,3,age1SprSardmeanWAA,0,0
-0.4580574906221915,0.6064062030385796,-1.5225211842829627,3,meanSSBwt,0,0
-0.005717077484158367,0.7013842464004838,-0.7128184013688004,3,ZM_NorCal,0,0
-0.035647098806747324,0.5111063505278204,-0.582400548141315,3,ZM_SoCal,0,0
0.15017951937051993,0.5176159441906372,-0.21725690544959728,3,sardRec,0,0
0.013712561930022335,0.4480046600263502,-0.4205795361663055,3,anchBioSmrySeas1,0,0
-0.1602946567073804,0.6495887215757697,-0.9701780349905307,3,summerSST,0,0
-0.128586576588086,0.4421498599486583,-0.6993230131248303,3,avgOffTransspring,0,0
-0.35797780752797137,0.25852088248064964,-0.9744764975365925,3,avgOffTranssummer,0,0
0.0994331268369523,0.6354759240416357,-0.43660967036773113,3,sprRelOffTrans,0,0
0.38974236935647577,1.4251495234728981,-0.6456647847599465,3,sumRelOffTrans,0,0
-0.15674842441516368,0.5040440852582956,-0.8175409340886228,3,meanK,0,0
0.06112408240543457,0.624434225055825,-0.5021860602449559,3,OC_LUSI_39N,0,0
0.5806272319061101,1.6866763613627576,-0.5254218975505371,3,sardSpawnHab,0,0
0.13878085750282165,0.6045766137839422,-0.327014898778299,3,sardNurseHab,0,0
-0.012198406669699485,0.7335625363328079,-0.7579593496722068,3,springSST,0,0
0.19519977277552597,0.6199544778889581,-0.22955493233790605,3,randTest,0,0
0.5447885131167115,0.7752243227437255,0.3143527034896975,1,NCOPspring,0,1
0.46168426020601333,0.6668628759136868,0.25650564449833996,1,NCOPsummerlag1,0,1
0.1331154237208636,0.5291742967495014,-0.26294344930777414,1,BEUTI_33N,0,0
0.4972648362474313,0.8142518595884334,0.18027781290642905,1,BEUTI_39N,0,1
0.30340553453354335,0.6118803026764164,-0.005069233609329593,1,CUTI_33N,0,0
0.5155365198923244,0.7834045787016746,0.2476684610829742,1,CUTI_39N,0,1
0.31972581321966054,0.8478390699371325,-0.2083874434978114,1,OC_LUSI_33N,0,0
-0.25640666662452544,0.1632919821279411,-0.6761053153769919,1,OC_STI_33N,0,0
-0.13768660527135052,0.13088242687460824,-0.40625563741730925,1,RREAS_Myctophids,0,0
-0.4089200204377354,-0.023569046885295347,-0.7942709939901754,1,RREAS_YOYsardine,0,1
0.10467624296003375,0.6849510934422416,-0.4755986075221742,1,age1SprSardmeanWAA,0,0
-0.1753063304929151,0.3810286430185106,-0.7316413040043408,1,meanSSBwt,0,0
0.701750070904732,1.0869841388925763,0.31651600291688775,1,ZM_NorCal,0,1
0.5903918934581864,0.8622330264745073,0.31855076044186564,1,ZM_SoCal,0,1
-0.29200988365617975,-0.010379355594591938,-0.5736404117177676,1,sardRec,0,1
0.020899401952454016,0.32617874853529955,-0.2843799446303915,1,anchBioSmrySeas1,0,0
-0.553101348233071,-0.21417580004523018,-0.8920268964209118,1,summerSST,0,1
-0.21195548206254095,0.1712231333641845,-0.5951340974892664,1,avgOffTransspring,0,0
0.14686462562058245,0.499903953065786,-0.20617470182462108,1,avgOffTranssummer,0,0
0.16513398320408745,0.5388167619938435,-0.20854879558566858,1,sprRelOffTrans,0,0
0.28216866215105396,0.7889495462616715,-0.22461222195956362,1,sumRelOffTrans,0,0
-0.28304127619006925,0.05919060412533585,-0.6252731565054743,1,meanK,0,0
0.39699691527471465,0.7533224117636097,0.04067141878581984,1,OC_LUSI_39N,0,1
-0.019035576858153158,0.5484145406605148,-0.5864856943768211,1,sardSpawnHab,0,0
-0.5764788312313617,-0.24290985300390205,-0.9100478094588215,1,sardNurseHab,0,1
-0.7361012270989229,-0.3683204723479139,-1.103881981849932,1,springSST,0,1
0.16153470240030407,0.43113652005599284,-0.10806711525538473,1,randTest,0,0
0.2589090167968706,0.36842290607474437,0.1493951275189968,2,NCOPspring,0,1
0.12464937163608812,0.3813488655723133,-0.13205012230013702,2,NCOPsummerlag1,0,0
0.25844006010423853,0.3005956147920025,0.21628450541647457,2,BEUTI_33N,0,1
0.25503862573713637,0.3725692409488805,0.1375080105253922,2,BEUTI_39N,0,1
0.19214797546293189,0.2781853776876023,0.10611057323826145,2,CUTI_33N,0,1
0.1559687713953771,0.3477303506472492,-0.035792807856495086,2,CUTI_39N,0,0
0.18275783459612258,0.5425852064180484,-0.1770695372258032,2,OC_LUSI_33N,0,0
-0.14170113179544178,0.14257422240648954,-0.4259764859973731,2,OC_STI_33N,0,0
-0.11409933500413368,0.21767440615584663,-0.445873076164114,2,RREAS_Myctophids,0,0
-0.09604405154144965,0.36434374872727826,-0.5564318518101776,2,RREAS_YOYsardine,0,0
-0.028497991434112357,0.34266540708981896,-0.3996613899580438,2,age1SprSardmeanWAA,0,0
-0.03226369043409702,0.5357685773523182,-0.6002959582205121,2,meanSSBwt,0,0
0.25233130626637845,0.5638130903333292,-0.05915047780057213,2,ZM_NorCal,0,0
0.0980659597690603,0.44341895476304194,-0.24728703522492138,2,ZM_SoCal,0,0
-0.23808557189488092,-0.09977170334988035,-0.3763994404398815,2,sardRec,0,1
0.18147419663031045,0.28842697128075634,0.0745214219798646,2,anchBioSmrySeas1,0,1
-0.10782579625615021,0.3742360404014702,-0.5898876329137708,2,summerSST,0,0
-0.2163068673394854,-0.16689527230587153,-0.2657184623730992,2,avgOffTransspring,0,1
0.030658187835205714,0.2923610085585905,-0.23104463288817906,2,avgOffTranssummer,0,0
0.23279135932739498,0.2555992972066617,0.20998342144812823,2,sprRelOffTrans,0,1
0.15282879174702985,0.5281361093767443,-0.2224785258826847,2,sumRelOffTrans,0,0
0.04347586869107986,0.5682040481269768,-0.48125231074481695,2,meanK,0,0
0.19944395360733855,0.38438401824038004,0.014503888974296983,2,OC_LUSI_39N,0,1
0.045258477545606635,0.46083649907012636,-0.370319543978913,2,sardSpawnHab,0,0
-0.1794551964936883,0.07428538577682511,-0.4331957787642018,2,sardNurseHab,0,0
-0.21885561170296342,0.1658993974575121,-0.6036106208634389,2,springSST,0,0
0.0626779691591198,0.28144833352411774,-0.15609239520587812,2,randTest,0,0
-0.2582098308269503,-0.3674279769289325,-0.14899168472496818,3,NCOPspring,0,1
-0.278120388847902,-0.2757550640815172,-0.28048571361428687,3,NCOPsummerlag1,0,1
0.013173919503550274,0.3380717247486715,-0.3117238857415709,3,BEUTI_33N,0,0
-0.17442938015094256,0.008851783123448947,-0.3577105434253341,3,BEUTI_39N,0,0
-0.03275163204437103,0.18582759964529866,-0.2513308637340407,3,CUTI_33N,0,0
-0.16041498351642847,0.0040325029274759505,-0.3248624699603329,3,CUTI_39N,0,0
0.3459574471465626,1.0761746108134467,-0.3842597165203213,3,OC_LUSI_33N,0,0
-0.2525301362473259,0.2951080859686479,-0.8001683584632997,3,OC_STI_33N,0,0
0.3089991928966867,0.6290471312992576,-0.011048745505884087,3,RREAS_Myctophids,0,0
-0.23323829108504157,0.3445504598096223,-0.8110270419797053,3,RREAS_YOYsardine,0,0
-0.47659717993843775,0.13665647701743508,-1.0898508368943105,3,age1SprSardmeanWAA,0,0
-0.4640990663407448,0.2778252063142234,-1.2060233389957131,3,meanSSBwt,0,0
-0.04646318624551954,0.3640048308394368,-0.456931203330476,3,ZM_NorCal,0,0
-0.09350093500198942,0.18722825124645887,-0.37423012125043775,3,ZM_SoCal,0,0
0.1564505025356897,0.36595901881168247,-0.053058013740303084,3,sardRec,0,0
-0.0023010125390839006,0.26485772269118874,-0.26945974776935655,3,anchBioSmrySeas1,0,0
-0.12410011954088504,0.38537546063527667,-0.6335756997170467,3,summerSST,0,0
-0.07660880813410342,0.2556622006805176,-0.4088798169487245,3,avgOffTransspring,0,0
-0.35960564191971645,0.052575721224491945,-0.7717870050639248,3,avgOffTranssummer,0,0
0.030285963373424356,0.3256675039558914,-0.2650955772090427,3,sprRelOffTrans,0,0
0.3574262834804113,1.0709002025556387,-0.3560476355948161,3,sumRelOffTrans,0,0
-0.20725867437369616,0.2327300083490372,-0.6472473570964294,3,meanK,0,0
0.05396011798813284,0.4246991484287422,-0.31677891245247647,3,OC_LUSI_39N,0,0
0.5249816794134227,1.2611490053536585,-0.2111856465268132,3,sardSpawnHab,0,0
0.11793747251369469,0.3550387707628704,-0.11916382573548112,3,sardNurseHab,0,0
0.03741555432788393,0.4656261920959883,-0.39079508344022035,3,springSST,0,0
-0.26911175512402924,8.845491540882683e-4,-0.5391080594021467,3,randTest,0,0
0.5293673885948595,0.754289602189635,0.30444517500008395,1,NCOPspring,0,1
0.4542420475570215,0.7018664014687653,0.2066176936452777,1,NCOPsummerlag1,0,1
0.10493901660999007,-0.0030730800932836644,0.21295111331326383,1,BEUTI_33N,0,0
0.46825471370874994,0.5123797027606759,0.42412972465682397,1,BEUTI_39N,0,1
0.2700871021263384,0.25541487825513265,0.28475932599754417,1,CUTI_33N,0,1
0.5020656570516787,0.6236567913264787,0.38047452277687877,1,CUTI_39N,0,1
0.3180825671286355,0.30674655541835066,0.32941857883892023,1,OC_LUSI_33N,0,1
-0.25846927708926853,-0.2488699600660479,-0.26806859411248923,1,OC_STI_33N,0,1
-0.1116253929288043,0.01579717927222844,-0.23904796512983706,1,RREAS_Myctophids,0,0
-0.41819670037851453,-0.2962289485234372,-0.5401644522335919,1,RREAS_YOYsardine,0,1
0.06218674227923174,0.16240090125118772,-0.03802741669272425,1,age1SprSardmeanWAA,0,0
-0.18653413364175972,-0.024736579388885738,-0.34833168789463376,1,meanSSBwt,0,1
0.6801084155914903,0.778264842580505,0.581951988602476,1,ZM_NorCal,0,1
0.5748896079877518,0.7510962981407974,0.3986829178347061,1,ZM_SoCal,0,1
-0.2538973591682512,-0.24197538417226158,-0.26581933416424075,1,sardRec,0,1
0.002765443421228815,-0.004615754640239861,0.010146641482697477,1,anchBioSmrySeas1,0,0
-0.5611688316188134,-0.3914602355583527,-0.7308774276792741,1,summerSST,0,1
-0.18640501767588813,-0.2597278008757978,-0.11308223447597848,1,avgOffTransspring,0,1
0.11882270586111965,0.16899894532037085,0.0686464664018684,1,avgOffTranssummer,0,1
0.13529280440536184,0.04612046852312973,0.2244651402875939,1,sprRelOffTrans,0,1
0.29357939630391633,0.29492510499785696,0.2922336876099757,1,sumRelOffTrans,0,1
-0.30289003649812746,-0.06860107247144459,-0.5371790005248103,1,meanK,0,1
0.37743924845058213,0.39270653370385333,0.36217196319731093,1,OC_LUSI_39N,0,1
-0.0213956106274365,0.013152859677876383,-0.055944080932749274,1,sardSpawnHab,0,0
-0.5709876436722977,-0.42033674467237336,-0.721638542672222,1,sardNurseHab,0,1
-0.7188735743303808,-0.5729420800051411,-0.8648050686556206,1,springSST,0,1
-0.1209913777579755,-0.035689775800740176,-0.20629297971521082,1,randTest,0,1
-0.275086827134199,-0.39196810736194787,-0.15820554690645014,2,NCOPspring,0,1
-0.14223520253262595,-0.10850403960669872,-0.17596636545855315,2,NCOPsummerlag1,0,1
-0.2566950613588743,-0.38766001719045895,-0.1257301055272896,2,BEUTI_33N,0,1
-0.26107910630940667,-0.2784660421204979,-0.24369217049831543,2,BEUTI_39N,0,1
-0.20704485471231432,-0.21388237203491584,-0.2002073373897128,2,CUTI_33N,0,1
-0.17370518135694366,-0.04611710830299247,-0.30129325441089483,2,CUTI_39N,0,1
-0.19541457734253156,0.19057381791277128,-0.5814029725978345,2,OC_LUSI_33N,0,0
0.15167752270122226,0.431436973121967,-0.1280819277195226,2,OC_STI_33N,0,0
0.09987111632002982,0.3292726598768577,-0.129530427236798,2,RREAS_Myctophids,0,0
0.11804092243045874,0.6021432483535185,-0.366061403492601,2,RREAS_YOYsardine,0,0
0.02084453932505438,0.19466927726701835,-0.15298019861690978,2,age1SprSardmeanWAA,0,0
0.03738632813336332,0.5748588464642779,-0.5000861901975513,2,meanSSBwt,0,0
-0.27776376708956624,-0.01316239815915865,-0.5423651360199737,2,ZM_NorCal,0,1
-0.1277463272009304,0.17806714360963818,-0.433559798011499,2,ZM_SoCal,0,0
0.24231626410012588,0.2026223604643574,0.2820101677358944,2,sardRec,0,1
-0.1629871638946624,-0.17056372206260229,-0.15541060572672255,2,anchBioSmrySeas1,0,1
0.13528115353640674,0.6334165317665583,-0.3628542246937447,2,summerSST,0,0
0.2144660973123853,0.2141974594143988,0.21473473521037176,2,avgOffTransspring,0,1
-0.025619678197093154,0.1787071281770771,-0.22994648457126338,2,avgOffTranssummer,0,0
-0.22642233428631234,-0.3207131922229769,-0.1321314763496478,2,sprRelOffTrans,0,1
-0.17334093556998145,0.2342909084534372,-0.5809727795934002,2,sumRelOffTrans,0,0
-0.020617029628265976,0.4059831397954908,-0.44721719905202273,2,meanK,0,0
-0.20982309204546257,-0.07573041407206245,-0.3439157700188627,2,OC_LUSI_39N,0,1
-0.04962769774789663,0.3521401205540504,-0.45139551604984357,2,sardSpawnHab,0,0
0.20173518484358519,0.31203707800693425,0.09143329168023613,2,sardNurseHab,0,1
0.24411917209614034,0.6054913076371098,-0.11725296344482927,2,springSST,0,0
-0.045683079203294744,0.05332164646502108,-0.1446878048716106,2,randTest,0,0
0.28490158157107415,0.4059530399046009,0.16385012323754738,3,NCOPspring,0,1
0.2854401795861172,0.48963845166743447,0.08124190750480002,3,NCOPsummerlag1,0,1
-0.04858038400343014,0.5294258631418699,-0.6265866311487301,3,BEUTI_33N,0,0
0.1319106211862388,0.5715393383835703,-0.3077180960110927,3,BEUTI_39N,0,0
-0.01405461735192344,0.48000303658903654,-0.5081122712928835,3,CUTI_33N,0,0
0.1020592661877328,0.5360672908939759,-0.3319487585185103,3,CUTI_39N,0,0
-0.3555685928343882,0.7333843277879987,-1.4445215134567753,3,OC_LUSI_33N,0,0
0.25072743444353895,1.0730063419190707,-0.5715514730319928,3,OC_STI_33N,0,0
-0.29114625866364585,0.2005857564032538,-0.7828782737305455,3,RREAS_Myctophids,0,0
0.2560567668262492,1.1580451929074456,-0.645931659254947,3,RREAS_YOYsardine,0,0
0.35116234625261056,1.1412671646138577,-0.4389424721086367,3,age1SprSardmeanWAA,0,0
0.48236357772995586,1.6359441594515094,-0.6712170039915977,3,meanSSBwt,0,0
0.026729728010833426,0.7604020389595737,-0.7069425829379069,3,ZM_NorCal,0,0
0.04317319927638716,0.5974978285769418,-0.5111514300241675,3,ZM_SoCal,0,0
-0.13279322384779513,0.27111394345201206,-0.5367003911476023,3,sardRec,0,0
0.01599722149123861,0.4458098856808186,-0.41381544269834136,3,anchBioSmrySeas1,0,0
0.14852432274078334,0.9707979479738666,-0.6737493024922999,3,summerSST,0,0
0.11511209447565435,0.7372612144160477,-0.5070370254647389,3,avgOffTransspring,0,0
0.35347597430595634,0.9939526793974524,-0.28700073078553956,3,avgOffTranssummer,0,0
-0.0625400351545368,0.4791069502879244,-0.6041870205969979,3,sprRelOffTrans,0,0
-0.3748868838105218,0.7133232990496302,-1.4630970666706737,3,sumRelOffTrans,0,0
0.19824258183057683,0.9120860989735518,-0.5156009353123983,3,meanK,0,0
-0.054635857257688075,0.5578751087504615,-0.6671468232658376,3,OC_LUSI_39N,0,0
-0.5656406531848749,0.6021600503341663,-1.733441356703916,3,sardSpawnHab,0,0
-0.13161679176440932,0.3615223115537033,-0.624755895082522,3,sardNurseHab,0,0
-0.007311085645577559,0.7549286932888859,-0.769550864580041,3,springSST,0,0
0.029521255546722025,0.3625653678529501,-0.3035228567595061,3,randTest,0,0
-0.5708959972017934,-0.3295807772504994,-0.8122112171530873,1,NCOPspring,0,1
-0.48989019762092584,-0.24514038987324863,-0.7346400053686031,1,NCOPsummerlag1,0,1
-0.1356296047052081,0.2026086883848533,-0.4738678977952695,1,BEUTI_33N,0,0
-0.4875426620914056,-0.1521974562633795,-0.8228878679194316,1,BEUTI_39N,0,1
-0.29408168598800355,-9.062062569766272e-4,-0.5872571657190305,1,CUTI_33N,0,1
-0.5030203725448064,-0.20278463821497245,-0.8032561068746402,1,CUTI_39N,0,1
-0.3192203222192278,0.21150187639498552,-0.8499425208334411,1,OC_LUSI_33N,0,0
0.25846977463612003,0.6704303106583952,-0.15349076138615517,1,OC_STI_33N,0,0
0.13383136334389453,0.3884171792377717,-0.12075445254998257,1,RREAS_Myctophids,0,0
0.4112549970686141,0.8960237224771365,-0.07351372833990817,1,RREAS_YOYsardine,0,0
-0.07878221641502095,0.3870317736521421,-0.5445962064821839,1,age1SprSardmeanWAA,0,0
0.14052679158623313,0.7637859046234485,-0.4827323214509822,1,meanSSBwt,0,0
-0.6882908672698178,-0.25322264787649995,-1.1233590866631358,1,ZM_NorCal,0,1
-0.5690885528380112,-0.22559511411661834,-0.912581991559404,1,ZM_SoCal,0,1
0.28565585499960244,0.5520745854017827,0.019237124597422273,1,sardRec,0,1
-0.03790876647039364,0.26812488071147456,-0.3439424136522618,1,anchBioSmrySeas1,0,0
0.5478792351943753,0.9893800353744475,0.10637843501430314,1,summerSST,0,1
0.21520181379961162,0.6172937228673157,-0.18689009526809253,1,avgOffTransspring,0,0
-0.13746117413142392,0.17813252913673297,-0.45305487739958084,1,avgOffTranssummer,0,0
-0.16745522280853412,0.19082780591661685,-0.525738251533685,1,sprRelOffTrans,0,0
-0.2905662904613314,0.21883239253353592,-0.7999649734561988,1,sumRelOffTrans,0,0
0.2615704446089122,0.6710235148338101,-0.14788262561598567,1,meanK,0,0
-0.3887480944362779,-0.036622240981045134,-0.7408739478915107,1,OC_LUSI_39N,0,1
0.07298916938252742,0.7064184393737509,-0.560440100608696,1,sardSpawnHab,0,0
0.5872779715397943,0.9624304616015036,0.21212548147808527,1,sardNurseHab,0,1
0.7241935617002123,1.189042190261497,0.25934493313892754,1,springSST,0,1
-0.05925821776843289,0.2544442033322408,-0.3729606388691066,1,randTest,0,0
0.2306134852437586,0.13313418220415185,0.3280927882833653,2,NCOPspring,0,1
0.09286199099121104,0.15983837361503736,0.025885608367384738,2,NCOPsummerlag1,0,1
0.25464818598789707,0.5131407346991099,-0.0038443627233158417,2,BEUTI_33N,0,0
0.2335987298791403,0.45484081842937485,0.012356641328905793,2,BEUTI_39N,0,1
0.17555143767016138,0.3729666106168091,-0.021863735276486274,2,CUTI_33N,0,0
0.1327361907069642,0.3509336615189306,-0.08546128010500215,2,CUTI_39N,0,0
0.19933351677918767,0.7055206235628145,-0.30685359000443924,2,OC_LUSI_33N,0,0
-0.1522973290156188,0.22374579927903587,-0.5283404573102735,2,OC_STI_33N,0,0
-0.0957243338071159,0.11545092104954544,-0.3068995886637772,2,RREAS_Myctophids,0,0
-0.11496612908320994,0.39793434731136085,-0.6278666054777806,2,RREAS_YOYsardine,0,0
-0.04563558197863847,0.2738808999180859,-0.3651520638753628,2,age1SprSardmeanWAA,0,0
-0.052804158501237236,0.5371330511914154,-0.6427413681938897,2,meanSSBwt,0,0
0.22584228901654996,0.6032957415075442,-0.15161116347444428,2,ZM_NorCal,0,0
0.07258082415651967,0.4047156584002308,-0.25955401008719137,2,ZM_SoCal,0,0
-0.2134730392556337,-0.02526364363971534,-0.4016824348715521,2,sardRec,0,1
0.20221217295610275,0.43735454582194455,-0.032930199909739,2,anchBioSmrySeas1,0,0
-0.10682371726879064,0.36765339538508035,-0.5813008299226617,2,summerSST,0,0
-0.2323601350307526,0.07218704717246904,-0.5369073172339742,2,avgOffTransspring,0,0
0.002206775021840912,0.25655523249595463,-0.2521416824522728,2,avgOffTranssummer,0,0
0.2410459127167754,0.4994885105179955,-0.017396685084444696,2,sprRelOffTrans,0,0
0.17295803703602644,0.665911885597733,-0.3199958115256799,2,sumRelOffTrans,0,0
0.04886959286365719,0.43482332365144427,-0.33708413792412995,2,meanK,0,0
0.1872599895040322,0.47013146841744724,-0.09561148940938283,2,OC_LUSI_39N,0,0
0.07543663928369959,0.6549289269196015,-0.5040556483522022,2,sardSpawnHab,0,0
-0.16039149369903238,0.09079354901251685,-0.4115765364105816,2,sardNurseHab,0,0
-0.20160851780193975,0.2408508168815903,-0.6440678524854698,2,springSST,0,0
0.07953859660093672,0.33595226789310156,-0.1768750746912281,2,randTest,0,0
0.24596146361649426,0.14199463781446173,0.34992828941852677,3,NCOPspring,0,1
0.3087836073875986,0.04903183229747574,0.5685353824777214,3,NCOPsummerlag1,0,1
-0.02083852756623976,-0.05112913499031804,0.009452079857838497,3,BEUTI_33N,0,0
0.06775107724378533,0.01667563464625392,0.11882651984131679,3,BEUTI_39N,0,1
-0.004710527764198863,-0.04013043387611459,0.030709378347716837,3,CUTI_33N,0,0
0.056928319773180996,-0.05945394861859345,0.1733105881649554,3,CUTI_39N,0,0
-0.3541273130847289,-0.38947211179269836,-0.3187825143767594,3,OC_LUSI_33N,0,1
0.24627502004867732,0.20592568748537546,0.28662435261197916,3,OC_STI_33N,0,1
-0.2255872581073426,-0.37411603490290696,-0.07705848131177821,3,RREAS_Myctophids,0,1
0.3083179523616253,0.16396059705708588,0.4526753076661646,3,RREAS_YOYsardine,0,1
0.30934978233456356,0.17099350912858968,0.44770605554053744,3,age1SprSardmeanWAA,0,1
0.50469483594355935,0.3016453413100746,0.707744330577044,3,meanSSBwt,0,1
-0.034196819923244054,-0.13833395498066436,0.0699403151341762,3,ZM_NorCal,0,0
-0.026260446746366323,-0.2192743507564858,0.16675345726375318,3,ZM_SoCal,0,0
-0.12199676482272404,-0.21157998802559772,-0.032413541619850356,3,sardRec,0,1
-0.05524723316961302,-0.08870511049651594,-0.021789355842710023,3,anchBioSmrySeas1,0,1
0.20023210517515194,0.02018388793445841,0.3802803224158454,3,summerSST,0,1
0.1702832604396903,0.20711014110053527,0.13345637977884536,3,avgOffTransspring,0,1
0.2944344578859412,0.21358375517904968,0.37528516059283284,3,avgOffTranssummer,0,1
-0.09459553031170588,-0.07159422222405801,-0.11759683839935381,3,sprRelOffTrans,0,1
-0.3525456654996593,-0.402786031633085,-0.3023052993662336,3,sumRelOffTrans,0,1
0.2183922530312663,-0.04065762594514005,0.4774421320076727,3,meanK,0,0
-0.07872163752563946,-0.11435321974782706,-0.04309005530345186,3,OC_LUSI_39N,0,1
-0.6074414865213916,-0.7153449228665185,-0.49953805017626485,3,sardSpawnHab,0,1
-0.06621646921150924,-0.20426876987680348,0.071835831453785,3,sardNurseHab,0,0
0.08623833096684677,-0.05581732841856624,0.2282939903522598,3,springSST,0,0
-0.2094973920593606,-0.2519609777206404,-0.16703380639808083,3,randTest,0,1
0.5641061315165092,0.8024666200804803,0.3257456429525383,1,NCOPspring,0,1
0.477595012855087,0.7373418715091475,0.21784815420102654,1,NCOPsummerlag1,0,1
0.14006977437926427,0.12430542105767164,0.1558341277008568,1,BEUTI_33N,0,1
0.48984628078941916,0.5683293357361581,0.41136322584268037,1,BEUTI_39N,0,1
0.2984309153223352,0.3430849298173574,0.2537769008273128,1,CUTI_33N,0,1
0.5036772919900994,0.6336400469663522,0.37371453701384655,1,CUTI_39N,0,1
0.30180469995621995,0.3176694976404315,0.28593990227200833,1,OC_LUSI_33N,0,1
-0.24556676004689726,-0.21478328013902345,-0.276350239954771,1,OC_STI_33N,0,1
-0.14156377193041608,-0.0036525050866341256,-0.27947503877419805,1,RREAS_Myctophids,0,1
-0.38502293656326875,-0.27770110993406194,-0.4923447631924756,1,RREAS_YOYsardine,0,1
0.08303731273464798,0.20877703465992942,-0.04270240919063345,1,age1SprSardmeanWAA,0,0
-0.14795911629199007,0.009525315876543039,-0.3054435484605232,1,meanSSBwt,0,0
0.6851131594298417,0.7970478611215586,0.5731784577381249,1,ZM_NorCal,0,1
0.5641409732664683,0.7359208273175962,0.39236111921534034,1,ZM_SoCal,0,1
-0.29470492426540157,-0.22118608768482795,-0.3682237608459752,1,sardRec,0,1
0.024268943273169453,0.05395496530093527,-0.005417078754596377,1,anchBioSmrySeas1,0,0
-0.5301846659630649,-0.38662777607901566,-0.673741555847114,1,summerSST,0,1
-0.2024781811369868,-0.2245694177076532,-0.18038694456632046,1,avgOffTransspring,0,1
0.14857980181422326,0.21940074016715394,0.07775886346129256,1,avgOffTranssummer,0,1
0.16357056946303422,0.14188088163878207,0.18526025728728646,1,sprRelOffTrans,0,1
0.27072677046706206,0.2996880656298,0.24176547530432402,1,sumRelOffTrans,0,1
-0.271717955222122,-0.051569755182823473,-0.4918661552614205,1,meanK,0,1
0.3887959353573873,0.43314592266652924,0.34444594804824546,1,OC_LUSI_39N,0,1
-0.06743116792094217,0.005681113171709606,-0.14054344901359406,1,sardSpawnHab,0,0
-0.5838549334086645,-0.4197331123836001,-0.747976754433729,1,sardNurseHab,0,1
-0.7139497618579241,-0.5762839096101002,-0.8516156141057482,1,springSST,0,1
-0.03016631710300609,0.0416504674046011,-0.10198310161061329,1,randTest,0,0
-0.2729883586353642,-0.38833835201634836,-0.15763836525438,2,NCOPspring,0,1
-0.13192168275705196,-0.09221143739937657,-0.17163192811472744,2,NCOPsummerlag1,0,1
-0.2668754653400049,-0.42356559533130206,-0.11018533534870775,2,BEUTI_33N,0,1
-0.26423680495377483,-0.34525497891671464,-0.18321863099083505,2,BEUTI_39N,0,1
-0.18818554127808362,-0.25265067723203766,-0.12372040532412965,2,CUTI_33N,0,1
-0.15943828273017116,-0.13290433293005904,-0.18597223253028325,2,CUTI_39N,0,1
-0.1857923369124534,-0.10119057489726152,-0.2703940989276452,2,OC_LUSI_33N,0,1
0.14419398426479763,0.20024511635383208,0.0881428521757632,2,OC_STI_33N,0,1
0.12232416326862941,0.24217872947714786,0.0024695970601109063,2,RREAS_Myctophids,0,1
0.0995659842945244,0.3037898117592133,-0.10465784317016447,2,RREAS_YOYsardine,0,0
0.03042150394719184,0.03256361459310042,0.028279393301283165,2,age1SprSardmeanWAA,0,1
0.028922554007977636,0.2400746405472306,-0.18222953253127533,2,meanSSBwt,0,0
-0.2537239112415645,-0.178473226198205,-0.32897459628492387,2,ZM_NorCal,0,1
-0.08961704319489754,0.07520848677432408,-0.2544425731641191,2,ZM_SoCal,0,0
0.2385744268946262,0.18978270474388187,0.2873661490453706,2,sardRec,0,1
-0.19657234803449158,-0.2551314608858112,-0.138013235183172,2,anchBioSmrySeas1,0,1
0.11056204993389554,0.3414945002709128,-0.12037040040312165,2,summerSST,0,0
0.22868128717287403,0.10498020769978778,0.35238236664596023,2,avgOffTransspring,0,1
-0.029841622487181835,0.01250330452705492,-0.07218654950141859,2,avgOffTranssummer,0,0
-0.24503471903855767,-0.40101018494400675,-0.08905925313310861,2,sprRelOffTrans,0,1
-0.1552400152471665,-0.049074677500003716,-0.26140535299432943,2,sumRelOffTrans,0,1
-0.04668524657133449,0.18968195459445364,-0.2830524477371226,2,meanK,0,0
-0.2022252409845819,-0.21008294251283927,-0.19436753945632454,2,OC_LUSI_39N,0,1
-0.03224973725606603,0.07790304566813722,-0.14240252018026933,2,sardSpawnHab,0,0
0.1903395817481323,0.1968428916251284,0.1838362718711361,2,sardNurseHab,0,1
0.22311251093862589,0.36061850915748095,0.0856065127197708,2,springSST,0,1
0.08871407573469785,0.057237889136111914,0.12019026233328382,2,randTest,0,1
0.22441256205234777,0.3192370727997985,0.12958805130489706,3,NCOPspring,0,1
0.2527913573735243,0.46082853362662946,0.044754181120419186,3,NCOPsummerlag1,0,1
-0.0531978414386531,0.4454811847275869,-0.5518768676048931,3,BEUTI_33N,0,0
0.08728593923462365,0.48641653441205596,-0.31184465594280864,3,BEUTI_39N,0,0
-0.03370333025311789,0.3790225163197122,-0.446429176825948,3,CUTI_33N,0,0
0.06382820953128897,0.4480617228579474,-0.3204053037953694,3,CUTI_39N,0,0
-0.37643853704753205,0.5676737932612086,-1.3205508673562727,3,OC_LUSI_33N,0,0
0.26806511403749655,0.9821820371795318,-0.4460518091045386,3,OC_STI_33N,0,0
-0.2717956687545875,0.17844113191571487,-0.7220324694248899,3,RREAS_Myctophids,0,0
0.28727427509719516,1.094906627546123,-0.5203580773517325,3,RREAS_YOYsardine,0,0
0.3580700666492552,1.0903903753785114,-0.3742502420800009,3,age1SprSardmeanWAA,0,0
0.4997285459268399,1.5575700670840384,-0.5581129752303582,3,meanSSBwt,0,0
-0.03094255070470278,0.6134322605438615,-0.6753173619532671,3,ZM_NorCal,0,0
-0.004558292234410344,0.5056997495628529,-0.5148163340316736,3,ZM_SoCal,0,0
-0.11449369919140195,0.23991195532745646,-0.4688993537102603,3,sardRec,0,0
-0.008422226195872781,0.41448446739672706,-0.4313289197884726,3,anchBioSmrySeas1,0,0
0.18424237164474108,0.9135904203790873,-0.5451056770896051,3,summerSST,0,0
0.1382162024094158,0.6843563952045173,-0.4079239903856857,3,avgOffTransspring,0,0
0.3258046504517653,0.8722234345382447,-0.2206141336347141,3,avgOffTranssummer,0,0
-0.0785488233243929,0.40305934083753475,-0.5601569874863206,3,sprRelOffTrans,0,0
-0.3807274525505939,0.5397607218515905,-1.3012156269527786,3,sumRelOffTrans,0,0
0.2267294260735427,0.9017789802433787,-0.44832012809629324,3,meanK,0,0
-0.08823503538768415,0.44739641519354834,-0.6238664859689167,3,OC_LUSI_39N,0,0
-0.5715473692900301,0.4690389172637329,-1.612133655843793,3,sardSpawnHab,0,0
-0.08756117451842832,0.3553217131572063,-0.5304440621940629,3,sardNurseHab,0,0
0.05201305869136991,0.7320126335681842,-0.6279865161854445,3,springSST,0,0
-0.012013499140383976,0.25252147581105866,-0.2765484740918266,3,randTest,0,0
0.5784125290377097,0.8268376279473025,0.3299874301281167,1,NCOPspring,0,1
0.4812687405653335,0.6983888101826626,0.26414867094800426,1,NCOPsummerlag1,0,1
0.14786674607415826,0.13188627970680294,0.16384721244151357,1,BEUTI_33N,0,1
0.5025513938670544,0.5637674219460563,0.44133536578805244,1,BEUTI_39N,0,1
0.3048067374597071,0.33574312790726313,0.27387034701215107,1,CUTI_33N,0,1
0.5111673384106726,0.5975142619311041,0.42482041489024125,1,CUTI_39N,0,1
0.3120414380520623,0.19960716771145542,0.4244757083926691,1,OC_LUSI_33N,0,1
-0.25663361759686104,-0.3275585008569262,-0.18570873433679586,1,OC_STI_33N,0,1
-0.16206906065130708,-0.09024673105364221,-0.23389139024897193,1,RREAS_Myctophids,0,1
-0.3867138219488828,-0.404753723746493,-0.3686739201512726,1,RREAS_YOYsardine,0,1
0.0901389509201398,0.14033167202518482,0.03994622981509478,1,age1SprSardmeanWAA,0,1
-0.11908439651310354,-0.14548253752220786,-0.0926862555039992,1,meanSSBwt,0,1
0.697649952511689,0.7198247943365726,0.6754751106868055,1,ZM_NorCal,0,1
0.574254612909016,0.6452397397797679,0.5032694860382642,1,ZM_SoCal,0,1
-0.3119344697585525,-0.2729879816082604,-0.3508809579088446,1,sardRec,0,1
0.03689317181949646,0.039809785864399816,0.03397655777459313,1,anchBioSmrySeas1,0,1
-0.5290924121816976,-0.5118782459479354,-0.5463065784154597,1,summerSST,0,1
-0.20955378196837993,-0.24182525187665033,-0.17728231206010958,1,avgOffTransspring,0,1
0.1683308414919664,0.2017363322241244,0.13492535075980838,1,avgOffTranssummer,0,1
0.18035548636308904,0.14986479630903224,0.2108461764171458,1,sprRelOffTrans,0,1
0.2650297683296024,0.1923098307327769,0.3377497059264279,1,sumRelOffTrans,0,1
-0.24647380280186088,-0.16114719526762528,-0.33180041033609653,1,meanK,0,1
0.39936866927641,0.3755804865384727,0.42315685201434733,1,OC_LUSI_39N,0,1
-0.05845422153644195,-0.10173618408091335,-0.015172258991970444,1,sardSpawnHab,0,1
-0.5820675116924698,-0.49342204968474956,-0.6707129737001902,1,sardNurseHab,0,1
-0.7259963844485684,-0.7003078634266089,-0.7516849054705278,1,springSST,0,1
-0.005333434350012357,-0.014537471756798953,0.0038706030567742383,1,randTest,0,0
0.222570929899729,0.31816395822974886,0.12697790156970906,2,NCOPspring,0,1
0.09026572467829114,0.33042442299951624,-0.14989297364293397,2,NCOPsummerlag1,0,0
0.2491183149153511,0.6753781951493647,-0.17714156531866238,2,BEUTI_33N,0,0
0.219249439976214,0.5878125719938779,-0.14931369204145,2,BEUTI_39N,0,0
0.1636265949922719,0.5190826975997939,-0.1918295076152501,2,CUTI_33N,0,0
0.11859224725302968,0.5022696145919218,-0.2650851200858624,2,CUTI_39N,0,0
0.17479408881631417,1.2259210739589066,-0.8763328963262781,2,OC_LUSI_33N,0,0
-0.13811131314263975,0.6786837431138728,-0.9549063693991524,2,OC_STI_33N,0,0
-0.11740008137191996,0.2861367944243804,-0.5209369571682202,2,RREAS_Myctophids,0,0
-0.06558926139420371,0.7760940482087275,-0.9072725709971348,2,RREAS_YOYsardine,0,0
-0.03614971511703624,0.7269521553085007,-0.7992515855425733,2,age1SprSardmeanWAA,0,0
-0.028047236896584254,1.2362848998429814,-1.2923793736361497,2,meanSSBwt,0,0
0.20114097447775853,0.8892618266183667,-0.4869798776628497,2,ZM_NorCal,0,0
0.05150079173343006,0.6390275058383581,-0.536025922371498,2,ZM_SoCal,0,0
-0.21926711980236635,0.1176999828470127,-0.5562342224517454,2,sardRec,0,0
0.1884143729575652,0.5756348818059347,-0.19880613589080434,2,anchBioSmrySeas1,0,0
-0.06377042848274567,0.7160826914123732,-0.8436235483778646,2,summerSST,0,0
-0.19964451456017948,0.27024431673390326,-0.6695333458542623,2,avgOffTransspring,0,0
0.03316089449173584,0.4643709525543373,-0.3980491635708656,2,avgOffTranssummer,0,0
0.22704361941566248,0.6612988801649515,-0.20721164133362652,2,sprRelOffTrans,0,0
0.12749836065137068,0.9905468823424868,-0.7355501610397452,2,sumRelOffTrans,0,0
0.06942075050331631,0.84652491986395,-0.7076834188573172,2,meanK,0,0
0.17756699791340996,0.7761910751720313,-0.4210570793452114,2,OC_LUSI_39N,0,0
0.03982490723750923,0.9999959688633064,-0.920346154388288,2,sardSpawnHab,0,0
-0.1436642782769744,0.38633881331350195,-0.6736673698674507,2,sardNurseHab,0,0
-0.16648758165954033,0.5946710982203025,-0.9276462615393832,2,springSST,0,0
-0.1084079545657675,0.29762472949246677,-0.5144406386240018,2,randTest,0,0
0.17894612339319185,0.2558025298016078,0.1020897169847759,3,NCOPspring,0,1
0.20923537701966188,0.17684959958422283,0.2416211544551009,3,NCOPsummerlag1,0,1
-0.046925260359580556,0.24627300596785912,-0.34012352668702023,3,BEUTI_33N,0,0
0.05186775260942384,0.22927842522914224,-0.12554292001029452,3,BEUTI_39N,0,0
-0.029600901634691507,0.14387944295043623,-0.2030812462198192,3,CUTI_33N,0,0
0.04018948229868245,0.10014091025858746,-0.019761945661222607,3,CUTI_39N,0,0
-0.4365197570820774,-0.22636731917459307,-0.6466721949895616,3,OC_LUSI_33N,0,1
0.32722152476618815,0.49412892755313687,0.16031412197923953,3,OC_STI_33N,0,1
-0.19580955692815794,-0.2004435879335813,-0.19117552592273457,3,RREAS_Myctophids,0,1
0.28959217254198155,0.2919788378666284,0.28720550721733473,3,RREAS_YOYsardine,0,1
0.3641783792646194,0.55086648043132,0.17749027809791876,3,age1SprSardmeanWAA,0,1
0.582444117548921,0.6750926363494925,0.48979559874834944,3,meanSSBwt,0,1
-0.08809473458754362,0.003356924863719829,-0.179546394038807,3,ZM_NorCal,0,0
-0.052253058120518364,-0.10366340404349078,-8.427121975458918e-4,3,ZM_SoCal,0,1
-0.06230511464606841,0.11454772139492307,-0.23915795068705983,3,sardRec,0,0
-0.018491129746286646,0.17245278101275668,-0.2094350405053299,3,anchBioSmrySeas1,0,0
0.20083248701549172,0.14763075147151006,0.2540342225594735,3,summerSST,0,1
0.13637956087523406,0.4070092605106036,-0.13425013876013542,3,avgOffTransspring,0,0
0.23722089252402706,0.3192257573888762,0.15521602765917786,3,avgOffTranssummer,0,1
-0.10668501675860592,0.202757121081411,-0.4161271545986229,3,sprRelOffTrans,0,0
-0.3494461787758693,-0.20172999347729015,-0.4971623640744485,3,sumRelOffTrans,0,1
0.2566643344383009,0.17058365473695952,0.3427450141396423,3,meanK,0,1
-0.1537809688649368,0.011642308740536622,-0.31920424647041024,3,OC_LUSI_39N,0,0
-0.4913556039471198,-0.3228163817643232,-0.6598948261299165,3,sardSpawnHab,0,1
0.017212067750979776,0.09539951079876713,-0.060975375296807494,3,sardNurseHab,0,0
0.11863816503650543,0.14852916818165468,0.08874716189135623,3,springSST,0,1
0.1679284756215642,0.38126026844511945,-0.04540331720199098,3,randTest,0,0
-0.6229021059299104,-0.3595908378826488,-0.8862133739771719,1,NCOPspring,0,1
-0.5392797567706774,-0.25370236553126957,-0.8248571480100853,1,NCOPsummerlag1,0,1
-0.1289655296513273,0.2388333315028117,-0.49676439080546625,1,BEUTI_33N,0,0
-0.511149142481545,-0.16962425996491187,-0.852674024998178,1,BEUTI_39N,0,1
-0.292046350812314,0.0359154135383295,-0.6200081151629575,1,CUTI_33N,0,0
-0.5203158549467274,-0.18987874338457889,-0.850752966508876,1,CUTI_39N,0,1
-0.22627762336215723,0.3844576939616905,-0.837012940686005,1,OC_LUSI_33N,0,0
0.19363275903006189,0.6755210746281696,-0.2882555565680458,1,OC_STI_33N,0,0
0.20589251684102738,0.506941615217223,-0.0951565815351682,1,RREAS_Myctophids,0,0
0.32762125692342087,0.8576353628026636,-0.2023928489558218,1,RREAS_YOYsardine,0,0
-0.15618607763358888,0.37722411716708054,-0.6895962724342583,1,age1SprSardmeanWAA,0,0
0.04486505234069521,0.6876541070564756,-0.597924002375085,1,meanSSBwt,0,0
-0.6849382380312912,-0.20527224857496393,-1.1646042274876187,1,ZM_NorCal,0,1
-0.5624688061409987,-0.19764986418760813,-0.9272877480943893,1,ZM_SoCal,0,1
0.3213063816570452,0.6169053601513034,0.025707403162786982,1,sardRec,0,1
-0.031207572818004778,0.27399944424122935,-0.3364145898772389,1,anchBioSmrySeas1,0,0
0.49455415655421764,1.0001966288228226,-0.011088315714387259,1,summerSST,0,0
0.17377320624452267,0.5405572665125191,-0.19301085402347387,1,avgOffTransspring,0,0
-0.2211860346793418,0.16063342326176547,-0.603005492620449,1,avgOffTranssummer,0,0
-0.14698983509305785,0.20344306823727068,-0.49742273842338636,1,sprRelOffTrans,0,0
-0.19484008924814863,0.41813580026438785,-0.8078159787606851,1,sumRelOffTrans,0,0
0.21218305360243134,0.6888276823985977,-0.26446157519373503,1,meanK,0,0
-0.37005252918162307,-3.431517230329806e-4,-0.7397619066402131,1,OC_LUSI_39N,0,1
0.17511999076165335,0.8309461014435153,-0.4807061199202085,1,sardSpawnHab,0,0
0.6027430512246738,0.9966977308756113,0.20878837157373617,1,sardNurseHab,0,1
0.7058383716922326,1.1977658251700949,0.21391091821437028,1,springSST,0,1
-0.05598882737764238,0.3414402936050407,-0.45341794836032545,1,randTest,0,0
0.207254418134053,0.1196444660601144,0.29486437020799156,2,NCOPspring,0,1
0.07910433361898245,0.15451066597049756,0.0036980012674673324,2,NCOPsummerlag1,0,1
0.24304881263822622,0.5391289913219038,-0.05303136604545136,2,BEUTI_33N,0,0
0.20626959673063144,0.437040184987989,-0.024500991526726218,2,BEUTI_39N,0,0
0.16515401007277775,0.42760549106482126,-0.09729747091926585,2,CUTI_33N,0,0
0.11251365784926545,0.3853564858174593,-0.1603291701189284,2,CUTI_39N,0,0
0.16724688272603544,0.9295307317028673,-0.5950369662507964,2,OC_LUSI_33N,0,0
-0.12973504819389012,0.44558405367106135,-0.7050541500588418,2,OC_STI_33N,0,0
-0.09869261986690894,0.19116755174588115,-0.388552791479699,2,RREAS_Myctophids,0,0
-0.0746616518111127,0.6190321622498015,-0.7683554658720267,2,RREAS_YOYsardine,0,0
-0.04022145570826524,0.4142075487769237,-0.49465046019345416,2,age1SprSardmeanWAA,0,0
-0.014339509374370119,0.7222485707568895,-0.7509275895056298,2,meanSSBwt,0,0
0.19358630700730875,0.7027847647033263,-0.3156121506887088,2,ZM_NorCal,0,0
0.03956809437076361,0.42282196229444224,-0.3436857735529151,2,ZM_SoCal,0,0
-0.20489369211116576,0.01102488801817983,-0.42081227224051143,2,sardRec,0,0
0.1821442289022856,0.44533314824726417,-0.08104469044269294,2,anchBioSmrySeas1,0,0
-0.07160096099528146,0.5924936587943701,-0.7356955807849332,2,summerSST,0,0
-0.19458008253967268,0.12179850190130123,-0.5109586669806466,2,avgOffTransspring,0,0
0.008353026920068854,0.40477804048095817,-0.38807198664082043,2,avgOffTranssummer,0,0
0.21537993796380442,0.49235012598974826,-0.061590250062139335,2,sprRelOffTrans,0,0
0.14594075345087382,0.9225425636132634,-0.6306610567115158,2,sumRelOffTrans,0,0
0.06217884768962356,0.5926770523825471,-0.4683193570033001,2,meanK,0,0
0.1610709809270942,0.5203566357772023,-0.1982146739230139,2,OC_LUSI_39N,0,0
0.059383649101344166,0.8131752518377958,-0.6944079536351073,2,sardSpawnHab,0,0
-0.129294578822927,0.1534461185317322,-0.41203527617758606,2,sardNurseHab,0,0
-0.15717327042184928,0.4007206436895641,-0.7150671845332625,2,springSST,0,0
0.08198382486209373,0.5261278726668706,-0.36216022294268313,2,randTest,0,0
0.13839263444395097,0.07989172440217603,0.19689354448572594,3,NCOPspring,0,1
0.1873215028428511,0.009198921697219219,0.36544408398848294,3,NCOPsummerlag1,0,1
-0.0690396210434889,0.09792768767279755,-0.23600692975977539,3,BEUTI_33N,0,0
0.0014072773392436316,0.06614453644171907,-0.06332998176323182,3,BEUTI_39N,0,0
-0.09025292777129078,0.0034550538635776396,-0.18396090940615922,3,CUTI_33N,0,0
-0.040255499489238344,-0.07897151158740737,-0.0015394873910692941,3,CUTI_39N,0,1
-0.4626242509115995,-0.36453585042134756,-0.5607126514018514,3,OC_LUSI_33N,0,1
0.3417548742451336,0.4098774138067273,0.27363233468354,3,OC_STI_33N,0,1
-0.2175090035139396,-0.3108323001451439,-0.12418570688273531,3,RREAS_Myctophids,0,1
0.38477715483200287,0.31937718743017596,0.4501771222338297,3,RREAS_YOYsardine,0,1
0.3325170523276958,0.3535436624320549,0.31149044222333677,3,age1SprSardmeanWAA,0,1
0.48055228418534496,0.39541651535971717,0.5656880530109728,3,meanSSBwt,0,1
-0.17513273364400228,-0.17633796644309743,-0.1739275008449071,3,ZM_NorCal,0,1
-0.09360596378653536,-0.2338043664085376,0.046592438835466876,3,ZM_SoCal,0,0
-0.06057863059031104,-0.025415125720003096,-0.095742135460619,3,sardRec,0,1
-0.01498942997952337,0.0503716385913609,-0.0803504985504076,3,anchBioSmrySeas1,0,0
0.32194512627219773,0.20177909924514426,0.4421111532992513,3,summerSST,0,1
0.1554235471652649,0.32535380005610226,-0.0145067057255725,3,avgOffTransspring,0,0
0.3121018286215421,0.3212375894389523,0.30296606780413204,3,avgOffTranssummer,0,1
-0.10258019785333787,0.07427835143032394,-0.2794387471369996,3,sprRelOffTrans,0,0
-0.47850473864762066,-0.4027665024306078,-0.5542429748646334,3,sumRelOffTrans,0,1
0.2832421000724623,0.08366093252303741,0.4828232676218873,3,meanK,0,1
-0.14798264939616929,-0.08033147081842729,-0.21563382797391134,3,OC_LUSI_39N,0,1
-0.5517894097911837,-0.495004339911295,-0.6085744796710724,3,sardSpawnHab,0,1
0.02393396396988226,-0.020077997406258208,0.06794592534602278,3,sardNurseHab,0,0
0.2017654244148801,0.14112484374816092,0.2624060050815993,3,springSST,0,1
-0.2834421636479698,-0.23068961743269029,-0.33619470986324934,3,randTest,0,1
-0.5216314276167776,-0.2990994642815985,-0.7441633909519568,1,NCOPspring,0,1
-0.427721785878341,-0.20931644463821464,-0.6461271271184673,1,NCOPsummerlag1,0,1
-0.13866403033809976,-0.19700319899152,-0.0803248616846795,1,BEUTI_33N,0,1
-0.47416097522321105,-0.446269543951724,-0.5020524064946981,1,BEUTI_39N,0,1
-0.29433432995100045,-0.2938143290465562,-0.29485433085544466,1,CUTI_33N,0,1
-0.49224902417819205,-0.4197682958145662,-0.5647297525418179,1,CUTI_39N,0,1
-0.3634213394171359,-0.5004651998008086,-0.22637747903346317,1,OC_LUSI_33N,0,1
0.29199402294820803,0.20643406472233933,0.37755398117407674,1,OC_STI_33N,0,1
0.09841339140170692,0.15547521997636182,0.041351562827052046,1,RREAS_Myctophids,0,1
0.43728301841462014,0.40293616758077366,0.47162986924846656,1,RREAS_YOYsardine,0,1
-0.024253725085550376,-0.029063094948873658,-0.01944435522222704,1,age1SprSardmeanWAA,0,1
0.22423903861286057,0.1887426392154038,0.25973543801031723,1,meanSSBwt,0,1
-0.6909811163085118,-0.6885980501951534,-0.6933641824218701,1,ZM_NorCal,0,1
-0.5707665187000146,-0.49344737348962386,-0.6480856639104053,1,ZM_SoCal,0,1
0.26984332862492333,0.30504693806472477,0.23463971918512194,1,sardRec,0,1
-0.02597982670852428,-0.04184378288260471,-0.01011587053444385,1,anchBioSmrySeas1,0,1
0.5640442641308336,0.5721152712387684,0.5559732570228989,1,summerSST,0,1
0.22309476410290452,0.13696810597013168,0.3092214222356774,1,avgOffTransspring,0,1
-0.09944838659070075,-0.11108883646029842,-0.0878079367211031,1,avgOffTranssummer,0,1
-0.17280363603888554,-0.24363645784883756,-0.10197081422893356,1,sprRelOffTrans,0,1
-0.32831875546874045,-0.44232671969502024,-0.21431079124246052,1,sumRelOffTrans,0,1
0.30189434541143634,0.39123621590649543,0.21255247491637727,1,meanK,0,1
-0.3999563818583044,-0.43947160167630883,-0.3604411620402999,1,OC_LUSI_39N,0,1
-0.030657662319442225,-0.11964452809029125,0.0583292034514068,1,sardSpawnHab,0,0
0.5643479049119744,0.6461710296630319,0.4825247801609168,1,sardNurseHab,0,1
0.7252187043433234,0.7439301192123411,0.7065072894743059,1,springSST,0,1
-0.05525324881888094,-0.04323146094614167,-0.06727503669162022,1,randTest,0,1
0.23606182975045262,0.13535604466601608,0.33676761483488915,2,NCOPspring,0,1
0.10342110407853443,0.158508470365798,0.048333737791270925,2,NCOPsummerlag1,0,1
0.25300957667514246,0.11562338344315881,0.3903957699071261,2,BEUTI_33N,0,1
0.2353893931352746,0.15286437758998234,0.31791440868056686,2,BEUTI_39N,0,1
0.177793776392709,0.09255575340264321,0.2630317993827748,2,CUTI_33N,0,1
0.13725543822089367,0.14643263180065708,0.12807824464113032,2,CUTI_39N,0,1
0.18815703379251067,0.19732528775964098,0.17898877982538022,2,OC_LUSI_33N,0,1
-0.14581060698973491,-0.14342466791528974,-0.14819654606418026,2,OC_STI_33N,0,1
-0.0985590371040641,-0.009242440630607418,-0.18787563357752074,2,RREAS_Myctophids,0,1
-0.09725159629600119,0.04243565961935842,-0.2369388522113609,2,RREAS_YOYsardine,0,0
-0.049668907509369545,-0.07378134216503907,-0.025556472853700052,2,age1SprSardmeanWAA,0,1
-0.044844833896868774,0.0945283907326543,-0.18421805852639173,2,meanSSBwt,0,0
0.2314331984502656,0.25949470007439684,0.20337169682613448,2,ZM_NorCal,0,1
0.07814739432440838,0.21133809179039756,-0.05504330314158096,2,ZM_SoCal,0,0
-0.21950862373765015,-0.24679307921068283,-0.19222416826461752,2,sardRec,0,1
0.18299449451498878,0.12795428095499622,0.23803470807498128,2,anchBioSmrySeas1,0,1
-0.09929905660058508,0.07529761750761442,-0.27389573070878453,2,summerSST,0,0
-0.2144971487421329,-0.3571551784890806,-0.0718391189951853,2,avgOffTransspring,0,1
0.014935203405197967,0.025142174448646804,0.004728232361749074,2,avgOffTranssummer,0,1
0.22896563328146638,0.07002390133020417,0.38790736523272856,2,sprRelOffTrans,0,1
0.15667396187627797,0.18388237242461813,0.12946555132793772,2,sumRelOffTrans,0,1
0.04246879988391733,0.24303427727889915,-0.15809667751106432,2,meanK,0,0
0.18890484780538774,0.14725477941407789,0.23055491619669755,2,OC_LUSI_39N,0,1
0.0577904389169033,0.08610407360279931,0.02947680423100732,2,sardSpawnHab,0,1
-0.16303937495723625,-0.15868651125892178,-0.1673922386555506,2,sardNurseHab,0,1
-0.19802891795228236,-0.10796809356182675,-0.28808974234273804,2,springSST,0,1
-0.01202517807463016,-0.041759917070011365,0.0177095609207511,2,randTest,0,0
-0.2899942352827381,-0.16628047281219643,-0.4137079977532798,3,NCOPspring,0,1
-0.3103996082619192,-0.064986802235392993,-0.5558124142884454,3,NCOPsummerlag1,0,1
0.018554773924492108,0.4893188444203308,-0.45220929657134656,3,BEUTI_33N,0,0
-0.15370195475374046,0.24145695284715019,-0.5488608623546312,3,BEUTI_39N,0,0
-0.03744176556643032,0.3337773073986213,-0.40866083853148194,3,CUTI_33N,0,0
-0.14610380850173482,0.2344721799728332,-0.5266797969763028,3,CUTI_39N,0,0
0.3340340624991368,1.2584375168103499,-0.5903693918120763,3,OC_LUSI_33N,0,0
-0.2348973740706644,0.47096767302802456,-0.9407624211693535,3,OC_STI_33N,0,0
0.2729144216946529,0.7171739779279076,-0.17134513453860178,3,RREAS_Myctophids,0,0
-0.218315739130972,0.5764111296800193,-1.0130426079419634,3,RREAS_YOYsardine,0,0
-0.4164634661208573,0.3895163110182358,-1.2224432432599504,3,age1SprSardmeanWAA,0,0
-0.49592903841471964,0.5958518539256485,-1.5877099307550875,3,meanSSBwt,0,0
-0.06651694187454574,0.5733245273293519,-0.7063584110784435,3,ZM_NorCal,0,0
-0.07729921955857594,0.4459234367398456,-0.6005218758569976,3,ZM_SoCal,0,0
0.16343146416153714,0.522103508875674,-0.19524058055259963,3,sardRec,0,0
0.007696579041103269,0.4091844175492815,-0.39379125946707494,3,anchBioSmrySeas1,0,0
-0.10393516337382153,0.6315414191315221,-0.8394117458791651,3,summerSST,0,0
-0.10986371914691984,0.40469221593288657,-0.6244196542267262,3,avgOffTransspring,0,0
-0.32990227507327974,0.1933514081543587,-0.8531559583009183,3,avgOffTranssummer,0,0
0.05677947879750853,0.5099177790386437,-0.39635882144362655,3,sprRelOffTrans,0,0
0.31506613853278254,1.1738565108410477,-0.5437242337754827,3,sumRelOffTrans,0,0
-0.19890202496482184,0.5087787933171936,-0.9065828432468371,3,meanK,0,0
0.03980364957863178,0.5684466073210083,-0.4888393081637447,3,OC_LUSI_39N,0,0
0.5331961733524236,1.4999750595164274,-0.43358271281158,3,sardSpawnHab,0,0
0.13571910448932156,0.6156880033143433,-0.3442497943357003,3,sardNurseHab,0,0
0.05105292728311653,0.7320304260009038,-0.6299245714346706,3,springSST,0,0
-0.18341164862658896,0.17135068536249426,-0.5381739826156722,3,randTest,0,0
0.6135845702776954,0.8716683576638756,0.35550078289151527,1,NCOPspring,0,1
0.5195409618237294,0.8082649394353217,0.2308169842121371,1,NCOPsummerlag1,0,1
0.1192044495555082,0.18430532864009516,0.05410357047092129,1,BEUTI_33N,0,1
0.511554704323026,0.6649902294949729,0.35811917915107905,1,BEUTI_39N,0,1
0.2919985762088392,0.409882429919437,0.17411472249824134,1,CUTI_33N,0,1
0.5284165640587188,0.7363701646029859,0.32046296351445197,1,CUTI_39N,0,1
0.22924318851542314,0.4320050536345897,0.026481323396256584,1,OC_LUSI_33N,0,1
-0.19530037792271182,-0.02319554394241624,-0.3674052119030074,1,OC_STI_33N,0,1
-0.19564669205168955,0.02842128245522024,-0.41971466655859935,1,RREAS_Myctophids,0,0
-0.342064577707409,-0.06767999042815076,-0.6164491649866671,1,RREAS_YOYsardine,0,1
0.15188782825645397,0.42244916951678824,-0.11867351300388033,1,age1SprSardmeanWAA,0,0
-0.05878271036241886,0.3117930567514855,-0.4293584774763231,1,meanSSBwt,0,0
0.6971534148421151,0.9413663255286845,0.4529405041555459,1,ZM_NorCal,0,1
0.5879313493024242,0.8635831823351987,0.3122795162696498,1,ZM_SoCal,0,1
-0.30698706761554406,-0.1807422120781118,-0.43323192315297626,1,sardRec,0,1
0.013341026644524166,0.11361248887435826,-0.08693043558530991,1,anchBioSmrySeas1,0,0
-0.5094590142490384,-0.21116063112632671,-0.80775739737175,1,summerSST,0,1
-0.17399477963560014,-0.09278283666687122,-0.2552067226043291,1,avgOffTransspring,0,1
0.21113400053486991,0.3869298920664591,0.03533810900328069,1,avgOffTranssummer,0,1
0.14343747341095303,0.20603076551352353,0.08084418130838261,1,sprRelOffTrans,0,1
0.19650481758133043,0.40695732446595023,-0.013947689303289434,1,sumRelOffTrans,0,0
-0.2303489589357653,0.12498064283606763,-0.5856785607075982,1,meanK,0,0
0.3713074640591612,0.5208816352605987,0.22173329285772375,1,OC_LUSI_39N,0,1
-0.1684459708573453,0.10703766360481097,-0.44392960531950154,1,sardSpawnHab,0,0
-0.613468314639381,-0.3609302555561435,-0.8660063737226186,1,sardNurseHab,0,1
-0.7211142301718668,-0.4395983530159327,-1.0026301073278008,1,springSST,0,1
0.20219089392108025,0.3168833991491532,0.08749838869300733,1,randTest,0,1
-0.24361086068561555,-0.3460776054828262,-0.14114411588840495,2,NCOPspring,0,1
-0.10953721344601439,-0.055256948512123316,-0.1638174783799055,2,NCOPsummerlag1,0,1
-0.2544395094756898,-0.38920387091549186,-0.11967514803588758,2,BEUTI_33N,0,1
-0.23925336822814022,-0.2800053472119492,-0.19850138924433122,2,BEUTI_39N,0,1
-0.1866063444513558,-0.20917893878162427,-0.16403375012108737,2,CUTI_33N,0,1
-0.14481544755027564,-0.05596143781919875,-0.23366945728135263,2,CUTI_39N,0,1
-0.18667921833125137,0.07157398551373237,-0.44493242217623497,2,OC_LUSI_33N,0,0
0.14470857225937112,0.32964017156450615,-0.040223027045763984,2,OC_STI_33N,0,0
0.09751648569687713,0.29656781849389674,-0.1015348471001424,2,RREAS_Myctophids,0,0
0.0987412879024902,0.4714937839969044,-0.27401120819192387,2,RREAS_YOYsardine,0,0
0.04091066306929761,0.16461218391886012,-0.08279085778026485,2,age1SprSardmeanWAA,0,0
0.03933217743279649,0.4558736010493852,-0.37720924618379204,2,meanSSBwt,0,0
-0.23649382926594353,-0.04568073201718194,-0.4273069265147051,2,ZM_NorCal,0,1
-0.08270262779945971,0.1764029824790944,-0.34180823807801375,2,ZM_SoCal,0,0
0.22424630820406602,0.18809957089396245,0.2603930455141696,2,sardRec,0,1
-0.1788144646421164,-0.20807742360401008,-0.14955150568022274,2,anchBioSmrySeas1,0,1
0.10180970544476181,0.49282420841011193,-0.2892047975205884,2,summerSST,0,0
0.2106966709732394,0.15657837636178804,0.26481496558469086,2,avgOffTransspring,0,1
-0.016347650134433386,0.11490202785393364,-0.14759732812280035,2,avgOffTranssummer,0,0
-0.22684608095706818,-0.346276214436613,-0.10741594747752337,2,sprRelOffTrans,0,1
-0.16011515491599443,0.11542995942233884,-0.43566026925432777,2,sumRelOffTrans,0,0
-0.0432592478491592,0.3254165271801442,-0.41193502287846273,2,meanK,0,0
-0.19103735140311248,-0.11066009721929392,-0.271414605586931,2,OC_LUSI_39N,0,1
-0.060559587031673356,0.23624972972177238,-0.3573689037851189,2,sardSpawnHab,0,0
0.16554293086286825,0.23012730176221188,0.1009585599635246,2,sardNurseHab,0,1
0.20344224210391523,0.4793617463413545,-0.07247726213352404,2,springSST,0,0
0.016102603610368305,-0.024584757028083284,0.05678996424881989,2,randTest,0,0
0.13679387085940764,0.1943316284771293,0.07925611324168597,3,NCOPspring,0,1
0.16098297297525738,0.3041984800085463,0.017767465941968513,3,NCOPsummerlag1,0,1
-0.06457206216475499,0.4760324649254579,-0.6051765892549679,3,BEUTI_33N,0,0
0.012347803562866244,0.4088631259937311,-0.3841675188679986,3,BEUTI_39N,0,0
-0.08062009944661225,0.3647823354854153,-0.5260225343786398,3,CUTI_33N,0,0
-0.018361329176416433,0.34978096591419494,-0.38650362426702783,3,CUTI_39N,0,0
-0.41570460932349773,0.5888516928276344,-1.4202609114746296,3,OC_LUSI_33N,0,0
0.30141555828095573,1.0573278109408428,-0.45449669437893137,3,OC_STI_33N,0,0
-0.2521245141555388,0.18514327498750716,-0.6893923032985849,3,RREAS_Myctophids,0,0
0.342775574852195,1.1536568935536589,-0.4681057438492689,3,RREAS_YOYsardine,0,0
0.34197067485525756,1.0992794143427815,-0.4153380646322663,3,age1SprSardmeanWAA,0,0
0.5089603905628722,1.5647077883470981,-0.5467870072213536,3,meanSSBwt,0,0
-0.13349498851637376,0.5095808152471092,-0.7765707922798566,3,ZM_NorCal,0,0
-0.09093219048520398,0.3854616470320901,-0.5673260280024981,3,ZM_SoCal,0,0
-0.06260094277177006,0.300718169871743,-0.4259200554152831,3,sardRec,0,0
-0.0023297011409036464,0.4260041307596238,-0.43066353304143107,3,anchBioSmrySeas1,0,0
0.26616428676395393,0.9776588315132038,-0.4453302579852959,3,summerSST,0,0
0.15175626900593506,0.7255271897651607,-0.4220146517532905,3,avgOffTransspring,0,0
0.28875298422810125,0.8373915312642726,-0.25988556280807,3,avgOffTranssummer,0,0
-0.08890831104512,0.41951849780521167,-0.5973351198954516,3,sprRelOffTrans,0,0
-0.4166016123019127,0.5596995577834099,-1.3929027823872355,3,sumRelOffTrans,0,0
0.26606157714340845,0.8916804356803818,-0.359557281393565,3,meanK,0,0
-0.14909099508798807,0.415625727267632,-0.7138077174436082,3,OC_LUSI_39N,0,0
-0.55198430977059,0.5523462872729175,-1.6563149068140977,3,sardSpawnHab,0,0
-0.007260651753312142,0.39525180462335296,-0.40977310812997725,3,sardNurseHab,0,0
0.16377735482451478,0.833914420076391,-0.5063597104273616,3,springSST,0,0
0.07815815533342185,0.35871764122515404,-0.20240133055831033,3,randTest,0,0
-0.5771173365136432,-0.33118024429382553,-0.8230544287334607,1,NCOPspring,0,1
-0.48775483043463064,-0.22678533384638214,-0.7487243270228789,1,NCOPsummerlag1,0,1
-0.13527304824910227,0.2744812675617739,-0.5450273640599784,1,BEUTI_33N,0,0
-0.4961407995281509,-0.16828283182354312,-0.8239987672327587,1,BEUTI_39N,0,1
-0.2983172147906083,0.021550879184105434,-0.6181853087653221,1,CUTI_33N,0,0
-0.5067471495187663,-0.20805070605186324,-0.8054435929856694,1,CUTI_39N,0,1
-0.30814434937019686,0.30602998222920486,-0.9223186809695987,1,OC_LUSI_33N,0,0
0.25265271588804294,0.7288628506512196,-0.22355741887513375,1,OC_STI_33N,0,0
0.14522550328323033,0.4744950958777778,-0.1840440893113171,1,RREAS_Myctophids,0,0
0.3972309291650993,0.8770012321894914,-0.082539373859293,1,RREAS_YOYsardine,0,0
-0.12498789819858808,0.5045067382235526,-0.7544825346207287,1,age1SprSardmeanWAA,0,0
0.09349894796143554,0.8983606928373371,-0.711362796914466,1,meanSSBwt,0,0
-0.7032907619456912,-0.26018671810554755,-1.146394805785835,1,ZM_NorCal,0,1
-0.5871420479356033,-0.2226173018167028,-0.9516667940545038,1,ZM_SoCal,0,1
0.30044241065972876,0.6197703395820033,-0.018885518262545933,1,sardRec,0,0
-0.024497802398147965,0.288700916422033,-0.33769652121832894,1,anchBioSmrySeas1,0,0
0.5415059231133911,0.9779140771871138,0.10509776903966861,1,summerSST,0,1
0.2109214522202498,0.6430629710073583,-0.22122006656685866,1,avgOffTransspring,0,0
-0.1554923470564094,0.23440809862197948,-0.5453927927347982,1,avgOffTranssummer,0,0
-0.1717070122538229,0.23968468868451073,-0.5830987131921566,1,sprRelOffTrans,0,0
-0.2688648448126333,0.278097931809402,-0.8158276214346685,1,sumRelOffTrans,0,0
0.2588789738548769,0.7355226194899516,-0.21776467178019773,1,meanK,0,0
-0.4037682597122976,0.01425206589274225,-0.8217885853173372,1,OC_LUSI_39N,0,0
0.06357411860926898,0.7004330179058931,-0.5732847806873552,1,sardSpawnHab,0,0
0.5881661473828916,0.9913602309441719,0.18497206382161138,1,sardNurseHab,0,1
0.735414985303245,1.1981414206516006,0.27268854995488934,1,springSST,0,1
-0.03418439555143693,0.31491016041795383,-0.38327895152082764,1,randTest,0,0
0.22682376523787753,0.13016339179294395,0.3234841386828111,2,NCOPspring,0,1
0.0997208005685415,0.1513554954982937,0.04808610563878926,2,NCOPsummerlag1,0,1
0.2456143308717982,0.5332177467191257,-0.04198908497552925,2,BEUTI_33N,0,0
0.21156278233254963,0.38014011978815,0.042985444876949275,2,BEUTI_39N,0,1
0.16386168234622636,0.36711031457889465,-0.03938694988644198,2,CUTI_33N,0,0
0.10948955034780797,0.2738474649362363,-0.05486836424062033,2,CUTI_39N,0,0
0.1470058608926299,0.8852427459812703,-0.5912310241960105,2,OC_LUSI_33N,0,0
-0.1141657296742509,0.4259517388874414,-0.6542831982359433,2,OC_STI_33N,0,0
-0.10515023681780611,0.23328749803418083,-0.443587971669793,2,RREAS_Myctophids,0,0
-0.056403609046496245,0.5510367233606743,-0.663843941453667,2,RREAS_YOYsardine,0,0
-0.013324225870721823,0.5588876673434142,-0.5855361190848577,2,age1SprSardmeanWAA,0,0
0.004076851138542781,0.9651163769216013,-0.9569626746445157,2,meanSSBwt,0,0
0.1969411330215855,0.6101178768354293,-0.21623561079225811,2,ZM_NorCal,0,0
0.05855451064404679,0.43345485572964415,-0.3163458344415505,2,ZM_SoCal,0,0
-0.22153033086622667,-0.015550821230317952,-0.4275098405021355,2,sardRec,0,1
0.17033394496093548,0.424636628124602,-0.083968738202731,2,anchBioSmrySeas1,0,0
-0.05951350907166833,0.48550376092860686,-0.6045307790719435,2,summerSST,0,0
-0.1980306409944968,0.16580836027825469,-0.5618696422672483,2,avgOffTransspring,0,0
0.028633266246759645,0.4213555514206042,-0.36408901892708484,2,avgOffTranssummer,0,0
0.22040332371304122,0.519142821115462,-0.07833617368937956,2,sprRelOffTrans,0,0
0.11516151826802551,0.7704616033681224,-0.5401385668320715,2,sumRelOffTrans,0,0
0.0701186369349466,0.6060793122438133,-0.46584203837391996,2,meanK,0,0
0.17024022528857835,0.5757013180216768,-0.23522086744452017,2,OC_LUSI_39N,0,0
0.020656712351896978,0.7319814877786399,-0.690668063074846,2,sardSpawnHab,0,0
-0.14182784850524688,0.15470484098826146,-0.4383605379987552,2,sardNurseHab,0,0
-0.16256376082911853,0.3249476418615695,-0.6500751635198064,2,springSST,0,0
0.07818900534162279,0.3812861637822568,-0.2249081530990112,2,randTest,0,0
0.18880808464167825,0.10834799726173551,0.269268172021621,3,NCOPspring,0,1
0.22275179104742582,0.03145556841561491,0.4140480136792367,3,NCOPsummerlag1,0,1
-0.05943466446359397,0.10256785818414507,-0.2214371871113331,3,BEUTI_33N,0,0
0.10820746884701248,0.1174544192244253,0.09896051846959958,3,BEUTI_39N,0,1
-0.013617686334760029,0.03718915038030654,-0.0644245230498266,3,CUTI_33N,0,0
0.1168798794604235,0.053353804996655124,0.18040595392419193,3,CUTI_39N,0,1
-0.37413717581149597,-0.3869905262276436,-0.3612838253953483,3,OC_LUSI_33N,0,1
0.2640944556292133,0.24691013957057129,0.2812787716878553,3,OC_STI_33N,0,1
-0.2564439385888047,-0.4033897735950289,-0.1094981035825805,3,RREAS_Myctophids,0,1
0.2510854551116139,0.07227493832516907,0.4298959718980587,3,RREAS_YOYsardine,0,1
0.41582996999399235,0.36495464468093036,0.4667052953070544,3,age1SprSardmeanWAA,0,1
0.589878907902694,0.38455342948176346,0.7952043863236248,3,meanSSBwt,0,1
-0.020042864827358814,-0.10690827043814058,0.06682254078342303,3,ZM_NorCal,0,0
-0.009540565710944637,-0.20618637096021863,0.18710523953832936,3,ZM_SoCal,0,0
-0.07569428413101009,-0.03816410609145271,-0.11322446217056747,3,sardRec,0,1
0.012232730688371787,0.026376777815080465,-0.0019113164383368908,3,anchBioSmrySeas1,0,0
0.15509363360090256,-0.07010530717895752,0.3802925743807626,3,summerSST,0,0
0.16035760113824357,0.3006744442960878,0.020040757980399337,3,avgOffTransspring,0,1
0.3064058158974681,0.2609631928096803,0.351848438985256,3,avgOffTranssummer,0,1
-0.11438724986692986,0.06234989849051578,-0.2911243982243755,3,sprRelOffTrans,0,0
-0.33256636192293126,-0.36802623732405065,-0.2971064865218118,3,sumRelOffTrans,0,1
0.23460666505297073,-0.04930360017168284,0.5185169302776242,3,meanK,0,0
-0.12399147172492357,-0.1112963445446718,-0.13668659890517526,3,OC_LUSI_39N,0,1
-0.4868143382111678,-0.5419745114190785,-0.4316541650032573,3,sardSpawnHab,0,1
-0.02407533525163072,-0.12133694148195967,0.07318627097869825,3,sardNurseHab,0,0
0.05507954395728362,-0.10082752830496994,0.21098661621953707,3,springSST,0,0
-0.1819505782279246,-0.13663863634168028,-0.22726252011416892,3,randTest,0,1
0.5954432265831799,0.8496749395960279,0.341211513570332,1,NCOPspring,0,1
0.5218484852526105,0.8197892606052563,0.2239077098999648,1,NCOPsummerlag1,0,1
0.12486185785376588,0.2933655987003224,-0.043641882992790614,1,BEUTI_33N,0,0
0.5060800329172116,0.7033129347676079,0.30884713106681516,1,BEUTI_39N,0,1
0.29198465428286674,0.44731977457109195,0.13664953399464153,1,CUTI_33N,0,1
0.5145613557047284,0.7252544330925936,0.303868278316863,1,CUTI_39N,0,1
0.21773129801285274,0.41224069658900503,0.0232218994367005,1,OC_LUSI_33N,0,1
-0.1817007957516821,-0.014729263817681859,-0.3486723276856823,1,OC_STI_33N,0,1
-0.19744976748662477,0.005617228719009915,-0.4005167636922594,1,RREAS_Myctophids,0,0
-0.33217411225188315,-0.10040925749739926,-0.5639389670063669,1,RREAS_YOYsardine,0,1
0.22392414975257563,0.5359072618830034,-0.08805896237785223,1,age1SprSardmeanWAA,0,0
0.023662021648494166,0.38469940633597544,-0.33737536303898713,1,meanSSBwt,0,0
0.6790977808298483,0.9121685710750858,0.4460269905846109,1,ZM_NorCal,0,1
0.5669727463415517,0.8147481955352929,0.3191972971478107,1,ZM_SoCal,0,1
-0.3130793605458465,-0.13966905147102232,-0.48648966962067075,1,sardRec,0,1
0.030818656862799644,0.1777287218197719,-0.11609140809417262,1,anchBioSmrySeas1,0,0
-0.496889712110105,-0.24658660958443337,-0.7471928146357767,1,summerSST,0,1
-0.17921162769126492,-0.047156368270461144,-0.3112668871120686,1,avgOffTransspring,0,1
0.21352922955257597,0.3843128222040958,0.04274563690105617,1,avgOffTranssummer,0,1
0.14331270155913092,0.28332853566999056,0.00329686744827129,1,sprRelOffTrans,0,1
0.18869845231882004,0.3672229401386332,0.010173964499006899,1,sumRelOffTrans,0,1
-0.15652477023152933,0.1728180891249423,-0.48586762958800095,1,meanK,0,0
0.365989538272805,0.531576520469404,0.20040255607620622,1,OC_LUSI_39N,0,1
-0.15343718095863268,0.09597144566240814,-0.4028458075796734,1,sardSpawnHab,0,0
-0.5706638081916595,-0.3194564676341708,-0.8218711487491482,1,sardNurseHab,0,1
-0.7049346377432388,-0.4482984582221794,-0.9615708172642982,1,springSST,0,1
0.10606995153050189,0.2842950511573093,-0.07215514809630552,1,randTest,0,0
-0.2326376531032071,-0.33196512282538554,-0.1333101833810287,2,NCOPspring,0,1
-0.09866088014337035,-0.054048306098087556,-0.14327345418865314,2,NCOPsummerlag1,0,1
-0.23917141185749707,-0.31473994454851956,-0.16360287916647454,2,BEUTI_33N,0,1
-0.22157019628983984,-0.29653245261519384,-0.14660793996448582,2,BEUTI_39N,0,1
-0.17042787107154567,-0.26410539282848866,-0.07675034931460262,2,CUTI_33N,0,1
-0.11412308160230394,-0.15173237346009463,-0.07651378974451326,2,CUTI_39N,0,1
-0.17169725873291633,-0.2986742201775078,-0.044720297288324884,2,OC_LUSI_33N,0,1
0.12804583436567463,0.033272612342593766,0.22281905638875546,2,OC_STI_33N,0,1
0.10886301807316434,0.12260715441703834,0.09511888172929034,2,RREAS_Myctophids,0,1
0.07746204732207951,0.07515707476684258,0.07976701987731652,2,RREAS_YOYsardine,0,1
0.05749939137851104,-0.08664563339023751,0.20164441614725961,2,age1SprSardmeanWAA,0,0
0.051962116844811224,-0.023746304532992868,0.1276705382226153,2,meanSSBwt,0,0
-0.21872394167581102,-0.2840439593167512,-0.15340392403487085,2,ZM_NorCal,0,1
-0.06671347330224214,-0.03614022424586559,-0.09728672235861871,2,ZM_SoCal,0,1
0.22033473845581864,0.16676818798827714,0.2739012889233601,2,sardRec,0,1
-0.19195347478728775,-0.2825849021932991,-0.10132204738127634,2,anchBioSmrySeas1,0,1
0.08632386792418556,0.11385804537174016,0.058789690476630935,2,summerSST,0,1
0.20924143682268884,0.04868429710752947,0.3697985765378482,2,avgOffTransspring,0,1
-0.029007977484112067,-0.0801340826695987,0.022118127701374564,2,avgOffTranssummer,0,0
-0.21629346142160893,-0.33368248645004117,-0.09890443639317667,2,sprRelOffTrans,0,1
-0.12749002944463883,-0.21874405113253836,-0.0362360077567393,2,sumRelOffTrans,0,1
-0.04857284949346574,0.007642786385537559,-0.10478848537246913,2,meanK,0,0
-0.18584866950856582,-0.2925503553055229,-0.07914698371160878,2,OC_LUSI_39N,0,1
-0.042587822603098485,-0.14764490478074538,0.06246925957454835,2,sardSpawnHab,0,0
0.15792870658501085,0.1049675870800107,0.210889826090011,2,sardNurseHab,0,1
0.18823123474707099,0.16010398897670408,0.21635848051743795,2,springSST,0,1
-0.1117333798941354,-0.209725891521187,-0.013740868267083817,2,randTest,0,1
0.0461329357384856,0.0658299526084364,0.026435918868534813,3,NCOPspring,0,1
0.1252562215375296,0.2781423031564929,-0.027629860081433706,3,NCOPsummerlag1,0,0
-0.01811803864376213,0.34072834943069286,-0.37696442671821706,3,BEUTI_33N,0,0
-0.0028463700248561805,0.2760421378211516,-0.28173487787086393,3,BEUTI_39N,0,0
-0.06492958921324082,0.2073513768192945,-0.33721055524577614,3,CUTI_33N,0,0
0.018808794838739845,0.264186009030714,-0.22656841935323432,3,CUTI_39N,0,0
-0.38156295654603123,0.25714016394779615,-1.0202660770398586,3,OC_LUSI_33N,0,0
0.26528252447824396,0.732950180545444,-0.20238513158895607,3,OC_STI_33N,0,0
-0.16603987641567225,0.13377486006822575,-0.46585461289957025,3,RREAS_Myctophids,0,0
0.3036495529233295,0.8465312039811836,-0.23923209813452467,3,RREAS_YOYsardine,0,0
0.4063456252576836,1.07402979354321,-0.26133854302784276,3,age1SprSardmeanWAA,0,0
0.5634068553797877,1.4554461285357259,-0.3286324177761505,3,meanSSBwt,0,0
-0.17057287165178572,0.2816209261260236,-0.6227666694295951,3,ZM_NorCal,0,0
-0.12045786061841787,0.26121613242040354,-0.5021318536572392,3,ZM_SoCal,0,0
-0.02097553045635485,0.26188110606733844,-0.3038321669800481,3,sardRec,0,0
-0.05267589876460223,0.2810158779774924,-0.3863676755066968,3,anchBioSmrySeas1,0,0
0.2688517831871561,0.7969962415917657,-0.25929267521745353,3,summerSST,0,0
0.16241899241131888,0.5409254368532668,-0.216087452030629,3,avgOffTransspring,0,0
0.18474378414197176,0.49542031387314855,-0.125932745589205,3,avgOffTranssummer,0,0
-0.07201042539167213,0.260433508545884,-0.4044543593292283,3,sprRelOffTrans,0,0
-0.3014952452801528,0.21627285845620284,-0.8192633490165084,3,sumRelOffTrans,0,0
0.34375102502168975,0.9480704150159339,-0.2605683649725545,3,meanK,0,0
-0.19385893072079607,0.21943340321841054,-0.6071512646600027,3,OC_LUSI_39N,0,0
-0.4132949780600809,0.2272530971253005,-1.0538430532454623,3,sardSpawnHab,0,0
0.12627030920292398,0.516459242150306,-0.263918623744458,3,sardNurseHab,0,0
0.22088733200106808,0.7360474311001951,-0.29427276709805883,3,springSST,0,0
-0.3180307381152262,0.20991216784001326,-0.8459736440704657,3,randTest,0,0
-0.5122489790426902,-0.2848020203560705,-0.7396959377293097,1,NCOPspring,0,1
-0.4340630867963489,-0.17353415104242573,-0.6945920225502722,1,NCOPsummerlag1,0,1
-0.07174931354861395,0.019734432781254807,-0.1632330598784827,1,BEUTI_33N,0,0
-0.4828824205934142,-0.29932246927230954,-0.6664423719145189,1,BEUTI_39N,0,1
-0.14009649942658964,0.14428403141693313,-0.4244770302701124,1,CUTI_33N,0,0
-0.44692192807173137,-0.15067820362162257,-0.7431656525218403,1,CUTI_39N,0,1
-0.3360079253422131,-0.1484150940627665,-0.5236007566216596,1,OC_LUSI_33N,0,1
0.30502764351440087,0.5230070247276876,0.08704826230111412,1,OC_STI_33N,0,1
0.19891029781173208,0.37350099669633957,0.024319598927124597,1,RREAS_Myctophids,0,1
0.4172930334965113,0.5815223781598393,0.25306368883318336,1,RREAS_YOYsardine,0,1
-0.009517122438968873,0.22654240685798546,-0.2455766517359232,1,age1SprSardmeanWAA,0,0
0.27880437947006603,0.5228013492952247,0.03480740964490728,1,meanSSBwt,0,1
-0.6594658152235734,-0.3779882040174021,-0.9409434264297446,1,ZM_NorCal,0,1
-0.584626563628353,-0.34861140701452,-0.8206417202421858,1,ZM_SoCal,0,1
0.27699233617862834,0.39591335044482523,0.15807132191243145,1,sardRec,0,1
-0.011991127251124785,0.09796130824161117,-0.12194356274386073,1,anchBioSmrySeas1,0,0
0.5466696479889159,0.7403744839120916,0.3529648120657403,1,summerSST,0,1
0.25023256467997224,0.480206113197544,0.020259016162400455,1,avgOffTransspring,0,1
-0.1436739980062223,0.04039339496016345,-0.327741390972608,1,avgOffTranssummer,0,0
-0.24736828066948863,0.045062527137550365,-0.5397990884765275,1,sprRelOffTrans,0,0
-0.2551040282887589,-0.09382565736421757,-0.4163823992133002,1,sumRelOffTrans,0,1
0.305131504720577,0.5936081697830886,0.016654839658065357,1,meanK,0,1
-0.38353350886694215,-0.21788051544343578,-0.5491865022904485,1,OC_LUSI_39N,0,1
0.04276113606180351,0.45838280124732966,-0.37286052912372264,1,sardSpawnHab,0,0
0.5803714960336456,0.8074009099458813,0.35334208212140994,1,sardNurseHab,0,1
0.7483314460718526,0.9895397338905436,0.5071231582531618,1,springSST,0,1
-0.18178844273560602,0.1310948372747045,-0.49467172274591653,1,randTest,0,0
0.2889972171527929,0.1606777069155234,0.4173167273900624,2,NCOPspring,0,1
0.15994481257644705,0.1412132786886464,0.1786763464642477,2,NCOPsummerlag1,0,1
0.21680517163070112,0.06591484422566055,0.3676954990357416,2,BEUTI_33N,0,1
0.2769061865783715,0.19820240205632966,0.35560997110041326,2,BEUTI_39N,0,1
0.055288749927350944,0.24064783203399678,-0.13007033217929492,2,CUTI_33N,0,0
0.12209388133998056,0.2727947864680639,-0.028607023788102832,2,CUTI_39N,0,0
0.19837156927684824,0.17431140306587362,0.22243173548782286,2,OC_LUSI_33N,0,1
-0.19257459559907245,-0.15243266563799363,-0.23271652556015127,2,OC_STI_33N,0,1
-0.1871014023079246,-0.22121773070172124,-0.15298507391412794,2,RREAS_Myctophids,0,1
-0.11374307094908258,-0.20574244724604607,-0.021743694652119186,2,RREAS_YOYsardine,0,1
-0.011271755838377445,-0.0719401118559192,0.04939660017916431,2,age1SprSardmeanWAA,0,0
-0.030504789622434032,-0.06997775679347788,0.00896817754860986,2,meanSSBwt,0,0
0.2535412190616825,0.315886626226045,0.19119581189731974,2,ZM_NorCal,0,1
0.1314797043048464,0.15649407680746155,0.10646533180223124,2,ZM_SoCal,0,1
-0.25936865424812633,-0.37920846182214357,-0.1395288466741091,2,sardRec,0,1
0.16457782002278082,0.07377731975763546,0.2553783202879262,2,anchBioSmrySeas1,0,1
-0.12627708368659324,-0.16442858574594735,-0.08812558162723902,2,summerSST,0,1
-0.27005627510687524,-0.1926235446531304,-0.3474890055606201,2,avgOffTransspring,0,1
0.046382545342509074,0.06816929617735062,0.024595794507667492,2,avgOffTranssummer,0,1
0.3285709643486484,0.5055716833522363,0.15157024534506044,2,sprRelOffTrans,0,1
0.13695586835382792,0.08486361966613445,0.18904811704152139,2,sumRelOffTrans,0,1
0.053956693289851795,0.13257096316330097,-0.024657576583597407,2,meanK,0,0
0.20592510661755,0.1347281397053085,0.27712207352979157,2,OC_LUSI_39N,0,1
-0.07702948719453746,0.2552426724976983,-0.40930164688677295,2,sardSpawnHab,0,0
-0.24195018138008884,-0.3135076969937039,-0.17039266576647372,2,sardNurseHab,0,1
-0.27117756625168027,-0.3169328395658839,-0.2254222929374765,2,springSST,0,1
0.17594056486888865,0.3987869891953938,-0.04690585945761647,2,randTest,0,0
-0.09503533455833987,-0.052838085374055224,-0.13723258374262454,3,NCOPspring,0,1
-0.11919887945057245,-0.01247860590669532,-0.22591915299444953,3,NCOPsummerlag1,0,1
0.056447406868689314,0.4922315417520249,-0.3793367280146462,3,BEUTI_33N,0,0
-0.02450861576303056,0.2735485566804017,-0.32256578820646276,3,BEUTI_39N,0,0
0.2558240619138511,0.8382434669273093,-0.326595343099607,3,CUTI_33N,0,0
0.08932602068815572,0.4815182651143812,-0.3028662237380698,3,CUTI_39N,0,0
-0.1242048350334254,0.1042689773263419,-0.35267864739319266,3,OC_LUSI_33N,0,0
0.16868478085175917,0.44978646927875365,-0.1124169075752353,3,OC_STI_33N,0,0
0.07637404606603274,0.3443852943608283,-0.19163720222876285,3,RREAS_Myctophids,0,0
0.10409762761493911,0.38874424892599824,-0.18054899369611996,3,RREAS_YOYsardine,0,0
-0.04802620697373959,0.26470570506594315,-0.36075811901342236,3,age1SprSardmeanWAA,0,0
0.019549488771526874,0.38325451371518193,-0.34415553617212824,3,meanSSBwt,0,0
0.0014760434677897893,0.373073343523234,-0.37012125658765443,3,ZM_NorCal,0,0
-0.04514812478606155,0.35236040779657446,-0.4426566573686975,3,ZM_SoCal,0,0
0.01885782098506516,0.34678458186917116,-0.30906893989904083,3,sardRec,0,0
0.018556826436586765,0.38936951354259947,-0.35225586066942594,3,anchBioSmrySeas1,0,0
0.08302286909528321,0.44505359159487545,-0.279007853404309,3,summerSST,0,0
0.15723416922549885,0.5338706028872021,-0.21940226443620442,3,avgOffTransspring,0,0
0.064424085941741,0.3115141126721533,-0.18266594078867127,3,avgOffTranssummer,0,0
-0.21976436724985543,0.2782065525081124,-0.7177352870078232,3,sprRelOffTrans,0,0
-0.08320810915124335,0.11002253244598578,-0.27643875074847246,3,sumRelOffTrans,0,0
-0.057552293642340824,0.4529755725858404,-0.5680801598705221,3,meanK,0,0
-0.04105461615428155,0.18444906047934034,-0.26655829278790344,3,OC_LUSI_39N,0,0
0.42315626900394054,1.2294766848330143,-0.38316414682513317,3,sardSpawnHab,0,0
0.20813697155965977,0.5579445438374948,-0.14167060071817525,3,sardNurseHab,0,0
0.11338567480709233,0.45044861441568496,-0.22367726480150024,3,springSST,0,0
-0.2773108011796305,0.18689671767766744,-0.7415183200369284,3,randTest,0,0
0.5751633014584834,0.8183533181458067,0.33197328477115995,1,NCOPspring,0,1
0.49123704239746774,0.7646271455448387,0.2178469392500968,1,NCOPsummerlag1,0,1
0.11639518940929582,0.11442177595558506,0.11836860286300657,1,BEUTI_33N,0,1
0.47873426761864774,0.5735587492862255,0.38390978595107006,1,BEUTI_39N,0,1
0.2822158994144188,0.3374465637266457,0.22698523510219187,1,CUTI_33N,0,1
0.49777679204776987,0.647647750048177,0.3479058340473628,1,CUTI_39N,0,1
0.26248370404303684,0.33087393615308147,0.1940934719329923,1,OC_LUSI_33N,0,1
-0.2179325424273464,-0.14899703095359326,-0.2868680539010995,1,OC_STI_33N,0,1
-0.1490430524875161,0.013668078577539997,-0.3117541835525721,1,RREAS_Myctophids,0,0
-0.3627819965887672,-0.20434954986379772,-0.5212144433137366,1,RREAS_YOYsardine,0,1
0.10658027545672752,0.28534698927691055,-0.07218643836345552,1,age1SprSardmeanWAA,0,0
-0.09977556213136705,0.12929176006179743,-0.32884288432453157,1,meanSSBwt,0,0
0.6691035640058909,0.8152116807202578,0.5229954472915239,1,ZM_NorCal,0,1
0.5604273543006935,0.7642547861143009,0.356599922487086,1,ZM_SoCal,0,1
-0.2825761309489145,-0.20292448298259053,-0.36222777891523855,1,sardRec,0,1
0.016067093292602565,0.07504411328360441,-0.042909926698399256,1,anchBioSmrySeas1,0,0
-0.5129766073018442,-0.32046895348627846,-0.7054842611174102,1,summerSST,0,1
-0.17654897958909238,-0.17156980569891628,-0.18152815347926854,1,avgOffTransspring,0,1
0.170873975229056,0.2728091485450395,0.06893880191307235,1,avgOffTranssummer,0,1
0.13718736403029694,0.13305316322246932,0.14132156483812458,1,sprRelOffTrans,0,1
0.23108944380390334,0.3090043235393437,0.15317456406846286,1,sumRelOffTrans,0,1
-0.25187139516377427,0.015240553860862704,-0.5189833441884112,1,meanK,0,0
0.3710580017314752,0.4436068173258079,0.2985091861371425,1,OC_LUSI_39N,0,1
-0.10684491473945279,0.023783080542740948,-0.2374729100216465,1,sardSpawnHab,0,0
-0.579726222747629,-0.3868070669342114,-0.7726453785610464,1,sardNurseHab,0,1
-0.6976405904521945,-0.5184270789751814,-0.876854101929208,1,springSST,0,1
0.10377415314071507,0.2016529695072523,0.005895336774177834,1,randTest,0,1
-0.2709496993396593,-0.3855124013353346,-0.15638699734398395,2,NCOPspring,0,1
-0.13029649855446765,-0.08406483977427165,-0.17652815733466365,2,NCOPsummerlag1,0,1
-0.2740717408705392,-0.4219114673163119,-0.12623201442476653,2,BEUTI_33N,0,1
-0.26487486111221353,-0.325803997403496,-0.2039457248209312,2,BEUTI_39N,0,1
-0.206125814115595,-0.2597366265623504,-0.15251500166883958,2,CUTI_33N,0,1
-0.16952036848575808,-0.11611515527543884,-0.2229255816960773,2,CUTI_39N,0,1
-0.2104470879534775,-0.0718439764619686,-0.34905019944498633,2,OC_LUSI_33N,0,1
0.16463920873772087,0.2602570063044149,0.06902141117102681,2,OC_STI_33N,0,1
0.10317428813855783,0.2430738434054877,-0.036725267128371986,2,RREAS_Myctophids,0,0
0.12212597683145485,0.3803753919567814,-0.13612343829387172,2,RREAS_YOYsardine,0,0
0.031122214550671684,0.07351268192056187,-0.011268252819218422,2,age1SprSardmeanWAA,0,0
0.04572327005049126,0.32305117658693494,-0.23160463648595242,2,meanSSBwt,0,0
-0.271141566886524,-0.15814644522979768,-0.3841366885432503,2,ZM_NorCal,0,1
-0.11197835113828819,0.0861466145129475,-0.31010331678952396,2,ZM_SoCal,0,0
0.24363706529445667,0.19655111309293305,0.29072301749598034,2,sardRec,0,1
-0.182144187601854,-0.21004901560688044,-0.1542393595968275,2,anchBioSmrySeas1,0,1
0.13017064782701732,0.4153551915168893,-0.15501389586285463,2,summerSST,0,0
0.23104632910496226,0.13997414236803057,0.322118515841894,2,avgOffTransspring,0,1
-0.014624932623696796,0.05934410756205527,-0.0885939728094489,2,avgOffTranssummer,0,0
-0.24681894265454263,-0.3847690477131826,-0.10886883759590266,2,sprRelOffTrans,0,1
-0.18600886401018268,-0.02913076415438906,-0.34288696386597634,2,sumRelOffTrans,0,1
-0.03250361428314022,0.23917127082858403,-0.3041784993948644,2,meanK,0,0
-0.2121407857804609,-0.18950370095542907,-0.2347778706054927,2,OC_LUSI_39N,0,1
-0.0645663380812597,0.09815762637291012,-0.22729030253542942,2,sardSpawnHab,0,0
0.19326435582725737,0.22648570363423437,0.16004300802028038,2,sardNurseHab,0,1
0.2385199444804495,0.42454775327611255,0.05249213568478649,2,springSST,0,1
0.011432448251676983,5.848616372152449e-4,0.022280034866138713,2,randTest,0,1
0.2025278151514683,0.2881604391757045,0.11689519112723211,3,NCOPspring,0,1
0.22665510321886617,0.41583467304520266,0.03747553339252969,3,NCOPsummerlag1,0,1
-0.06906197211912392,0.4694105958925375,-0.6075345401307852,3,BEUTI_33N,0,0
0.052590988457406646,0.4662603672351616,-0.36107839032034833,3,BEUTI_39N,0,0
-0.059117171799618895,0.3889354498855473,-0.5071697934847852,3,CUTI_33N,0,0
0.02180413132644149,0.41835865009087625,-0.37475038743799327,3,CUTI_39N,0,0
-0.39744087690006735,0.5830885592304209,-1.3779703130305556,3,OC_LUSI_33N,0,0
0.2863738180181675,1.0304850895094417,-0.4577374534731067,3,OC_STI_33N,0,0
-0.2592170848178643,0.17483379577353936,-0.6932679654092679,3,RREAS_Myctophids,0,0
0.314279022868962,1.1375231832747201,-0.5089651375367962,3,RREAS_YOYsardine,0,0
0.3241726286089363,1.0139028696698897,-0.3655576124520172,3,age1SprSardmeanWAA,0,0
0.5058469826284122,1.5556259806713861,-0.5439320154145619,3,meanSSBwt,0,0
-0.07701463585937385,0.5890997182325507,-0.7431289899512985,3,ZM_NorCal,0,0
-0.04870989943903542,0.46197397091371245,-0.5593937697917833,3,ZM_SoCal,0,0
-0.0875473554112276,0.28432753005417966,-0.45942224087663486,3,sardRec,0,0
0.006002219747460846,0.415718477752427,-0.4037140382575053,3,anchBioSmrySeas1,0,0
0.2256987339518744,0.9707155948005688,-0.5193181268968201,3,summerSST,0,0
0.15195096109086087,0.7261560359486158,-0.42225411376689403,3,avgOffTransspring,0,0
0.3226060238087143,0.8847154741683367,-0.23950342655090823,3,avgOffTranssummer,0,0
-0.0948445134654749,0.4194113189290746,-0.6091003458600244,3,sprRelOffTrans,0,0
-0.41043160319864624,0.564040203005051,-1.3849034094023431,3,sumRelOffTrans,0,0
0.23534417581393238,0.8782886324723237,-0.4076002808444589,3,meanK,0,0
-0.11052207224754451,0.44178393425215395,-0.662828078747243,3,OC_LUSI_39N,0,0
-0.5642005431986484,0.4964304765328519,-1.6248315629301486,3,sardSpawnHab,0,0
-0.054002415294415296,0.3844467117978412,-0.4924515423866718,3,sardNurseHab,0,0
0.10342924938706724,0.8025419601627639,-0.5956834613886294,3,springSST,0,0
0.022824889028372684,0.26022124150964837,-0.214571463452903,3,randTest,0,0
-0.5710838860006113,-0.32789824998296935,-0.8142695220182533,1,NCOPspring,0,1
-0.46803144159513477,-0.22762188019178997,-0.7084410029984795,1,NCOPsummerlag1,0,1
-0.15166913783772684,-0.19958720734710497,-0.10375106832834874,1,BEUTI_33N,0,1
-0.5050454885450251,-0.4401717104648446,-0.5699192666252053,1,BEUTI_39N,0,1
-0.30963500770834657,-0.2990475030720432,-0.3202225123446497,1,CUTI_33N,0,1
-0.5202293635161015,-0.42168730439098917,-0.6187714226412138,1,CUTI_39N,0,1
-0.321124321125408,-0.38627051708853566,-0.25597812516228036,1,OC_LUSI_33N,0,1
0.26344588503655075,0.22661891344520096,0.3002728566279007,1,OC_STI_33N,0,1
0.13794830702346506,0.22403069607982387,0.05186591796710616,1,RREAS_Myctophids,0,1
0.4076884974581939,0.4354977589749595,0.37987923594142825,1,RREAS_YOYsardine,0,1
-0.07313796757929543,0.0192279775952941,-0.16550391275388487,1,age1SprSardmeanWAA,0,0
0.1582388503315152,0.22998195196229143,0.086495748700739,1,meanSSBwt,0,1
-0.7074164969263639,-0.6469306177305552,-0.7679023761221727,1,ZM_NorCal,0,1
-0.5834121593640806,-0.4617125940032418,-0.7051117247249195,1,ZM_SoCal,0,1
0.302456204975166,0.3485552112684235,0.2563571986819086,1,sardRec,0,1
-0.0280680618258511,0.01476914320825537,-0.0709052668599576,1,anchBioSmrySeas1,0,0
0.5507119154944848,0.6210762231899216,0.48034760779904806,1,summerSST,0,1
0.2134627585884129,0.17559298511281612,0.25133253206400974,1,avgOffTransspring,0,1
-0.14268344888899528,-0.1194944517060422,-0.1658724460719484,1,avgOffTranssummer,0,1
-0.17309290354767817,-0.21119771582225672,-0.13498809127309966,1,sprRelOffTrans,0,1
-0.2941930522781171,-0.3560598950484993,-0.2323262095077349,1,sumRelOffTrans,0,1
0.27908128362379614,0.4401598949520612,0.11800267229553127,1,meanK,0,1
-0.4006264844844808,-0.3974531781294021,-0.4037997908395596,1,OC_LUSI_39N,0,1
0.027283406087501016,0.010047777878173791,0.04451903429682827,1,sardSpawnHab,0,1
0.5883610390117248,0.7258660584635525,0.450856019559897,1,sardNurseHab,0,1
0.7351641370243025,0.8159895243138212,0.6543387497347839,1,springSST,0,1
-0.023333789273423763,-0.026778131912929104,-0.019889446633918395,1,randTest,0,1
0.2293559502671956,0.13168891043743072,0.3270229900969605,2,NCOPspring,0,1
0.10295169890461292,0.15588733309381897,0.05001606471540693,2,NCOPsummerlag1,0,1
0.24825643183924753,0.01990937814518845,0.47660348553330656,2,BEUTI_33N,0,1
0.21902183809759146,0.1150615378737134,0.3229821383214696,2,BEUTI_39N,0,1
0.16803264050477773,0.05540972838153757,0.2806555526280179,2,CUTI_33N,0,1
0.12213946075807557,0.13166790360949235,0.11261101790665873,2,CUTI_39N,0,1
0.1331354091036549,0.13130469847787618,0.1349661197294338,2,OC_LUSI_33N,0,1
-0.10827870356715222,-0.11621312584701657,-0.10034428128728773,2,OC_STI_33N,0,1
-0.11364139291466815,-0.012015073993768471,-0.21526771183556787,2,RREAS_Myctophids,0,1
-0.04828286053259581,0.09876951890455235,-0.19533523996974395,2,RREAS_YOYsardine,0,0
1.5299352751611817e-4,-0.03359920866845367,0.03390519572348594,2,age1SprSardmeanWAA,0,0
0.027471758654180056,0.1760005125866967,-0.12105699527833658,2,meanSSBwt,0,0
0.19321015987233522,0.21190106533133346,0.174519254413337,2,ZM_NorCal,0,1
0.05410081812475953,0.18538274962247447,-0.07718111337295527,2,ZM_SoCal,0,0
-0.2225619856917019,-0.3048152655462213,-0.14030870583718252,2,sardRec,0,1
0.1702618371658851,0.15357359748077654,0.18695007685099374,2,anchBioSmrySeas1,0,1
-0.051865518963112034,0.13451536463572888,-0.23824640256195295,2,summerSST,0,0
-0.1873512800436732,-0.3568679440634314,-0.017834616023914895,2,avgOffTransspring,0,1
0.036640745074495634,0.04390674976193715,0.029374740387054066,2,avgOffTranssummer,0,1
0.2143518265300768,0.013178355806437059,0.41552529725371656,2,sprRelOffTrans,0,1
0.11306350533375947,0.13384403749293627,0.0922829731745827,2,sumRelOffTrans,0,1
0.08184960030575236,0.2745278087906873,-0.1108286081791825,2,meanK,0,0
0.16054768124456267,0.10416043614425469,0.2169349263448706,2,OC_LUSI_39N,0,1
0.014191137175270901,0.029355212342637937,-9.729379920962455e-4,2,sardSpawnHab,0,0
-0.13926364320590967,-0.1533621915287242,-0.1251650948830951,2,sardNurseHab,0,1
-0.15494335361504985,-0.0666280159644346,-0.24325869126566502,2,springSST,0,1
-0.06928133150537086,-0.17485880159223233,0.03629613858149064,2,randTest,0,0
-0.23490561490354664,-0.13487535181121152,-0.33493587799588176,3,NCOPspring,0,1
-0.2650478481507811,-0.03862576444812001,-0.4914699318534421,3,NCOPsummerlag1,0,1
0.1017587008321816,0.6276597303172244,-0.4241423286528612,3,BEUTI_33N,0,0
-0.10163372540645191,0.29548909826618835,-0.4987565490790922,3,BEUTI_39N,0,0
0.05077985060144192,0.49914877953754566,-0.39758907833466195,3,CUTI_33N,0,0
-0.06744974218112705,0.35112475291428186,-0.48602423727653604,3,CUTI_39N,0,0
0.4033433641779054,1.4239356933762655,-0.6172489650204547,3,OC_LUSI_33N,0,0
-0.3094386636722384,0.502489523203075,-1.1213668505475516,3,OC_STI_33N,0,0
0.3087424147287816,0.8419938182739632,-0.22450898881639994,3,RREAS_Myctophids,0,0
-0.28968275371642194,0.5906883223163825,-1.1700538297492264,3,RREAS_YOYsardine,0,0
-0.34032827556746154,0.37034863732111206,-1.0510051884560352,3,age1SprSardmeanWAA,0,0
-0.4973467645188572,0.6089306415321422,-1.6036241705698564,3,meanSSBwt,0,0
0.005410840334431372,0.668181289596024,-0.6573596089271613,3,ZM_NorCal,0,0
-0.02340466804614283,0.5150838003320208,-0.5618931364243066,3,ZM_SoCal,0,0
0.09669500094165817,0.47195123811674966,-0.27856123623343326,3,sardRec,0,0
-0.029274603349708266,0.3709365917753211,-0.42948579847473767,3,anchBioSmrySeas1,0,0
-0.17095812184516818,0.6182939682362418,-0.9602102119265781,3,summerSST,0,0
-0.13108393698300075,0.38506769916372907,-0.6472355731297306,3,avgOffTransspring,0,0
-0.36386600628348664,0.25339655825794133,-0.9811285708249147,3,avgOffTranssummer,0,0
0.09590032678763036,0.5740156156404128,-0.38221496206515215,3,sprRelOffTrans,0,0
0.4374132481504044,1.495635809686763,-0.620809313385954,3,sumRelOffTrans,0,0
-0.17199857553882383,0.49827698569679774,-0.8422741367744454,3,meanK,0,0
0.09543834928618332,0.6617251402983199,-0.4708484417259532,3,OC_LUSI_39N,0,0
0.5747159149403362,1.6598045888179076,-0.5103727589372351,3,sardSpawnHab,0,0
0.10989237083597851,0.5598277020197874,-0.34004296034783044,3,sardNurseHab,0,0
-0.02145191727732801,0.6824345684538315,-0.7253384030084875,3,springSST,0,0
-0.2049246139109883,0.24584331737157078,-0.6556925451935474,3,randTest,0,0
-0.5509527421258894,-0.3171667372542957,-0.7847387469974831,1,NCOPspring,0,1
-0.4664925645275065,-0.21773439023024063,-0.7152507388247723,1,NCOPsummerlag1,0,1
-0.13151442807206173,0.34746067729686836,-0.6104895334409919,1,BEUTI_33N,0,0
-0.4781853246719281,-0.09939304915525478,-0.8569776001886014,1,BEUTI_39N,0,1
-0.29237744651517167,0.09408453163409833,-0.6788394246644416,1,CUTI_33N,0,0
-0.4963162573087681,-0.16450501921977548,-0.8281274953977608,1,CUTI_39N,0,1
-0.3319731868251816,0.3860547234239625,-1.0500010970743259,1,OC_LUSI_33N,0,0
0.27325097548985755,0.8319259583248808,-0.2854240073451657,1,OC_STI_33N,0,0
0.11972456116206741,0.4614564608344873,-0.22200733851035256,1,RREAS_Myctophids,0,0
0.41614092203656206,0.9801760773384304,-0.14789423326530637,1,RREAS_YOYsardine,0,0
-0.06346763210294686,0.5654458239916152,-0.692381088197509,1,age1SprSardmeanWAA,0,0
0.16485804178666386,0.9692792672008046,-0.6395631836274768,1,meanSSBwt,0,0
-0.6899394467628353,-0.18059254187872545,-1.1992863516469452,1,ZM_NorCal,0,1
-0.5849417357199765,-0.1932835528234685,-0.9765999186164847,1,ZM_SoCal,0,1
0.28326875014872527,0.6257179205457712,-0.059180420248320736,1,sardRec,0,0
-0.010535525059068837,0.35729725883425417,-0.3783683089523919,1,anchBioSmrySeas1,0,0
0.5543808079091334,1.058390417427864,0.050371198390402834,1,summerSST,0,1
0.2150875183803606,0.7071581971266644,-0.27698316036594306,1,avgOffTransspring,0,0
-0.12869123361835322,0.30676816530157625,-0.5641506325382827,1,avgOffTranssummer,0,0
-0.17341682473236833,0.29055133485754747,-0.6373849843222842,1,sprRelOffTrans,0,0
-0.2950776842852121,0.3875845003707453,-0.9777398689411694,1,sumRelOffTrans,0,0
0.27496715373962854,0.7714903393745558,-0.2215560318952989,1,meanK,0,0
-0.39569678221380744,0.0530844394667621,-0.8444780038943769,1,OC_LUSI_39N,0,0
0.03274601303076191,0.8067958789444404,-0.7413038528829164,1,sardSpawnHab,0,0
0.5749109950191635,0.9849974842861317,0.16482450575219554,1,sardNurseHab,0,1
0.7266537360391618,1.2415037694782987,0.21180370260002493,1,springSST,0,1
-0.18132095874251164,0.08083593367552068,-0.44347785116054395,1,randTest,0,0
0.24054420677574134,0.1384739840555184,0.3426144294959643,2,NCOPspring,0,1
0.10956935470011611,0.1626159547454675,0.05652275465476472,2,NCOPsummerlag1,0,1
0.25531299751589126,0.5044579224528041,0.00616807257897839,2,BEUTI_33N,0,1
0.23661537599948895,0.42713509973604813,0.04609565226292972,2,BEUTI_39N,0,1
0.18724525899384403,0.4361424315381693,-0.06165191355048119,2,CUTI_33N,0,0
0.1435212597771022,0.3769797705390092,-0.08993725098480476,2,CUTI_39N,0,0
0.190698661624344,1.0241477726982475,-0.6427504494495596,2,OC_LUSI_33N,0,0
-0.14861552919034693,0.47234468180591405,-0.7695757401866079,2,OC_STI_33N,0,0
-0.09573066033538091,0.26737263321162147,-0.4588339538823833,2,RREAS_Myctophids,0,0
-0.10156344893852848,0.637894017698801,-0.8410209155758579,2,RREAS_YOYsardine,0,0
-0.03830272943768023,0.4861694846005232,-0.5627749434758839,2,age1SprSardmeanWAA,0,0
-0.03402965260756749,0.926054852159768,-0.9941141573749032,2,meanSSBwt,0,0
0.23656585568951283,0.7430755902013771,-0.2699438788223516,2,ZM_NorCal,0,0
0.0852175026825658,0.5341779159252713,-0.36374291056013963,2,ZM_SoCal,0,0
-0.2219596153059333,-0.0491803469868283,-0.39473888362503834,2,sardRec,0,1
0.17735344656831,0.41662383960443117,-0.061916946467811235,2,anchBioSmrySeas1,0,0
-0.10335872776845845,0.5768232099920054,-0.7835406655289224,2,summerSST,0,0
-0.21317817205327552,0.15946467011322207,-0.5858210142197731,2,avgOffTransspring,0,0
0.014271604436720431,0.4459710244795073,-0.41742781560606645,2,avgOffTranssummer,0,0
0.22977357341902915,0.506200869578221,-0.046653722740162856,2,sprRelOffTrans,0,0
0.1617200224115217,0.9669379068532377,-0.6434978620301942,2,sumRelOffTrans,0,0
0.0444049624036784,0.6455547514180616,-0.5567448266107047,2,meanK,0,0
0.1912476081170763,0.600522793398746,-0.21802757716459337,2,OC_LUSI_39N,0,0
0.06106330932411802,0.9073188593532364,-0.7851922407050005,2,sardSpawnHab,0,0
-0.1623772292324324,0.11846214773776553,-0.44321660620263026,2,sardNurseHab,0,0
-0.20276726949337875,0.3754019500362008,-0.7809364890229585,2,springSST,0,0
0.0019011646644103639,0.24569476119366548,-0.24189243186484483,2,randTest,0,0
0.273874835680065,0.15766141341548073,0.3900882579446493,3,NCOPspring,0,1
0.2778106512768958,0.07526823856409459,0.48035306398969707,3,NCOPsummerlag1,0,1
-0.04547671005656552,0.17346607035873915,-0.2644194904718702,3,BEUTI_33N,0,0
0.13128131803996573,0.16803955774630652,0.09452307833362483,3,BEUTI_39N,0,1
-0.008843966206263099,0.05953497449038103,-0.07722290690290717,3,CUTI_33N,0,0
0.11286421171669599,0.028180852642560636,0.19754757079083143,3,CUTI_39N,0,1
-0.35255511438203907,-0.3630313022978128,-0.34207892646626525,3,OC_LUSI_33N,0,1
0.2504994483587109,0.2327449299871105,0.2682539667303114,3,OC_STI_33N,0,1
-0.27633960511985795,-0.4282234753718202,-0.12445573486789568,3,RREAS_Myctophids,0,1
0.2465779132392591,0.05960802834749779,0.4335477981310204,3,RREAS_YOYsardine,0,1
0.363348614793457,0.3108568540311255,0.41584037555578846,3,age1SprSardmeanWAA,0,1
0.5136385493431435,0.29016699513553623,0.7371101035507507,3,meanSSBwt,0,1
0.02852301537519783,-0.06834463113478995,0.1253906618851855,3,ZM_NorCal,0,0
0.03547809437075777,-0.18308941012874763,0.25404559887026323,3,ZM_SoCal,0,0
-0.12687217374683826,-0.07144152756331776,-0.18230281993035874,3,sardRec,0,1
0.0077277978365554445,0.08557084883724009,-0.0701152531641292,3,anchBioSmrySeas1,0,0
0.13737888118856484,-0.10753211160450449,0.3822898739816341,3,summerSST,0,0
0.1269250937730791,0.27027630323134483,-0.016426115685186704,3,avgOffTransspring,0,0
0.3335774307573237,0.28632689049646454,0.3808279710181829,3,avgOffTranssummer,0,1
-0.07755962585147665,0.1125797062956124,-0.26769895799856563,3,sprRelOffTrans,0,0
-0.35234679620965603,-0.3859201550030522,-0.31877343741625996,3,sumRelOffTrans,0,1
0.21754471557127658,-0.0804379470410378,0.515527378183591,3,meanK,0,0
-0.05972475286532228,-0.05123249531023899,-0.06821701042040551,3,OC_LUSI_39N,0,1
-0.5470399315573122,-0.5949263553020719,-0.4991535078125523,3,sardSpawnHab,0,1
-0.11924324175910157,-0.22749824606183078,-0.01098823745637241,3,sardNurseHab,0,1
-0.006010602387875291,-0.17990212703698438,0.16788092226123377,3,springSST,0,0
-0.04259274009471067,-0.15045459820748766,0.06526911801806634,3,randTest,0,0
0.5609562818317824,0.7963590049934735,0.32555355867009134,1,NCOPspring,0,1
0.47790669558058435,0.675165187731706,0.28064820342946273,1,NCOPsummerlag1,0,1
0.1338556559466552,0.046884482682505446,0.22082682921080493,1,BEUTI_33N,0,1
0.48449703413661005,0.49049681074985824,0.4784972575233618,1,BEUTI_39N,0,1
0.30066377672793987,0.26065584799168284,0.34067170546419695,1,CUTI_33N,0,1
0.5050904393965984,0.5362875160861845,0.47389336270701227,1,CUTI_39N,0,1
0.3037921937945589,0.09963081037662244,0.5079535772124955,1,OC_LUSI_33N,0,1
-0.2488428147323784,-0.3849062650684142,-0.11277936439634265,1,OC_STI_33N,0,1
-0.14369457837955432,-0.12439399233467122,-0.1629951644244375,1,RREAS_Myctophids,0,1
-0.3918306029397299,-0.5092218211199813,-0.27443938475947843,1,RREAS_YOYsardine,0,1
0.0829786765332449,0.07404289060985036,0.09191446245663944,1,age1SprSardmeanWAA,0,1
-0.13363624468586927,-0.22733927139970034,-0.03993321797203818,1,meanSSBwt,0,1
0.6861785254956372,0.6385835141392812,0.7337735368519935,1,ZM_NorCal,0,1
0.569317731128913,0.5912696684104628,0.5473657938473634,1,ZM_SoCal,0,1
-0.2870485578607818,-0.2759485413249895,-0.29814857439657405,1,sardRec,0,1
0.021383506476102807,-0.03623453336036217,0.07900154631256778,1,anchBioSmrySeas1,0,0
-0.5328102231544722,-0.598773401287475,-0.4668470450214696,1,summerSST,0,1
-0.20165919022252018,-0.3119146427142962,-0.09140373773074414,1,avgOffTransspring,0,1
0.1522418527751047,0.10203714254364249,0.20244656300656694,1,avgOffTranssummer,0,1
0.16000112979276437,0.07189921807557423,0.24810304150995457,1,sprRelOffTrans,0,1
0.26737083416467544,0.07813514626404439,0.45660652206530655,1,sumRelOffTrans,0,1
-0.2596527674842733,-0.23293403300133625,-0.28637150196721034,1,meanK,0,1
0.387379767604822,0.31957525587677105,0.455184279332873,1,OC_LUSI_39N,0,1
-0.065909610373215,-0.24504525116006703,0.11322603041363716,1,sardSpawnHab,0,0
-0.5804424924036816,-0.5106036002895,-0.6502813845178631,1,sardNurseHab,0,1
-0.7154858441484093,-0.7575912568053154,-0.6733804314915031,1,springSST,0,1
-0.12351699020656581,-0.175865070071381,-0.07116891034175063,1,randTest,0,1
0.2648774170545971,0.3760320066334429,0.15372282747575136,2,NCOPspring,0,1
0.12075908881781543,0.3885344096206073,-0.1470162319849765,2,NCOPsummerlag1,0,0
0.2753144781334347,0.6745476027437706,-0.12391864647690118,2,BEUTI_33N,0,0
0.2702927860039493,0.6377902385721447,-0.09720466656424612,2,BEUTI_39N,0,0
0.2111059839033242,0.6034029744704542,-0.18119100666380591,2,CUTI_33N,0,0
0.17686440161657213,0.5887071710494376,-0.23497836781629322,2,CUTI_39N,0,0
0.22959260848130747,1.162034213710263,-0.7028489967476481,2,OC_LUSI_33N,0,0
-0.17770145400199544,0.5322173320846982,-0.8876202400886891,2,OC_STI_33N,0,0
-0.10786312380024626,0.36344011292518247,-0.579166360525675,2,RREAS_Myctophids,0,0
-0.14160894003855612,0.7295777589063994,-1.0127956389835115,2,RREAS_YOYsardine,0,0
-0.047234407217520244,0.626662867919771,-0.7211316823548115,2,age1SprSardmeanWAA,0,0
-0.053997676074460904,1.0109256253499939,-1.1189209774989157,2,meanSSBwt,0,0
0.27742239013110037,0.9444736098548359,-0.38962882959263534,2,ZM_NorCal,0,0
0.10054863811352527,0.6827012594533229,-0.4816039832262725,2,ZM_SoCal,0,0
-0.2285267952172126,0.09048490879055,-0.5475384992249752,2,sardRec,0,0
0.21054237836258913,0.590641393687493,-0.16955663696231466,2,anchBioSmrySeas1,0,0
-0.1384590996478909,0.6662790990125402,-0.9431972983083223,2,summerSST,0,0
-0.2423147357439446,0.23342458079755474,-0.71805405228544406,2,avgOffTransspring,0,0
0.010607843264762787,0.5469259678927798,-0.5257102813632542,2,avgOffTranssummer,0,0
0.251887237681064,0.6421058407600247,-0.13833136539789676,2,sprRelOffTrans,0,0
0.1950146219287517,1.1094216895142792,-0.7193924456567757,2,sumRelOffTrans,0,0
0.03169860018423776,0.7792443491823202,-0.7158471488138448,2,meanK,0,0
0.21842343297396533,0.7325205751054029,-0.2956737091574722,2,OC_LUSI_39N,0,0
0.0924296425866811,1.1385157038607285,-0.9536564186873664,2,sardSpawnHab,0,0
-0.18801806442182592,0.26174108565288723,-0.6377772144965392,2,sardNurseHab,0,0
-0.2447160759911831,0.4844296553154108,-0.9738618072977772,2,springSST,0,0
-0.20528412601185422,0.12428636226640792,-0.5348546142901164,2,randTest,0,0
0.24917878843512223,0.3537455207305788,0.1446120561396657,3,NCOPspring,0,1
0.26236923506113913,0.26662188551336646,0.25811658460891174,3,NCOPsummerlag1,0,1
-0.041507227821478046,0.3150495266418474,-0.3980639822848034,3,BEUTI_33N,0,0
0.09992851896671108,0.3227555981395769,-0.1228985602061547,3,BEUTI_39N,0,0
-0.029468349672578664,0.19778239076598253,-0.25671909011113986,3,CUTI_33N,0,0
0.06528153321607087,0.17274849760890681,-0.04218543117676504,3,CUTI_39N,0,0
-0.36839835116751135,-0.09403650584919618,-0.6427601964858265,3,OC_LUSI_33N,0,1
0.26293484321141525,0.47642638319172065,0.04944330323111004,3,OC_STI_33N,0,1
-0.2688552435630198,-0.2367554322151381,-0.3009550549109016,3,RREAS_Myctophids,0,1
0.2880869056179721,0.38762617813694494,0.1885476330989993,3,RREAS_YOYsardine,0,1
0.32905093172142846,0.5640517680034643,0.09405009543939258,3,age1SprSardmeanWAA,0,1
0.48260254659069923,0.628927985951782,0.33627710722961657,3,meanSSBwt,0,1
-0.015870813291987557,0.141946790697152,-0.173688417281127,3,ZM_NorCal,0,0
2.1858110937991726e-4,0.005813385500206138,-0.005376223281446324,3,ZM_SoCal,0,0
-0.133508710231261,0.03615322928901041,-0.30317064975153246,3,sardRec,0,0
-0.00640636342072895,0.24025304542315812,-0.253065772264616,3,anchBioSmrySeas1,0,0
0.17948263131455328,0.20857737864988923,0.15038788397921735,3,summerSST,0,1
0.12991190806530623,0.45299671816091364,-0.1931729020303012,3,avgOffTransspring,0,0
0.3270337935244007,0.474019126436778,0.18004846061202337,3,avgOffTranssummer,0,1
-0.06967342934003315,0.2683271491598621,-0.4076740078399284,3,sprRelOffTrans,0,0
-0.3742143582183287,-0.13406754080372446,-0.6143611756329328,3,sumRelOffTrans,0,1
0.2251894577377152,0.21822947001685877,0.23214944545857172,3,meanK,0,1
-0.07472787611903273,0.12546344022822375,-0.27491919246628915,3,OC_LUSI_39N,0,0
-0.5785211384372486,-0.28826971557476466,-0.8687725612997329,3,sardSpawnHab,0,1
-0.10669437605579636,0.02351335465723775,-0.2369021067688304,3,sardNurseHab,0,0
0.040322372371612986,0.14181855411318683,-0.061173809369960815,3,springSST,0,0
0.037964325874038966,0.311791337164398,-0.23586268541632,3,randTest,0,0
0.6030133915684925,0.8606642593162394,0.34536252382074567,1,NCOPspring,0,1
0.5161315180873768,0.7361897484701384,0.29607328770461505,1,NCOPsummerlag1,0,1
0.1260395227756004,0.1352246331837495,0.1168544123674513,1,BEUTI_33N,0,1
0.503845927262257,0.589706937977617,0.41798491654689707,1,BEUTI_39N,0,1
0.29434400098246766,0.3351654496377566,0.2535225523271788,1,CUTI_33N,0,1
0.5181862748756045,0.6186144153013937,0.41775813444981524,1,CUTI_39N,0,1
0.2693787977070605,0.18322148655000853,0.35553610886411247,1,OC_LUSI_33N,0,1
-0.22958746271250113,-0.27865344363931976,-0.18052148178568256,1,OC_STI_33N,0,1
-0.17651604738963603,-0.1129835151504599,-0.24004857962881215,1,RREAS_Myctophids,0,1
-0.36739178918595394,-0.3864515703488169,-0.348332008023091,1,RREAS_YOYsardine,0,1
0.1424938271573925,0.2206870850881773,0.0643005692266077,1,age1SprSardmeanWAA,0,1
-0.05074096115738551,-0.05015921499079179,-0.05132270732397917,1,meanSSBwt,0,1
0.6954650660450422,0.7358637805417632,0.6550663515483213,1,ZM_NorCal,0,1
0.5802793145293967,0.6559261573699317,0.5046324716888618,1,ZM_SoCal,0,1
-0.30672770655394804,-0.24612382191653223,-0.3673315911913639,1,sardRec,0,1
0.022457270711243545,0.050803766493143665,-0.005889225070656548,1,anchBioSmrySeas1,0,0
-0.5215272862201353,-0.5068657123767565,-0.536188860063514,1,summerSST,0,1
-0.18832313965928338,-0.2037445032575838,-0.17290177606098295,1,avgOffTransspring,0,1
0.19389940296381056,0.2160216919892168,0.17177711393840436,1,avgOffTranssummer,0,1
0.16022988472726876,0.155766552362097,0.16469321709244056,1,sprRelOffTrans,0,1
0.23363051307394167,0.1622921483439968,0.3049688778038865,1,sumRelOffTrans,0,1
-0.23180421357240105,-0.14487686621605217,-0.31873156092874994,1,meanK,0,1
0.38836999400473793,0.38896342431153363,0.38777656369794206,1,OC_LUSI_39N,0,1
-0.12758425644309296,-0.16107088760093705,-0.0940976252852489,1,sardSpawnHab,0,1
-0.5960685910722949,-0.4784226024768278,-0.7137145796677622,1,sardNurseHab,0,1
-0.7234807045799776,-0.6824185478172957,-0.7645428613426594,1,springSST,0,1
0.06860377343228011,0.12676215878810002,0.010445388076460158,1,randTest,0,1
0.20321239385993786,0.29003940358674074,0.11638538413313498,2,NCOPspring,0,1
0.07786990126710486,0.3192663092696181,-0.16352650673540833,2,NCOPsummerlag1,0,0
0.24430778880062068,0.6621857182441087,-0.17357014064286724,2,BEUTI_33N,0,0
0.20292590846485575,0.5495819700990017,-0.14373015316929016,2,BEUTI_39N,0,0
0.16852485619182944,0.5409210303548329,-0.20387131797117403,2,CUTI_33N,0,0
0.10950213145036483,0.4846314115141789,-0.26562714861344927,2,CUTI_39N,0,0
0.18334702915141313,1.2397297109397516,-0.8730356526369253,2,OC_LUSI_33N,0,0
-0.14272965501430537,0.6831783923221973,-0.968637702350808,2,OC_STI_33N,0,0
-0.08291222610828379,0.3960713599866709,-0.5618958122032385,2,RREAS_Myctophids,0,0
-0.08387372315901032,0.8292916893126356,-0.9970391356306562,2,RREAS_YOYsardine,0,0
-0.04454633541164399,0.7111867446364812,-0.8002794154597692,2,age1SprSardmeanWAA,0,0
-0.038740882245163644,1.2175135758265054,-1.2949953403168328,2,meanSSBwt,0,0
0.1966445186193682,0.8872194702644638,-0.4939304330257273,2,ZM_NorCal,0,0
0.054275839064674536,0.6543815625151624,-0.5458298843858134,2,ZM_SoCal,0,0
-0.20312560929712772,0.12754645166065426,-0.5337976702549098,2,sardRec,0,0
0.17055222838637368,0.5457506110999278,-0.20464615432718042,2,anchBioSmrySeas1,0,0
-0.07634716743142617,0.7614934798917815,-0.9141878147546338,2,summerSST,0,0
-0.20237841090234412,0.3045540153961654,-0.7093108372008535,2,avgOffTransspring,0,0
0.0014668402503530686,0.5451758912668614,-0.5422422107661553,2,avgOffTranssummer,0,0
0.22164179653084706,0.6586487956103473,-0.21536520254865316,2,sprRelOffTrans,0,0
0.15312296412280754,1.1339000214446284,-0.8276540931990132,2,sumRelOffTrans,0,0
0.05107796179258217,0.8529844971847294,-0.750828573599565,2,meanK,0,0
0.17317422928692902,0.76172248371497,-0.4153740251411119,2,OC_LUSI_39N,0,0
0.07062531941854822,1.1186593508188905,-0.977408711981794,2,sardSpawnHab,0,0
-0.13232819580418195,0.3635668383299874,-0.6282232299383513,2,sardNurseHab,0,0
-0.16279862616178373,0.6041153501334424,-0.9297126024570102,2,springSST,0,0
-0.003377342695689574,0.33861586894124956,-0.3453705543326287,2,randTest,0,0
0.13985809770769556,0.19961557696069818,0.08010061845469296,3,NCOPspring,0,1
0.1696567879567701,0.13373818233023294,0.20557539358330723,3,NCOPsummerlag1,0,1
-0.06082525150602143,0.2985214662721833,-0.4201719692842261,3,BEUTI_33N,0,0
0.02966179668727549,0.22628543436292653,-0.16696184098837555,3,BEUTI_39N,0,0
-0.06170208999166035,0.1597435414014735,-0.2831477213847942,3,CUTI_33N,0,0
0.010531701696169973,0.08866397737683787,-0.06760057398449792,3,CUTI_39N,0,0
-0.4314764574559488,-0.15537870585049368,-0.707574209061404,3,OC_LUSI_33N,0,1
0.3264823338373437,0.5394836123306925,0.11348105534399475,3,OC_STI_33N,0,1
-0.226846927096144,-0.2122904632178046,-0.2414033909744835,3,RREAS_Myctophids,0,1
0.3301822849868946,0.3911445264534847,0.26922004352030454,3,RREAS_YOYsardine,0,1
0.337171663754844,0.5600235783988394,0.11431974911084827,3,age1SprSardmeanWAA,0,1
0.5535121734200934,0.6958384616881286,0.41118588515205823,3,meanSSBwt,0,1
-0.1255206881206778,0.00772982070465468,-0.25877119694601025,3,ZM_NorCal,0,0
-0.09058676134721189,-0.11283144486366715,-0.06834207783075658,3,ZM_SoCal,0,1
-0.060956642990370166,0.12404565843215092,-0.24595894441289123,3,sardRec,0,0
0.0029031346925508933,0.2009389049608724,-0.19513263557577062,3,anchBioSmrySeas1,0,0
0.2488800084710367,0.24201524219647896,0.2557447747455945,3,summerSST,0,1
0.16582163913147155,0.49227939563781087,-0.16063611737486783,3,avgOffTransspring,0,0
0.2762110320583734,0.4123731337881319,0.14004893032861462,3,avgOffTranssummer,0,1
-0.12164266221243011,0.2375592069544055,-0.4808445313792658,3,sprRelOffTrans,0,0
-0.40230314830136993,-0.16783279458253847,-0.6367735020202014,3,sumRelOffTrans,0,1
0.2687482939349211,0.21762164291646274,0.3198749449533795,3,meanK,0,1
-0.16287074863755838,0.03713484874546355,-0.36287634602058016,3,OC_LUSI_39N,0,0
-0.5075992493238074,-0.2522532503263172,-0.7629452483212977,3,sardSpawnHab,0,1
0.026159471678340082,0.12667782014782802,-0.07435887679114783,3,sardNurseHab,0,0
0.15635996132593905,0.22554946310907276,0.08717045954280526,3,springSST,0,1
-0.10501007916113772,-0.06386175474494495,-0.1461584035773305,3,randTest,0,1
0.59845213808989,0.8551404225485333,0.34176385363124645,1,NCOPspring,0,1
0.5144251827461402,0.7229179402046968,0.30593242528758363,1,NCOPsummerlag1,0,1
0.13442947359832444,0.4534995406260889,-0.18464059342943998,1,BEUTI_33N,0,0
0.5099404470572143,0.7576878033064909,0.2621930908079378,1,BEUTI_39N,0,1
0.2909552491533446,0.5111307461619682,0.07077975214472094,1,CUTI_33N,0,1
0.5178031949454386,0.6986675322936817,0.33693885759719544,1,CUTI_39N,0,1
0.26424141398041257,0.4992701016588369,0.029212726301988248,1,OC_LUSI_33N,0,1
-0.22645162725512075,-0.026352965187149538,-0.42655028932309186,1,OC_STI_33N,0,1
-0.18480649025717033,-0.04524938392794017,-0.3243635965864005,1,RREAS_Myctophids,0,1
-0.36130076584496085,-0.22054829841931842,-0.5020532332706034,1,RREAS_YOYsardine,0,1
0.12073982919333445,0.43842783082739084,-0.19694817244072194,1,age1SprSardmeanWAA,0,0
-0.09594304393405839,0.15581902291969124,-0.3477051107878081,1,meanSSBwt,0,0
0.6928673706849642,0.8948430846237249,0.49089165674620333,1,ZM_NorCal,0,1
0.5748416653602336,0.7099083373805046,0.43977499333996256,1,ZM_SoCal,0,1
-0.307523274417627,-0.07356630367532586,-0.5414802451599281,1,sardRec,0,1
0.030151006316246416,0.29130277657485193,-0.23100076394235913,1,anchBioSmrySeas1,0,0
-0.5104702959522872,-0.39414378960756813,-0.6267968022970063,1,summerSST,0,1
-0.18712765905720488,0.07280679720772776,-0.4470621153221376,1,avgOffTransspring,0,0
0.19591795022495515,0.37047827900507485,0.021357621444835495,1,avgOffTranssummer,0,1
0.15771535363729947,0.44589846371285324,-0.13046775643825434,1,sprRelOffTrans,0,0
0.22035622149916778,0.42259353801975796,0.018118904978577724,1,sumRelOffTrans,0,1
-0.24240611798851003,-0.08199315044992979,-0.4028190855270902,1,meanK,0,1
0.3786380851469141,0.5770716596505286,0.18020451064329962,1,OC_LUSI_39N,0,1
-0.12954157582216017,0.13746032791140206,-0.3965434795557225,1,sardSpawnHab,0,0
-0.5932982546299107,-0.37039333104909306,-0.8162031782107282,1,sardNurseHab,0,1
-0.7160890802790117,-0.5419483237641772,-0.8902298367938462,1,springSST,0,1
-0.12345689462856638,0.030562779494191783,-0.27747656875132454,1,randTest,0,0
0.21324681782571472,0.304712711837987,0.12178092381344248,2,NCOPspring,0,1
0.08812088300933224,0.32128824203107237,-0.1450464760124079,2,NCOPsummerlag1,0,0
0.24566580815164443,0.2895334531884963,0.2017981631147926,2,BEUTI_33N,0,1
0.21737573953444572,0.44077411739516126,-0.006022638326269786,2,BEUTI_39N,0,0
0.1620491809615909,0.3321090784566261,-0.008010716533444248,2,CUTI_33N,0,0
0.11663609269152156,0.4613464220912084,-0.22807423670816526,2,CUTI_39N,0,0
0.17961345974945467,1.0253397890424045,-0.6661128695434952,2,OC_LUSI_33N,0,0
-0.1429558436445163,0.5299014223731602,-0.8158131096621929,2,OC_STI_33N,0,0
-0.10019000014529406,0.2748103980684865,-0.4751903983590746,2,RREAS_Myctophids,0,0
-0.0822379642232081,0.7964296569752746,-0.9609055854216909,2,RREAS_YOYsardine,0,0
-0.060114392171356223,0.58851681606047,-0.7087456004031825,2,age1SprSardmeanWAA,0,0
-0.04617604330922964,1.0623247412778314,-1.1546768278962904,2,meanSSBwt,0,0
0.20540342362970182,0.8579165565211199,-0.44710970926171634,2,ZM_NorCal,0,0
0.05803705472488048,0.689953097565192,-0.5738789881154309,2,ZM_SoCal,0,0
-0.2052330291920761,-0.08881209155216492,-0.32165396683198727,2,sardRec,0,1
0.18322558382452114,0.2557461027291071,0.11070506491993518,2,anchBioSmrySeas1,0,1
-0.07425308409305603,0.7605318944297945,-0.9090380626159067,2,summerSST,0,0
-0.20385747559478617,0.04001074981764206,-0.4477257010072145,2,avgOffTransspring,0,0
0.013241096343002197,0.4019537326807268,-0.3754715399947224,2,avgOffTranssummer,0,0
0.22271043481217057,0.33760361626708413,0.10781725335725695,2,sprRelOffTrans,0,1
0.14004704006324875,0.8820948732061196,-0.602000793079622,2,sumRelOffTrans,0,0
0.052755299591419474,0.8561188231565108,-0.7506082239736719,2,meanK,0,0
0.1727478176568192,0.5949868584017872,-0.2494912230881488,2,OC_LUSI_39N,0,0
0.05780280965806947,0.9127839628597503,-0.7971783435436114,2,sardSpawnHab,0,0
-0.14429132089573213,0.3239409317678913,-0.6125235735593555,2,sardNurseHab,0,0
-0.16981300937716504,0.5793888335616133,-0.9190148523159434,2,springSST,0,0
-0.06988785124475586,0.4617833593467199,-0.6015590618362316,2,randTest,0,0
-0.11957534769380743,-0.17086364446727295,-0.06828705092034192,3,NCOPspring,0,1
-0.13407308996340384,-0.12350964988080718,-0.1446365300460005,3,NCOPsummerlag1,0,1
0.05891716380863857,0.5790318703597135,-0.4611975427424363,3,BEUTI_33N,0,0
0.033262781191114685,0.40843355626006017,-0.3419079938778308,3,BEUTI_39N,0,0
0.05577298443369153,0.39824262934646965,-0.28669666047908654,3,CUTI_33N,0,0
0.0423390795795518,0.3250822005020947,-0.240404041342991,3,CUTI_39N,0,0
0.45593444636920755,1.4362061251469762,-0.524337232408561,3,OC_LUSI_33N,0,0
-0.35340287316544,0.4142104310045903,-1.1210161773354703,3,OC_STI_33N,0,0
0.19046244387865938,0.4594960501061197,-0.07857116234880096,3,RREAS_Myctophids,0,0
-0.3715062043958622,0.3276112062186737,-1.070623615010398,3,RREAS_YOYsardine,0,0
-0.39096208543226463,0.356278533750929,-1.1382027046154581,3,age1SprSardmeanWAA,0,0
-0.5561098430201824,0.40695293712239666,-1.5191726231627616,3,meanSSBwt,0,0
0.1981097300800397,0.7916502808926495,-0.39543082073257013,3,ZM_NorCal,0,0
0.14861428560787426,0.5508478840865613,-0.25361931287081263,3,ZM_SoCal,0,0
0.06315162903388699,0.3689497626565403,-0.24264650458876633,3,sardRec,0,0
0.0259138844934169,0.44519753441073917,-0.39336976542390534,3,anchBioSmrySeas1,0,0
-0.28694338859779556,0.27591989808443096,-0.8498066752800222,3,summerSST,0,0
-0.1703554519343052,0.4171194904088293,-0.7578303942774397,3,avgOffTransspring,0,0
-0.25120618696107877,0.16957415667318698,-0.6719865305953445,3,avgOffTranssummer,0,0
0.11209486502013413,0.6493806583447517,-0.4251909283044834,3,sprRelOffTrans,0,0
0.3909292652757465,1.213247951088142,-0.4313894205366491,3,sumRelOffTrans,0,0
-0.2903273819734398,0.20676224635560053,-0.7874170103024801,3,meanK,0,0
0.17671970706863085,0.7055832819699094,-0.35214386783264773,3,OC_LUSI_39N,0,0
0.5195449239204547,1.4541405827174676,-0.4150507348765582,3,sardSpawnHab,0,0
-0.09324195003088333,0.2939489955831737,-0.4804328956449405,3,sardNurseHab,0,0
-0.21991362312928064,0.36133494279937,-0.8011621890579312,3,springSST,0,0
-0.268321848619652,0.2665699036652059,-0.8032136009045099,3,randTest,0,0
0.5909776696354436,0.835962009602509,0.34599332966837826,1,NCOPspring,0,1
0.4969133725802617,0.712961071055051,0.2808656741054723,1,NCOPsummerlag1,0,1
0.14722966579705046,0.08935663359711543,0.20510269799698552,1,BEUTI_33N,0,1
0.4968629579470915,0.5332891110575433,0.46043680483663973,1,BEUTI_39N,0,1
0.30312495283019886,0.29701375343096137,0.30923615222943635,1,CUTI_33N,0,1
0.5099955915001837,0.5734318922080115,0.4465592907923559,1,CUTI_39N,0,1
0.31159063260017755,0.16698002004902582,0.4562012451513293,1,OC_LUSI_33N,0,1
-0.26048052388340953,-0.3521237975233599,-0.16883725024345922,1,OC_STI_33N,0,1
-0.15471722948739808,-0.1112495397198214,-0.1981849192549747,1,RREAS_Myctophids,0,1
-0.3875651801823856,-0.44674612426437005,-0.3283842361004012,1,RREAS_YOYsardine,0,1
0.09623756624886146,0.1217349222193751,0.07074021027834776,1,age1SprSardmeanWAA,0,1
-0.12382171506127675,-0.16120399710718275,-0.08643943301537081,1,meanSSBwt,0,1
0.691266236622089,0.6902820431190652,0.6922504301251127,1,ZM_NorCal,0,1
0.5628727074112247,0.6204142406273674,0.5053311741950821,1,ZM_SoCal,0,1
-0.3014724281341605,-0.27320288643817847,-0.3297419698301425,1,sardRec,0,1
0.02128687749246836,0.007289898266269718,0.03528385671866702,1,anchBioSmrySeas1,0,1
-0.5300704058549862,-0.5469960204487592,-0.5131447912612133,1,summerSST,0,1
-0.19537781088713008,-0.26862294016525456,-0.12213268160900553,1,avgOffTransspring,0,1
0.15905657520595884,0.13726063671112737,0.1808525137007901,1,avgOffTranssummer,0,1
0.1697332544455287,0.11066933557281708,0.22879717331824032,1,sprRelOffTrans,0,1
0.28044854139811276,0.14267225970151018,0.41822482309471537,1,sumRelOffTrans,0,1
-0.2422692379282934,-0.16885231599333012,-0.31568615986325665,1,meanK,0,1
0.40482132290820344,0.37154867369539174,0.4380939721210151,1,OC_LUSI_39N,0,1
-0.08193717259387473,-0.1850143488776316,0.021140003689882225,1,sardSpawnHab,0,0
-0.6000843368370978,-0.5006780240195896,-0.6994906496546062,1,sardNurseHab,0,1
-0.7261978967565303,-0.7213538602498496,-0.7310419332632109,1,springSST,0,1
0.24305643249543568,0.24618460252580865,0.23992826246506271,1,randTest,0,1
0.24274032734595455,0.34336609027016424,0.14211456442174486,2,NCOPspring,0,1
0.10753815501024964,0.36014779259119395,-0.1450714825706947,2,NCOPsummerlag1,0,0
0.2614653582408625,0.6863055638247108,-0.1633748473429859,2,BEUTI_33N,0,0
0.23610086689823132,0.6045444279704596,-0.13234269417399686,2,BEUTI_39N,0,0
0.17960715992419585,0.5701035748916471,-0.2108892550432555,2,CUTI_33N,0,0
0.13560872573707547,0.5458153038871089,-0.274597852412958,2,CUTI_39N,0,0
0.18955117264287388,1.155439978789952,-0.776337633504204,2,OC_LUSI_33N,0,0
-0.15180786500059107,0.5807538166419063,-0.8843695466430883,2,OC_STI_33N,0,0
-0.1060064519105365,0.38799205179611446,-0.6000049556171875,2,RREAS_Myctophids,0,0
-0.09101298355236295,0.7992047254904906,-0.9812306925952164,2,RREAS_YOYsardine,0,0
-0.03526817905065936,0.6881127395078214,-0.7586490976091401,2,age1SprSardmeanWAA,0,0
-0.02651948483853192,1.089164358205543,-1.142203327882607,2,meanSSBwt,0,0
0.2208277173292645,0.8986561456888628,-0.4570007110303337,2,ZM_NorCal,0,0
0.060623876509896646,0.6495315742510867,-0.5282838212312935,2,ZM_SoCal,0,0
-0.2242433188276528,0.1122920567080828,-0.5607786943633885,2,sardRec,0,0
0.18501287869899324,0.570388221216215,-0.2003624638182286,2,anchBioSmrySeas1,0,0
-0.08753479732478087,0.7447251373466424,-0.919794731996204,2,summerSST,0,0
-0.20858145519273222,0.2833136918135387,-0.7004766021990031,2,avgOffTransspring,0,0
0.01805513026556295,0.5982803615569303,-0.5621701010258044,2,avgOffTranssummer,0,0
0.23519847197243807,0.646543349295532,-0.17614640535065595,2,sprRelOffTrans,0,0
0.16200429412149184,1.1383132889190941,-0.8143047006761104,2,sumRelOffTrans,0,0
0.06327315481164879,0.8166623632831451,-0.6901160536598475,2,meanK,0,0
0.1947088726559253,0.7196691378987806,-0.3302513925869301,2,OC_LUSI_39N,0,0
0.05131756111143501,1.114553177696774,-1.0119180554739042,2,sardSpawnHab,0,0
-0.16256475311710872,0.2964573911447813,-0.6215868973789989,2,sardNurseHab,0,0
-0.19425202540580136,0.5483030944027323,-0.9368071452143351,2,springSST,0,0
0.19654595381344542,0.5106186108058479,-0.11752670317895703,2,randTest,0,0
0.23258566098171965,0.3290019006622466,0.1361694213011927,3,NCOPspring,0,1
0.25234419933946695,0.24102056621209006,0.2636678324668438,3,NCOPsummerlag1,0,1
-0.056610501760075344,0.28119564747272996,-0.39441665099288065,3,BEUTI_33N,0,0
0.083316588384762,0.2811411063342738,-0.11450792956474981,3,BEUTI_39N,0,0
-0.036967886891143845,0.16175535076732955,-0.23569112454961727,3,CUTI_33N,0,0
0.051759230224189684,0.1262549629634394,-0.022736502515060042,3,CUTI_39N,0,0
-0.381158154435319,-0.1520036692119984,-0.6103126396586398,3,OC_LUSI_33N,0,1
0.2701276462546972,0.4540696058112079,0.08618568669818655,3,OC_STI_33N,0,1
-0.2753843090251344,-0.26805881347206395,-0.2827098045782048,3,RREAS_Myctophids,0,1
0.301338165349743,0.3432660957398721,0.259410234959614,3,RREAS_YOYsardine,0,1
0.35475702481182425,0.5617863133025889,0.14772773632105965,3,age1SprSardmeanWAA,0,1
0.5045778969425897,0.6061910737638105,0.40296472012136897,3,meanSSBwt,0,1
-0.04148940076518004,0.07049697905187897,-0.1534757805822392,3,ZM_NorCal,0,0
-0.022969712541577175,-0.05694338784710296,0.01100396276394855,3,ZM_SoCal,0,0
-0.11594631154373042,0.044051357601469776,-0.2759439806889306,3,sardRec,0,0
0.006780161086631924,0.18507364449586616,-0.1715133223226023,3,anchBioSmrySeas1,0,0
0.20464459096827894,0.18174827119681514,0.22754091073974275,3,summerSST,0,1
0.14655165238908432,0.4383126199051648,-0.14520931512699617,3,avgOffTransspring,0,0
0.341292354518854,0.4617370273177583,0.22084768171994967,3,avgOffTranssummer,0,1
-0.08185755433907065,0.2386384816316744,-0.4023535903098157,3,sprRelOffTrans,0,0
-0.3992904666759879,-0.1988093362337141,-0.5997715971182618,3,sumRelOffTrans,0,1
0.23300757192126842,0.17856272160979442,0.28745242223274237,3,meanK,0,1
-0.08351078156229341,0.09883956943825284,-0.26586113256283966,3,OC_LUSI_39N,0,0
-0.5745866664472244,-0.35343522867907273,-0.7957381042153763,3,sardSpawnHab,0,1
-0.08521667920246781,0.022072616807729928,-0.1925059752126655,3,sardNurseHab,0,0
0.06385633203821806,0.12438516791373766,0.003327496162698333,3,springSST,0,1
0.02082932663377408,0.2338145676468368,-0.19215591437928864,3,randTest,0,0
0,0,0,0,,0,0
