est,conf.up,conf.low,trend,index,dummy0,isSig
-0.6176868969642302,-0.3657010631084516,-0.8696727308200088,1,NCOPspring,0,1
-0.5352074835113746,-0.3391871263496854,-0.7312278406730637,1,NCOPsummerlag1,0,1
-0.07513457854991903,0.0624463377821969,-0.212715494882035,1,BEUTI_33N,0,0
-0.5569339828153873,-0.5062877920669515,-0.6075801735638233,1,BEUTI_39N,0,1
-0.2109541764771371,-0.20844370384381958,-0.2134646491104547,1,CUTI_33N,0,1
-0.5507322819404937,-0.48789142604174573,-0.6135731378392416,1,CUTI_39N,0,1
-0.19289465900476147,-0.156166170529433,-0.22962314748008986,1,OC_LUSI_33N,0,1
0.15413887940613816,0.2063657608944437,0.10191199791783262,1,OC_STI_33N,0,1
0.23506805219187465,0.2818835958460027,0.18825250853774658,1,RREAS_Myctophids,0,1
0.3556213083828029,0.3403559695865838,0.370886647179022,1,RREAS_YOYsardine,0,1
0.00421070974363337,0.04761792860637348,-0.03919650911910677,1,age1SprSardmeanWAA,0,0
0.06992984826098396,0.1532871442907172,-0.013427447768749212,1,meanSSBwt,0,0
-0.684966820376449,-0.6004692094904094,-0.7694644312624885,1,ZM_NorCal,0,1
-0.5196991007648937,-0.4880364352799883,-0.5513617662497989,1,ZM_SoCal,0,1
0.21092582644837451,0.1289307425523815,0.2929209103443674,1,sardRec,0,1
-0.15067485480082105,-0.3513001526774478,0.049950443075805706,1,anchBioSmrySeas1,0,0
0.5083508033070929,0.5389319847757245,0.47776962183846144,1,summerSST,0,1
0.18970421791335557,0.21026725433313287,0.16914118149357832,1,avgOffTransspring,0,1
-0.24479026404460713,-0.18180440778643578,-0.3077761203027787,1,avgOffTranssummer,0,1
-0.10713748539169003,-0.030042844800480334,-0.1842321259828997,1,sprRelOffTrans,0,1
-0.12781086236855807,-0.08675440749646293,-0.16886731724065313,1,sumRelOffTrans,0,1
0.22250675595505737,0.3158151639780118,0.12919834793210294,1,meanK,0,1
-0.3310042957222457,-0.26164315816881323,-0.4003654332756782,1,OC_LUSI_39N,0,1
0.23273833488176823,0.2386326015701546,0.22684406819338176,1,sardSpawnHab,0,1
0.6224983094025388,0.767368511253433,0.47762810755164453,1,sardNurseHab,0,1
0.7078910660919776,0.7899439088831146,0.6258382233008406,1,springSST,0,1
-0.19694116326751043,-0.28718866347673006,-0.10669366305829073,1,randTest,0,1
-0.14294732226893705,-0.08463185471341474,-0.20126278982445936,2,NCOPspring,0,1
-0.04057354954420399,0.14387248800500294,-0.2250195870934109,2,NCOPsummerlag1,0,0
-0.03291765548363329,0.5078156046598702,-0.5736509156271368,2,BEUTI_33N,0,0
-0.23025099083564954,0.351077954526788,-0.8115799361980872,2,BEUTI_39N,0,0
0.05990527682733064,0.7188107904388062,-0.5990002367841449,2,CUTI_33N,0,0
-0.15061983314751975,0.5157572381150383,-0.8169969044100777,2,CUTI_39N,0,0
-0.06225084948958187,1.1015648515015286,-1.2260665504806922,2,OC_LUSI_33N,0,0
0.014808685459293848,0.8323945011050294,-0.8027771301864417,2,OC_STI_33N,0,0
0.12462104437730832,0.8809837709048509,-0.6317416821502343,2,RREAS_Myctophids,0,0
0.15437937645315908,1.4575037005209273,-1.1487449476146092,2,RREAS_YOYsardine,0,0
0.19195811801871038,1.0804159432526814,-0.6964997072152608,2,age1SprSardmeanWAA,0,0
0.037103363522661484,1.4075142673441796,-1.333307540298857,2,meanSSBwt,0,0
-0.13578026253254313,0.7682882308857226,-1.0398487559508087,2,ZM_NorCal,0,0
0.055479258484253204,0.929804132969845,-0.8188456160013384,2,ZM_SoCal,0,0
-0.1278393147198618,0.5623880195746083,-0.818066649014332,2,sardRec,0,0
-0.4208076543709315,0.5247371114910747,-1.3663524202329378,2,anchBioSmrySeas1,0,0
0.09842847730226018,1.3112735965545088,-1.1144166419499886,2,summerSST,0,0
0.1745677772548368,0.9222796247862156,-0.5731440702765422,2,avgOffTransspring,0,0
-0.046277456344827154,0.8137540626814896,-0.9063089753711437,2,avgOffTranssummer,0,0
-0.06578761317255152,0.4264661246369167,-0.5580413509820197,2,sprRelOffTrans,0,0
0.024424172628658702,1.389770924104496,-1.3409225788471786,2,sumRelOffTrans,0,0
-0.04775204618417478,0.9147229092614961,-1.0102270016298456,2,meanK,0,0
-0.03206948791927698,0.5429721582053532,-0.607111134043907,2,OC_LUSI_39N,0,0
-0.11381732911900981,1.5591695702827473,-1.7868042285207668,2,sardSpawnHab,0,0
0.07409355964226777,0.5528868847885426,-0.4046997655040072,2,sardNurseHab,0,0
0.1210412998245914,1.0714194196351858,-0.8293368199860032,2,springSST,0,0
-0.2212093345055247,0.8611959665452291,-1.3036146355562785,2,randTest,0,0
0.21765922279604472,0.1288649792687481,0.30645346632334136,3,NCOPspring,0,1
0.11699162141437086,-0.07165506323574353,0.3056383060644852,3,NCOPsummerlag1,0,0
0.2846320590131426,0.2826019690911745,0.28666214893511066,3,BEUTI_33N,0,1
0.19180976424578697,0.15466847513458606,0.2289510533569879,3,BEUTI_39N,0,1
0.2541000038794722,0.07453392241030055,0.43366608534864365,3,CUTI_33N,0,1
0.12752163561049093,0.1232489267554937,0.13179434446548827,3,CUTI_39N,0,1
0.20289547102386732,0.30196630526847845,0.10382463677925621,3,OC_LUSI_33N,0,1
-0.16670478941857408,-0.13290422728653226,-0.20050535155061594,3,OC_STI_33N,0,1
-0.032702889357925646,-0.0943419318000267,0.02893615308417547,3,RREAS_Myctophids,0,0
-0.0822448308840884,0.009208081928258352,-0.17369774369643504,3,RREAS_YOYsardine,0,0
-0.029326400532709317,-0.09224692796530587,0.03359412689988733,3,age1SprSardmeanWAA,0,0
-0.06325703586192985,-6.075787253431103e-4,-0.12590649299851653,3,meanSSBwt,0,1
0.24457319229908242,0.29188492900189406,0.19726145559627084,3,ZM_NorCal,0,1
0.12605371521923364,0.06424212132396037,0.1878653091145069,3,ZM_SoCal,0,1
-0.3034690251788281,-0.6324103539312412,0.025472303573585042,3,sardRec,0,0
0.015079522290006477,-0.3621958228836357,0.3923548674636487,3,anchBioSmrySeas1,0,0
-0.11696969820599973,-0.01970069272431719,-0.2142387036876822,3,summerSST,0,1
-0.1877355016637708,-0.12899285332177518,-0.24647815000576645,3,avgOffTransspring,0,1
-0.02943283193744159,-0.010720713654004448,-0.04814495022087864,3,avgOffTranssummer,0,1
0.23140418837354207,0.213846048357117,0.24896232838996712,3,sprRelOffTrans,0,1
0.23341255570783034,0.30794892288526027,0.15887618853040064,3,sumRelOffTrans,0,1
-0.004772052671503393,-0.014518284094236108,0.004974178751229297,3,meanK,0,0
0.20735099924009504,0.17891293235908878,0.23578906612110137,3,OC_LUSI_39N,0,1
0.03765561283191943,0.14621181095409752,-0.07090058529025849,3,sardSpawnHab,0,0
-0.17493120900833425,-0.25632752002369036,-0.09353489799297815,3,sardNurseHab,0,1
-0.2077894876624381,-0.15470855654622212,-0.2608704187786542,3,springSST,0,1
-0.06517433542601668,-0.11378597719730688,-0.016562693654726512,3,randTest,0,1
-0.12818032668829635,-0.07588906607842959,-0.18047158729816307,4,NCOPspring,0,1
-0.15804382026291802,-0.1958187528095033,-0.12026888771633273,4,NCOPsummerlag1,0,1
0.08711050235417647,0.01432557143646504,0.1598954332718879,4,BEUTI_33N,0,1
0.02391156820175397,0.4010817148448394,-0.3532585784413314,4,BEUTI_39N,0,0
0.11192471987197201,0.24472008758689684,-0.02087064784295284,4,CUTI_33N,0,0
0.08166032006170365,0.3159030459329496,-0.15258240580954227,4,CUTI_39N,0,0
0.3774453944870278,0.5094713321691533,0.24541945680490213,4,OC_LUSI_33N,0,1
-0.24869600151426147,-0.1872856332534433,-0.31010636977507966,4,OC_STI_33N,0,1
0.29271714014398736,0.362842848674099,0.2225914316138757,4,RREAS_Myctophids,0,1
-0.38005992496664914,-0.05903283512834277,-0.7010870148049555,4,RREAS_YOYsardine,0,1
-0.2523059119391806,0.24678108406326935,-0.7513929079416306,4,age1SprSardmeanWAA,0,0
-0.4656102795259113,-0.28345710949971054,-0.647763449552112,4,meanSSBwt,0,1
0.14990493878545846,0.3135518534479071,-0.013741975876990102,4,ZM_NorCal,0,0
0.13767900612367218,0.2552764876625675,0.020081524584776893,4,ZM_SoCal,0,1
0.11743775173894724,0.4598174936106194,-0.22494199013272487,4,sardRec,0,0
0.013578705621563658,0.7589056756505713,-0.731748264407444,4,anchBioSmrySeas1,0,0
-0.3137054519389264,-0.15797341843211174,-0.46943748544574093,4,summerSST,0,1
-0.20045062119117227,0.1672050469214149,-0.5681062893037594,4,avgOffTransspring,0,0
-0.35543055413410585,-0.28123560026622235,-0.4296255080019893,4,avgOffTranssummer,0,1
0.07917867383070412,0.19328929327109506,-0.03493194560968682,4,sprRelOffTrans,0,0
0.4591202730557415,0.48922557827554985,0.4290149678359332,4,sumRelOffTrans,0,1
-0.2547923071646458,-0.1813517976906584,-0.32823281663863324,4,meanK,0,1
0.09839444466608568,0.17193943555583266,0.024849453776338695,4,OC_LUSI_39N,0,1
0.6532225311693405,1.084448769374185,0.221996292964496,4,sardSpawnHab,0,1
0.0350729352425902,0.17410130966326554,-0.10395543917808511,4,sardNurseHab,0,0
-0.16177358259984348,-0.01899174271163522,-0.30455542248805173,4,springSST,0,1
0.28809417121619346,0.7948640726898913,-0.2186757302575044,4,randTest,0,0
-0.656122476694674,-0.3896069334558737,-0.9226380199334743,1,NCOPspring,0,1
-0.5785855745263462,-0.36103116240165595,-0.7961399866510364,1,NCOPsummerlag1,0,1
-0.032999714208299245,0.07121785256927184,-0.13721728098587033,1,BEUTI_33N,0,0
-0.5489194901374184,-0.46795146923922926,-0.6298875110356076,1,BEUTI_39N,0,1
-0.12157750567368854,-0.07925078827632087,-0.16390422307105618,1,CUTI_33N,0,1
-0.5193838449587177,-0.45264196452193506,-0.5861257253955005,1,CUTI_39N,0,1
-0.16197286308645603,-0.18748948863948228,-0.1364562375334297,1,OC_LUSI_33N,0,1
0.1553456051624108,0.1560417941624997,0.15464941616232186,1,OC_STI_33N,0,1
0.32270780307202906,0.3767428578262222,0.26867274831783594,1,RREAS_Myctophids,0,1
0.3098522199263837,0.27330157636522423,0.346402863487543,1,RREAS_YOYsardine,0,1
0.015300405688554123,0.122376136356654,-0.09177532497954566,1,age1SprSardmeanWAA,0,0
-0.017598717325954374,0.011227303513563856,-0.046424738165472546,1,meanSSBwt,0,0
-0.6440522399893458,-0.5994043025386574,-0.6887001774400339,1,ZM_NorCal,0,1
-0.45742347338552647,-0.4331332977170091,-0.4817136490540438,1,ZM_SoCal,0,1
0.19910957688601372,0.2607751385252415,0.13744401524678598,1,sardRec,0,1
-0.20297919564846745,-0.19793600927388214,-0.2080223820230528,1,anchBioSmrySeas1,0,1
0.4507684550045158,0.4218631283950768,0.47967378161395463,1,summerSST,0,1
0.14832788910163272,0.18070270043556913,0.11595307776769626,1,avgOffTransspring,0,1
-0.32175459524772615,-0.26839653659118246,-0.37511265390426984,1,avgOffTranssummer,0,1
-0.09548975880386065,-0.03395672542212177,-0.15702279218559947,1,sprRelOffTrans,0,1
-0.03427716136446515,-0.046136245858064764,-0.022418076870865486,1,sumRelOffTrans,0,1
0.15960701137563352,0.2206763692378218,0.09853765351344519,1,meanK,0,1
-0.31167188352695213,-0.26308939368816875,-0.3602543733657357,1,OC_LUSI_39N,0,1
0.36300516810332045,0.3814503252217438,0.3445600109848972,1,sardSpawnHab,0,1
0.6258696147546453,0.7498357229330348,0.501903506576256,1,sardNurseHab,0,1
0.6752939742049338,0.6888521033117119,0.6617358450981555,1,springSST,0,1
0.02358243753522327,-0.0027137244513074747,0.04987859952175404,1,randTest,0,0
-0.10340895923050562,-0.06140446171059788,-0.14541345675041337,2,NCOPspring,0,1
0.006497995381750832,0.19547559953439705,-0.18247960877089542,2,NCOPsummerlag1,0,0
-0.05102099858179027,0.056047981867900276,-0.1580899790314808,2,BEUTI_33N,0,0
-0.17566404171639038,0.06687484621778739,-0.41820292965056816,2,BEUTI_39N,0,0
0.09657754893183285,0.4285126020132046,-0.23535750414953893,2,CUTI_33N,0,0
-0.06918205729404607,0.13081488879044492,-0.26917900337853706,2,CUTI_39N,0,0
-0.08620073828159985,0.20458679150005704,-0.3769882680632568,2,OC_LUSI_33N,0,0
0.06498782207486495,0.28786017877704145,-0.15788453462731145,2,OC_STI_33N,0,0
0.16993639651271553,0.4414939129045359,-0.1016211198791047,2,RREAS_Myctophids,0,0
0.09029118398191188,0.4329854822169179,-0.252403114253094,2,RREAS_YOYsardine,0,0
0.18174135030993654,0.5475234703479083,-0.18404076972803515,2,age1SprSardmeanWAA,0,0
0.03807841555845465,0.4127943092036186,-0.3366374780867093,2,meanSSBwt,0,0
-0.07286095645660387,0.15774433655023193,-0.30346624946343975,2,ZM_NorCal,0,0
0.1045352261571954,0.3124298842250134,-0.1033594319106225,2,ZM_SoCal,0,0
-0.05511944433508762,0.3045950606620744,-0.4148339493322496,2,sardRec,0,0
-0.3770833524316737,0.15993762529699496,-0.9141043301603424,2,anchBioSmrySeas1,0,0
0.03328202733380725,0.32981043235380236,-0.263246377686188,2,summerSST,0,0
0.1510781972360396,0.3567747871090707,-0.054618392636991475,2,avgOffTransspring,0,0
-0.06705837408271899,0.12470206099189912,-0.2588188091573371,2,avgOffTranssummer,0,0
-0.10896809412275818,0.050131536508432134,-0.2680677247539485,2,sprRelOffTrans,0,0
0.04085165950242142,0.29029571263300397,-0.20859239362816112,2,sumRelOffTrans,0,0
-0.08936396092459409,0.15349615441145686,-0.33222407626064504,2,meanK,0,0
-0.039891884708006406,0.11785971160324138,-0.19764348101925422,2,OC_LUSI_39N,0,0
-0.044709933939259094,0.32076911058724256,-0.41018897846576063,2,sardSpawnHab,0,0
0.057678032128347545,0.2718444317470185,-0.15648836749032347,2,sardNurseHab,0,0
0.07863099774250143,0.3574686336912841,-0.20020663820628137,2,springSST,0,0
0.04851121014858151,0.34753300317038494,-0.25051058287322203,2,randTest,0,0
-0.18203573193609124,-0.10809320792712247,-0.25597825594505996,3,NCOPspring,0,1
-0.10345338148832742,0.04727790144418596,-0.25418466442084076,3,NCOPsummerlag1,0,0
-0.2664164028921302,0.13348576502226975,-0.6663185708065302,3,BEUTI_33N,0,0
-0.142156514721449,0.36521646618719883,-0.6495294956300968,3,BEUTI_39N,0,0
-0.2597259959523504,0.25826782684414445,-0.7777198187488452,3,CUTI_33N,0,0
-0.09947899568253475,0.4325274254648009,-0.6314854168298704,3,CUTI_39N,0,0
-0.162171812280077,0.8972931338598158,-1.2216367584199699,3,OC_LUSI_33N,0,0
0.12165368991532935,0.8996154738486929,-0.6563080940180341,3,OC_STI_33N,0,0
0.002562290116689854,0.48410965023682295,-0.4789850700034432,3,RREAS_Myctophids,0,0
0.0569207132890413,1.1457449390724506,-1.0319035124943678,3,RREAS_YOYsardine,0,0
-0.014452575574781069,0.6814197186553347,-0.7103248698048968,3,age1SprSardmeanWAA,0,0
0.04211922576248055,1.2288102101931504,-1.1445717586681892,3,meanSSBwt,0,0
-0.18712890622114922,0.5748375892147732,-0.9490954016570716,3,ZM_NorCal,0,0
-0.10967420962762624,0.6368036061633908,-0.8561520254186433,3,ZM_SoCal,0,0
0.27091411549927724,0.6682452349078049,-0.1264170039092505,3,sardRec,0,0
0.008250395355048526,0.7173248689930707,-0.7008240782829736,3,anchBioSmrySeas1,0,0
0.08628529572965443,1.1230919814102844,-0.9505213899509757,3,summerSST,0,0
0.16604335971580098,0.8250181876580841,-0.49293146822648193,3,avgOffTransspring,0,0
0.040100107334827904,0.5916789932763035,-0.5114787786066478,3,avgOffTranssummer,0,0
-0.20274454774270226,0.2831358269063582,-0.6886249223917628,3,sprRelOffTrans,0,0
-0.20215052553083973,0.7802012983382198,-1.1845023493998992,3,sumRelOffTrans,0,0
-0.005334240800367304,0.7855068466826847,-0.7961753282834192,3,meanK,0,0
-0.16489905706238703,0.3528939673028082,-0.6826920814275821,3,OC_LUSI_39N,0,0
-0.04605476872673843,1.147862442394482,-1.239971979847959,3,sardSpawnHab,0,0
0.12335314300864805,0.6409130161956721,-0.39420673017837593,3,sardNurseHab,0,0
0.15482548282023084,1.089313678217743,-0.7796627125772813,3,springSST,0,0
0.1804398821593836,1.316348004909403,-0.9554682405906356,3,randTest,0,0
0.009761798342571744,0.005796576786126248,0.013727019899017237,4,NCOPspring,0,1
-0.07848564666492794,-0.21963808390157072,0.06266679057171484,4,NCOPsummerlag1,0,0
0.11243897009837127,-0.06802491942171174,0.2929028596184543,4,BEUTI_33N,0,0
0.16033736660401163,0.34504538378608135,-0.024370650578058123,4,BEUTI_39N,0,0
0.13021500612214845,0.1096954138845431,0.1507345983597538,4,CUTI_33N,0,1
0.1868310139653621,0.265044177275474,0.10861785065525026,4,CUTI_39N,0,1
0.49607175212155563,0.6098243680867756,0.38231913615633584,4,OC_LUSI_33N,0,1
-0.35415556202886833,-0.2698976178952595,-0.4384135061624771,4,OC_STI_33N,0,1
0.12872040508525354,0.108152184646986,0.14928862552352098,4,RREAS_Myctophids,0,1
-0.48490826674083426,-0.3160355897596478,-0.6537809437220208,4,RREAS_YOYsardine,0,1
-0.2511052800392581,-7.876430070082874e-4,-0.5014229170715078,4,age1SprSardmeanWAA,0,1
-0.5320427485617153,-0.4461232573150836,-0.617962239808347,4,meanSSBwt,0,1
0.30138273736730525,0.36481645134784196,0.2379490233867686,4,ZM_NorCal,0,1
0.260224583078519,0.14498705002093823,0.3754621161360998,4,ZM_SoCal,0,1
0.021927252222376736,0.08218063048492638,-0.03832612604017288,4,sardRec,0,0
0.11474958489063715,0.45291000706748585,-0.22341083728621147,4,anchBioSmrySeas1,0,0
-0.44603415722663586,-0.38104243494047724,-0.5110258795127944,4,summerSST,0,1
-0.2894669868444045,-0.10690253529407709,-0.4720314383947318,4,avgOffTransspring,0,1
-0.23586011967861925,-0.3064037631663032,-0.16531647619093526,4,avgOffTranssummer,0,1
0.18572365553770293,0.24721762583621062,0.12422968523919528,4,sprRelOffTrans,0,1
0.44884368474150443,0.3424206860350205,0.5552666834479884,4,sumRelOffTrans,0,1
-0.29270695528515295,-0.3694460022534411,-0.21596790831686477,4,meanK,0,1
0.2050420078750972,0.21564799990097142,0.19443601584922293,4,OC_LUSI_39N,0,1
0.5679533902587308,0.6618659002401777,0.47404088027728375,4,sardSpawnHab,0,1
-0.15028142741404774,-0.10345635812997903,-0.19710649669811642,4,sardNurseHab,0,1
-0.38387149776775675,-0.28496906354756435,-0.4827739319879493,4,springSST,0,1
-0.5387873151945464,-0.49472928817039197,-0.5828453422187008,4,randTest,0,1
-0.6262437592229583,-0.36276596996648486,-0.8897215484794316,1,NCOPspring,0,1
-0.5625622255430642,-0.27540517116013485,-0.8497192799259934,1,NCOPsummerlag1,0,1
-0.1360730750020424,0.09378248757851236,-0.3659286375825972,1,BEUTI_33N,0,0
-0.47915752287355307,-0.3973576617716591,-0.5609573839754471,1,BEUTI_39N,0,1
-0.2716968350248694,-0.12156651172461141,-0.4218271583251273,1,CUTI_33N,0,1
-0.4767236406192197,-0.35523288104282447,-0.5982144001956149,1,CUTI_39N,0,1
-0.18470929367161076,-0.15717271142001926,-0.21224587592320227,1,OC_LUSI_33N,0,1
0.16669479438910922,0.18490883584665768,0.14848075293156088,1,OC_STI_33N,0,1
0.23212050591989697,0.3331948468424073,0.1310461649973867,1,RREAS_Myctophids,0,1
0.2539537278306973,0.37992948912191205,0.1279779665394825,1,RREAS_YOYsardine,0,1
-0.097094939060632,0.015325314382582389,-0.20951519250384643,1,age1SprSardmeanWAA,0,0
0.10400107292935203,0.16861914581278964,0.03938300004591433,1,meanSSBwt,0,1
-0.6113474068699117,-0.5020312667714325,-0.7206635469683906,1,ZM_NorCal,0,1
-0.5099284967137664,-0.41155461934134296,-0.6083023740861898,1,ZM_SoCal,0,1
0.32644208991919216,0.4299430634241129,0.2229411164142714,1,sardRec,0,1
-0.036793032477721414,0.04489479941256676,-0.11848086436800964,1,anchBioSmrySeas1,0,0
0.40500236011625645,0.5145626359198736,0.2954420843126393,1,summerSST,0,1
0.1520587038184418,0.26095442232889093,0.043162985307992646,1,avgOffTransspring,0,1
-0.2609409762114311,-0.12246847380061278,-0.39941347862224946,1,avgOffTranssummer,0,1
-0.15186093160096495,-0.07692643463700287,-0.226795428564927,1,sprRelOffTrans,0,1
-0.11241738149976044,0.19832016172589614,-0.423154924725417,1,sumRelOffTrans,0,0
0.16731561401512435,0.31712785598590665,0.017503372044342103,1,meanK,0,1
-0.3399889914917578,-0.2600488831871861,-0.41992909979632953,1,OC_LUSI_39N,0,1
0.2289592392788044,0.5751074401096505,-0.11718896155204177,1,sardSpawnHab,0,0
0.5557701913802096,0.6287147252986439,0.4828256574617751,1,sardNurseHab,0,1
0.6284235794423234,0.6949927190553971,0.5618544398292495,1,springSST,0,1
-0.05397335580257535,0.02429277607183422,-0.1322394876769849,1,randTest,0,0
0.13782397195236426,0.07983767683684423,0.19581026706788432,2,NCOPspring,0,1
0.015019500821828555,0.12302130019444542,-0.09298229855078827,2,NCOPsummerlag1,0,0
0.2274363110902356,0.28899829462993554,0.16587432755053566,2,BEUTI_33N,0,1
0.17739964313764525,-0.16621682339391838,0.521016109669209,2,BEUTI_39N,0,0
0.09198985397157652,0.01839665820440084,0.16558304973875215,2,CUTI_33N,0,1
0.06986334354988377,-0.1846380812985405,0.32436476839830813,2,CUTI_39N,0,0
0.22096050019261154,-0.6066826889675978,1.0486036893528208,2,OC_LUSI_33N,0,0
-0.18265428402698264,-0.8649448149336018,0.49963624687963654,2,OC_STI_33N,0,0
-0.12419313791127869,-0.3074178400538269,0.059031564231269595,2,RREAS_Myctophids,0,0
-0.07000334306980252,-0.5449658196917468,0.40495913355214164,2,RREAS_YOYsardine,0,0
-0.10972964117926876,-0.5984463150959233,0.37898703273738565,2,age1SprSardmeanWAA,0,0
-0.10765160533625599,-0.858700652011005,0.643397441338493,2,meanSSBwt,0,0
0.1376439044292073,-0.33942024169532264,0.6147080505537372,2,ZM_NorCal,0,0
0.0110796262365703,-0.34288171110029364,0.3650409635734342,2,ZM_SoCal,0,0
-0.1862387692713222,-0.3814386136063333,0.008961075063688873,2,sardRec,0,0
0.20806834164982177,-0.03761471094526772,0.4537513942449113,2,anchBioSmrySeas1,0,0
-0.04527486913709178,-0.5183813735195244,0.42783163524534096,2,summerSST,0,0
-0.19669921921704192,-0.5127620191654966,0.11936358073141273,2,avgOffTransspring,0,0
0.029070217803398135,-0.07753212193571934,0.13567255754251573,2,avgOffTranssummer,0,0
0.23123060655051028,-0.13013552339870962,0.5925967364997302,2,sprRelOffTrans,0,0
0.10755535009786982,0.08781896101607795,0.12729173917966177,2,sumRelOffTrans,0,1
0.06875977513045702,-0.2741698066061468,0.41168935686706093,2,meanK,0,0
0.1443299069145559,-0.23504316168607386,0.5237029755151856,2,OC_LUSI_39N,0,0
0.06559886342545532,0.046649855420756836,0.08454787143015384,2,sardSpawnHab,0,1
-0.1065215404991278,-0.5136005092732068,0.3005574282749511,2,sardNurseHab,0,0
-0.12451534578033238,-0.7177419295326996,0.4687112379720347,2,springSST,0,0
0.06977011461508725,-0.12875329558046061,0.2682935248106351,2,randTest,0,0
0.100082083489682,0.057974827786627485,0.14218933919273652,3,NCOPspring,0,1
0.12340706434739576,0.024793992987051577,0.22202013570773993,3,NCOPsummerlag1,0,1
-0.11942153189401487,0.03358135996961764,-0.2724244237576474,3,BEUTI_33N,0,0
0.11011838466293498,-0.15946812491680523,0.3797048942426753,3,BEUTI_39N,0,0
-0.3544813469737496,-0.7141558552770216,0.005193161329522411,3,CUTI_33N,0,0
0.009574626958536156,-0.06022680918851242,0.07937606310558484,3,CUTI_39N,0,0
0.026527952765349416,-0.5839158661676314,0.6369717716983301,3,OC_LUSI_33N,0,0
-0.08476347461189987,-0.7217723098873945,0.5522453606635946,3,OC_STI_33N,0,0
-0.44542205047898414,-0.9544425200105611,0.06359841905259273,3,RREAS_Myctophids,0,0
0.17665566283671733,0.16221210186557983,0.1910992238078547,3,RREAS_YOYsardine,0,1
-0.12705290119421805,-0.8160399148934073,0.5619341125049712,3,age1SprSardmeanWAA,0,0
-0.1988008434686634,-1.2463082585899996,0.848706571652673,3,meanSSBwt,0,0
-0.02480733099346849,-0.1418291252826277,0.09221446329569072,3,ZM_NorCal,0,0
0.035558527365987525,-0.16578773271049807,0.23690478744247306,3,ZM_SoCal,0,0
-0.11356641608146897,-0.2698980462704254,0.04276521410748746,3,sardRec,0,0
0.13322751688869103,-0.10165297954499458,0.3681080133223767,3,anchBioSmrySeas1,0,0
0.10593493443544866,0.026573212555964065,0.1852966563149333,3,summerSST,0,1
0.08796514990009915,0.08573762002502233,0.09019267977517587,3,avgOffTransspring,0,1
0.4865118097816262,0.09549061612307413,0.8775330034401783,3,avgOffTranssummer,0,1
0.03108916543782088,-0.14016201399600103,0.20234034487164287,3,sprRelOffTrans,0,0
-0.4978067053830184,-0.13208074003429549,-0.8635326707317412,3,sumRelOffTrans,0,1
0.024951366978558986,-0.20142325226292437,0.25132598622004243,3,meanK,0,0
-0.02094600981451024,-0.13717502692267425,0.0952830072936538,3,OC_LUSI_39N,0,0
-0.6058170502149353,-0.38762329223510505,-0.8240108081947654,3,sardSpawnHab,0,1
-0.2778420245583706,-1.0048255627778713,0.4491415136611303,3,sardNurseHab,0,0
-0.0594112542789243,-0.4280259951862069,0.3092034866283583,3,springSST,0,0
0.45737272691830855,-0.2374070045932249,1.152152458429842,3,randTest,0,0
-0.036696649130663055,-0.02125737034557057,-0.052135927915755546,4,NCOPspring,0,1
-0.11681092899276235,0.03196228884810529,-0.26558414683363,4,NCOPsummerlag1,0,0
0.01893460103791758,0.46857664551359496,-0.4307074434377598,4,BEUTI_33N,0,0
0.20959741073318716,1.014964151890565,-0.5957693304241907,4,BEUTI_39N,0,0
-0.1340123099379926,1.0131181736701171,-1.2811427935461026,4,CUTI_33N,0,0
0.1736846928933624,0.897825367198268,-0.5504559814115431,4,CUTI_39N,0,0
0.697404854084604,2.677610413779191,-1.2828007056099828,4,OC_LUSI_33N,0,0
-0.5962949152474943,1.117979996231048,-2.310569826726036,4,OC_STI_33N,0,0
-0.1621797155975927,1.1458746393324484,-1.4702340705276338,4,RREAS_Myctophids,0,0
-0.4457212671318814,0.9887124151788732,-1.8801549494426362,4,RREAS_YOYsardine,0,0
-0.4925852188943672,0.9592736020089678,-1.944444039797702,4,age1SprSardmeanWAA,0,0
-0.77760204983117,1.4749533314164611,-3.0301574310788006,4,meanSSBwt,0,0
0.3443661150193027,1.559409927439298,-0.8706776974006927,4,ZM_NorCal,0,0
0.3042960758234002,1.3975189632480705,-0.7889268116012701,4,ZM_SoCal,0,0
-0.0881085901769704,0.47189795894752773,-0.6481151393014686,4,sardRec,0,0
0.1607179727725742,0.9499775493926209,-0.6285416038474725,4,anchBioSmrySeas1,0,0
-0.4300109960118481,0.9952732794067156,-1.8552952714304118,4,summerSST,0,0
-0.20284650080839528,0.4985897635127891,-0.9042827651295797,4,avgOffTransspring,0,0
0.08315989604568617,1.3506232701578076,-1.1843034780664352,4,avgOffTranssummer,0,0
0.2150364797583881,0.9743261262585861,-0.5442531667418099,4,sprRelOffTrans,0,0
0.22327720555815436,1.6241649694451414,-1.1776105583288328,4,sumRelOffTrans,0,0
-0.366982053717144,0.8354707287231413,-1.5694348361574293,4,meanK,0,0
0.25958218305930797,1.1262403568757344,-0.6070759907571182,4,OC_LUSI_39N,0,0
0.19416941411003633,1.7024226649684717,-1.314083836748399,4,sardSpawnHab,0,0
-0.37612333563023864,0.9421655654825056,-1.694412236742983,4,sardNurseHab,0,0
-0.4691447684260082,1.0583991098189407,-1.9966886466709572,4,springSST,0,0
0.25258965513865994,1.6944791185716395,-1.1892998082943198,4,randTest,0,0
-0.6352829339706894,-0.3692919954308744,-0.9012738725105043,1,NCOPspring,0,1
-0.5563452179826983,-0.33796424454994517,-0.7747261914154514,1,NCOPsummerlag1,0,1
-0.015315705362939698,0.16741378978063076,-0.19804520050651014,1,BEUTI_33N,0,0
-0.5435261946559102,-0.2256201961939858,-0.8614321931178345,1,BEUTI_39N,0,1
-0.10518405523323687,0.11486160162717585,-0.32522971209364954,1,CUTI_33N,0,0
-0.5171778059563327,-0.2473629955187389,-0.7869926163939265,1,CUTI_39N,0,1
-0.1462345972728791,0.23163110854857671,-0.5241003030943349,1,OC_LUSI_33N,0,0
0.1407117534580143,0.44874401642511347,-0.1673205095090849,1,OC_STI_33N,0,0
0.3272915255796808,0.5483723733054819,0.10621067785387965,1,RREAS_Myctophids,0,1
0.31191797993135406,0.690507187618282,-0.0666712277555738,1,RREAS_YOYsardine,0,0
-0.018026695352886854,0.4327446837446255,-0.46879807445039917,1,age1SprSardmeanWAA,0,0
1.5255977198087856e-4,0.43356177414739877,-0.43325665460343704,1,meanSSBwt,0,0
-0.6311544523650927,-0.3034986946831109,-0.9588102100470747,1,ZM_NorCal,0,1
-0.4549905681656306,-0.21221908510651336,-0.6977620512247478,1,ZM_SoCal,0,1
0.1874343718812992,0.40092683065662155,-0.02605808689402314,1,sardRec,0,0
-0.2071842711316877,0.16400424825952492,-0.5783727905229004,1,anchBioSmrySeas1,0,0
0.4466033645695393,0.7745886699809779,0.11861805915810053,1,summerSST,0,1
0.14958771257727246,0.4352028111200661,-0.13602738596552114,1,avgOffTransspring,0,0
-0.3267294425426281,-0.11305604662847049,-0.5404028384567856,1,avgOffTranssummer,0,1
-0.09851164232109029,0.13917467438931083,-0.33619795903149147,1,sprRelOffTrans,0,0
-0.02150313890891574,0.27897256847562546,-0.3219788462934571,1,sumRelOffTrans,0,0
0.16350758117825515,0.47025895114686317,-0.14324378879035285,1,meanK,0,0
-0.2889723147716282,-0.057889523092608766,-0.5200551064506477,1,OC_LUSI_39N,0,1
0.30756472630911214,0.7295465577433904,-0.11441710512516606,1,sardSpawnHab,0,0
0.60671383186261,0.916244768044638,0.29718289568058176,1,sardNurseHab,0,1
0.664997400196734,1.0132571871340268,0.3167376132594411,1,springSST,0,1
0.19851270610864524,0.4123441481782467,-0.015318735960956302,1,randTest,0,0
-0.11726623686419578,-0.06816723745052854,-0.16636523627786304,2,NCOPspring,0,1
-0.00812193258858096,0.19074212264491786,-0.20698598782207978,2,NCOPsummerlag1,0,0
-0.05137674947003841,0.35046509577191953,-0.4532185947119964,2,BEUTI_33N,0,0
-0.18046943216713363,0.01879929149788459,-0.37973815583215187,2,BEUTI_39N,0,0
0.09637849524037843,0.4521226856705436,-0.25936569518978686,2,CUTI_33N,0,0
-0.06935236514926299,0.2918295463980994,-0.43053427669662536,2,CUTI_39N,0,0
-0.078470402362843,0.7020269066674129,-0.8589677113930987,2,OC_LUSI_33N,0,0
0.06361263082601798,0.6585474377548901,-0.5313221761028539,2,OC_STI_33N,0,0
0.1783845338892021,0.5015476479276433,-0.14477858014923917,2,RREAS_Myctophids,0,0
0.08224276838029335,0.7880840017994282,-0.6235984650388413,2,RREAS_YOYsardine,0,0
0.1639527339181846,0.5186422909352357,-0.19073682309886641,2,age1SprSardmeanWAA,0,0
0.009612281737274242,0.8391854610398362,-0.8199608975652876,2,meanSSBwt,0,0
-0.07547514572096076,0.5287214423908293,-0.6796717338327508,2,ZM_NorCal,0,0
0.10377038632320913,0.701882263176631,-0.4943414905302128,2,ZM_SoCal,0,0
-0.0405974180935325,0.17390076917002287,-0.25509560535708786,2,sardRec,0,0
-0.3706173680429097,-0.2238140498990392,-0.5174206861867803,2,anchBioSmrySeas1,0,1
0.026632579416108193,0.7671937357466472,-0.7139285769144309,2,summerSST,0,0
0.14938954250615388,0.38871831553886327,-0.0899392305265555,2,avgOffTransspring,0,0
-0.07717075146952923,0.3376147883127575,-0.491956291251816,2,avgOffTranssummer,0,0
-0.11640842012953306,0.11035731373370886,-0.34317415399277496,2,sprRelOffTrans,0,0
0.043960001302141005,0.9196411009280798,-0.8317210983237978,2,sumRelOffTrans,0,0
-0.09787007763251751,0.598343248450433,-0.7940834037154679,2,meanK,0,0
-0.044252805735764386,0.3641038259393054,-0.4526094374108342,2,OC_LUSI_39N,0,0
-0.01839279766305127,0.7982201343892805,-0.8350057297153829,2,sardSpawnHab,0,0
0.06734178301292827,0.4068183149872161,-0.27213474896135953,2,sardNurseHab,0,0
0.08075174617890277,0.7087613780003894,-0.5472578856425837,2,springSST,0,0
0.04398877627455558,0.3890432497079849,-0.3010656971588736,2,randTest,0,0
0.1686329148200218,0.09802685115429804,0.23923897848574555,3,NCOPspring,0,1
0.10013355568942196,-0.03754566690952453,0.23781277828836844,3,NCOPsummerlag1,0,0
0.24770237965483008,0.3234452880411335,0.17195947126852662,3,BEUTI_33N,0,1
0.14336327858628808,0.44372389419253616,-0.15699733701996005,3,BEUTI_39N,0,0
0.2588323332375228,0.363903833678157,0.15376083279688862,3,CUTI_33N,0,1
0.11565876723431268,0.38943481464433344,-0.15811728017570809,3,CUTI_39N,0,0
0.1729887612191825,0.7945022073239346,-0.44852468488556957,3,OC_LUSI_33N,0,0
-0.13145984045722986,0.3418594974789525,-0.6047791783934123,3,OC_STI_33N,0,0
0.002519115166302245,0.12256378038572877,-0.11752555005312428,3,RREAS_Myctophids,0,0
-0.06247108873310418,0.5472172450246322,-0.6721594224908407,3,RREAS_YOYsardine,0,0
-0.012849363998680405,0.43871618790116906,-0.46441491589852996,3,age1SprSardmeanWAA,0,0
-0.05451585655741742,0.5049359096105248,-0.6139676227253597,3,meanSSBwt,0,0
0.2057768601285969,0.6363149517003858,-0.22476123144319202,3,ZM_NorCal,0,0
0.11455242008051467,0.3881639176078956,-0.1590590774468664,3,ZM_SoCal,0,0
-0.25970997534828316,-0.20829075158596705,-0.3111291991105992,3,sardRec,0,1
-0.017721533359555196,0.3265603513922413,-0.3620034181113517,3,anchBioSmrySeas1,0,0
-0.09403458289042942,0.42872800233105374,-0.6167971681119127,3,summerSST,0,0
-0.13592755398662668,0.2075257703956656,-0.4793808783689189,3,avgOffTransspring,0,0
-0.03393694297340829,0.1339027100154896,-0.20177659596230613,3,avgOffTranssummer,0,0
0.17322337184693495,0.3972809988213185,-0.05083425512744859,3,sprRelOffTrans,0,0
0.20772236369165803,0.6737017365998614,-0.25825700921654543,3,sumRelOffTrans,0,0
-0.024684668388095604,0.30871167729048066,-0.35808101406667187,3,meanK,0,0
0.16405909633401142,0.43050266819908567,-0.1023844755310628,3,OC_LUSI_39N,0,0
0.07106274993591072,0.6486568481781821,-0.5065313483063606,3,sardSpawnHab,0,0
-0.12381855134079342,0.09904361193921063,-0.3466807146207974,3,sardNurseHab,0,0
-0.15510956276398402,0.32799999194118395,-0.638219117469152,3,springSST,0,0
-0.14955621957534818,0.07574258858910196,-0.3748550277397983,3,randTest,0,0
0.018284304799708426,0.010628724688615945,0.02593988491080091,4,NCOPspring,0,1
0.08063237869796125,0.18268337138054164,-0.02141861398461915,4,NCOPsummerlag1,0,0
-0.0916878133856936,0.07139552827021012,-0.2547711550415973,4,BEUTI_33N,0,0
-0.15939089757605396,0.30526048194766664,-0.6240422770997744,4,BEUTI_39N,0,0
-0.11810087547549966,0.41690815021768896,-0.6531099011686883,4,CUTI_33N,0,0
-0.19456789742321448,0.2130854835101415,-0.6022212783565704,4,CUTI_39N,0,0
-0.5189025099070371,0.2810677326959404,-1.3188727525100146,4,OC_LUSI_33N,0,0
0.39250200548415,1.0134011027714487,-0.2283970918031488,4,OC_STI_33N,0,0
-0.1371484953608899,0.3134957636632467,-0.5877927543850264,4,RREAS_Myctophids,0,0
0.475846426094266,1.29511623773761,-0.34342338554907814,4,RREAS_YOYsardine,0,0
0.3262992117884644,1.0402514453178273,-0.3876530217408986,4,age1SprSardmeanWAA,0,0
0.5093568683100229,1.3070270918531426,-0.28831335523309665,4,meanSSBwt,0,0
-0.3313573465228833,0.2466786977748408,-0.9093933908206073,4,ZM_NorCal,0,0
-0.22983361267699964,0.2356447423682483,-0.6953119677222477,4,ZM_SoCal,0,0
-0.015743873362760976,0.4456837189562124,-0.47717146568173435,4,sardRec,0,0
-0.09562179029515308,0.799467371224242,-0.9907109518145483,4,anchBioSmrySeas1,0,0
0.4227783723885363,1.1134712868306496,-0.26791454205357684,4,summerSST,0,0
0.21816313909151258,0.6754186844246608,-0.2390924062416355,4,avgOffTransspring,0,0
0.21712574273196034,0.5678615677833498,-0.1336100823194293,4,avgOffTranssummer,0,0
-0.14241173823099684,0.18609886557964284,-0.4709223420416365,4,sprRelOffTrans,0,0
-0.4681046141592897,0.18117045549033078,-1.11737968380891,4,sumRelOffTrans,0,0
0.3197173538725465,0.8400911128588189,-0.20065640511372596,4,meanK,0,0
-0.22087520235345756,0.15866421289971575,-0.6004146176066308,4,OC_LUSI_39N,0,0
-0.5442890847530729,0.2637114493895701,-1.3522896188957159,4,sardSpawnHab,0,0
0.15252143166374,0.5366269705321041,-0.23158410720462416,4,sardNurseHab,0,0
0.35985837042806773,1.0064726373135884,-0.28675589645745275,4,springSST,0,0
0.19032804012670232,0.5239355385475049,-0.14327945829410024,4,randTest,0,0
-0.5823756383803091,-0.3431556578025668,-0.8215956189580514,1,NCOPspring,0,1
-0.48580407964961586,-0.24156299288699204,-0.7300451664122397,1,NCOPsummerlag1,0,1
-0.05705818290775173,0.19322619854027887,-0.3073425643557823,1,BEUTI_33N,0,0
-0.5681897471965324,-0.10037929114350544,-1.0360002032495594,1,BEUTI_39N,0,1
-0.11193129909424046,0.2971329718675414,-0.5209955700560223,1,CUTI_33N,0,0
-0.5494454601212018,-0.13181868156237814,-0.9670722386800252,1,CUTI_39N,0,1
-0.2799055172349112,0.33025710083165133,-0.8900681353014738,1,OC_LUSI_33N,0,0
0.23719849118376884,0.7180750796539843,-0.24367809728644652,1,OC_STI_33N,0,0
0.24326251365011914,0.6183996772115241,-0.13187464991128584,1,RREAS_Myctophids,0,0
0.47837064037177324,1.1953770482689405,-0.23863576752539428,1,RREAS_YOYsardine,0,0
-0.0068658502279457245,0.5872009438914996,-0.600932644347391,1,age1SprSardmeanWAA,0,0
0.13896310919599358,0.89889735976263,-0.6209711413706429,1,meanSSBwt,0,0
-0.6826881053138975,-0.15995972148500276,-1.205416489142792,1,ZM_NorCal,0,1
-0.530120915132326,-0.09794490486792495,-0.9622969253967268,1,ZM_SoCal,0,1
0.15301335423050527,0.5338699781784855,-0.22784326971747487,1,sardRec,0,0
-0.22267675766680603,0.3955837303052029,-0.8409372456388149,1,anchBioSmrySeas1,0,0
0.5866883452800161,1.2317136798507196,-0.058336989290687265,1,summerSST,0,0
0.2566573613587351,0.7498639125044657,-0.23654918978699546,1,avgOffTransspring,0,0
-0.20755616795472637,0.16217263184434286,-0.5772849677537956,1,avgOffTranssummer,0,0
-0.15625534010973247,0.20175715753063145,-0.5142678377500964,1,sprRelOffTrans,0,0
-0.2029815490095822,0.37872172592670966,-0.784684823945874,1,sumRelOffTrans,0,0
0.23311053528090886,0.7195157228992397,-0.25329465233742193,1,meanK,0,0
-0.3297980727277453,0.01769502018206158,-0.6772911656375522,1,OC_LUSI_39N,0,0
0.11914161760826783,0.8166932755861112,-0.5784100403695756,1,sardSpawnHab,0,0
0.624993654040541,1.1004258550141763,0.14956145306690583,1,sardNurseHab,0,1
0.7670807728167909,1.3915621896670312,0.14259935596655093,1,springSST,0,1
-0.470977945702487,0.20293705472963564,-1.1448929461346098,1,randTest,0,0
-0.20842011589876208,-0.12280826541686796,-0.29403196638065626,2,NCOPspring,0,1
-0.27884854214109384,-0.03498797564151099,-0.5227091086406767,2,NCOPsummerlag1,0,1
0.10446092074968116,0.3790845981766166,-0.1701627566772543,2,BEUTI_33N,0,0
-0.023882436608045475,-0.018474479687578288,-0.029290393528512648,2,BEUTI_39N,0,1
0.046730584668902786,0.18100138087873668,-0.08754021154093106,2,CUTI_33N,0,0
-0.003894260256205831,0.08822719645209978,-0.09601571696451139,2,CUTI_39N,0,0
0.39199870133916775,0.5407141228456516,0.24328327983268386,2,OC_LUSI_33N,0,1
-0.2746636573290177,-0.16486416930205086,-0.38446314535598436,2,OC_STI_33N,0,1
0.25320453499366957,0.44674211286188525,0.05966695712545392,2,RREAS_Myctophids,0,1
-0.3459600928525724,-0.2525969641234484,-0.43932322158169634,2,RREAS_YOYsardine,0,1
-0.30809862182682735,-0.2413177032009461,-0.3748795404527085,2,age1SprSardmeanWAA,0,1
-0.5132965465231223,-0.2613521803546136,-0.7652409126916309,2,meanSSBwt,0,1
0.08207544383089282,0.25391721496372865,-0.08976632730194306,2,ZM_NorCal,0,0
0.06258900292388417,0.3311386724703987,-0.2059606666226303,2,ZM_SoCal,0,0
0.08640678962939628,0.1700902612893459,0.0027233179694465814,2,sardRec,0,1
0.03260439309793699,-0.014518403119049617,0.07972718931492367,2,anchBioSmrySeas1,0,0
-0.2579126077613751,-0.0889086909048814,-0.42691652461786883,2,summerSST,0,1
-0.20902262151483583,-0.2225544263812388,-0.1954908166484329,2,avgOffTransspring,0,1
-0.3409039884264315,-0.13964759660317771,-0.5421603802496854,2,avgOffTranssummer,0,1
0.12178760912475643,0.18061468233343617,0.06296053591607674,2,sprRelOffTrans,0,1
0.43936246155832526,0.7385446694804441,0.1401802536362064,2,sumRelOffTrans,0,1
-0.19575209822347991,0.09002448145656394,-0.4815286779035237,2,meanK,0,0
0.0917028311998089,0.2320525928292402,-0.0486469304296224,2,OC_LUSI_39N,0,0
0.5993622319086064,0.8194172186174484,0.37930724519976433,2,sardSpawnHab,0,1
0.027550794746362156,0.14718750171742706,-0.09208591222470264,2,sardNurseHab,0,0
-0.12227296126379951,0.013388507026063756,-0.25793442955366275,2,springSST,0,0
0.28665581757518743,0.2770115040537121,0.2963001310966627,2,randTest,0,1
0.20764437821459733,0.12235117422391877,0.2929375822052759,3,NCOPspring,0,1
0.14211194350602513,0.10137286938465992,0.1828510176273903,3,NCOPsummerlag1,0,1
0.24391229127006714,0.45283263898564086,0.03499194355449344,3,BEUTI_33N,0,1
0.16458313619212261,0.4673203175478332,-0.13815404516358806,3,BEUTI_39N,0,0
0.26127491150080207,0.5211525964260029,0.0013972265756011931,3,CUTI_33N,0,1
0.13136655362765648,0.4665491866610528,-0.20381607940573976,3,CUTI_39N,0,0
0.1434611501466756,0.8283052561603633,-0.5413829558670122,3,OC_LUSI_33N,0,0
-0.10754838613266103,0.39676354682950743,-0.6118603190948294,3,OC_STI_33N,0,0
-0.009028389867423124,0.29842647819622486,-0.31648325793107124,3,RREAS_Myctophids,0,0
-0.059261011691851356,0.7124013584743378,-0.8309233818580407,3,RREAS_YOYsardine,0,0
0.033243681622916854,0.430217466550777,-0.3637301033049432,3,age1SprSardmeanWAA,0,0
-0.02292144550774363,0.7674479587800724,-0.8132908497955598,3,meanSSBwt,0,0
0.22623289131482066,0.7613958643212392,-0.30893008169159786,3,ZM_NorCal,0,0
0.14211550428334715,0.6455788674704229,-0.36134785890372867,3,ZM_SoCal,0,0
-0.2737472946969309,-0.09145771848402556,-0.4560368709098362,3,sardRec,0,1
-0.0270353528716005,0.36993447229139276,-0.4240051780345938,3,anchBioSmrySeas1,0,0
-0.10486209539727769,0.6375739932194033,-0.8472981840139586,3,summerSST,0,0
-0.13847537664590368,0.2734854822099199,-0.5504362355017274,3,avgOffTransspring,0,0
-0.009484448444461415,0.3382242694356661,-0.357193166324589,3,avgOffTranssummer,0,0
0.16860744658717997,0.4328479536845507,-0.09563306051019077,3,sprRelOffTrans,0,0
0.18809273854387923,0.9163408739785182,-0.5401553968907596,3,sumRelOffTrans,0,0
-0.020010296293457637,0.4818237541639638,-0.521844346750879,3,meanK,0,0
0.17490155249320993,0.4995690668074144,-0.14976596182099455,3,OC_LUSI_39N,0,0
0.017973920419218435,0.7369534230710737,-0.7010055822326366,3,sardSpawnHab,0,0
-0.15383185489037446,0.19662930859343014,-0.504293018374179,3,sardNurseHab,0,0
-0.1865132939914317,0.4603441681633921,-0.8333707561462557,3,springSST,0,0
0.11337774368726668,0.7625943551558574,-0.5358388677813242,3,randTest,0,0
0.19395037990925798,0.11428220174855011,0.2736185580699658,4,NCOPspring,0,1
0.06299246757494259,0.12887526488339454,-0.0028903297335093336,4,NCOPsummerlag1,0,0
0.09523616359984882,0.13217928745130555,0.05829303974839206,4,BEUTI_33N,0,1
0.2530755895124687,0.4526053362193946,0.053545842805542754,4,BEUTI_39N,0,1
-0.07418757659956389,0.22749468485869379,-0.37586983805782154,4,CUTI_33N,0,0
0.13124957502139534,0.2893734847427855,-0.026874334699994867,4,CUTI_39N,0,0
0.10235201006888406,0.3556354698914056,-0.15093144975363743,4,OC_LUSI_33N,0,0
-0.08682101166094666,0.10832218716650227,-0.2819642104883956,4,OC_STI_33N,0,0
-0.20536611460736603,-0.005721377188268269,-0.4050108520264638,4,RREAS_Myctophids,0,1
-0.13491343817254617,0.20693339586325477,-0.47676027220834716,4,RREAS_YOYsardine,0,0
-0.10078929337503932,0.14479182213758796,-0.34637040888766674,4,age1SprSardmeanWAA,0,0
-0.002130099620169107,0.311429475568437,-0.3156896748087753,4,meanSSBwt,0,0
0.13841164397609435,0.3317007765027239,-0.054877488550535036,4,ZM_NorCal,0,0
-0.03247542452306862,0.12751674789052653,-0.1924675969366638,4,ZM_SoCal,0,0
-0.0015733608703256564,0.28008984860702435,-0.2832365703476757,4,sardRec,0,0
0.39090852937605114,0.843562226605149,-0.06174516785304668,4,anchBioSmrySeas1,0,0
-0.09330163037000738,0.19667919734881945,-0.3832824580888342,4,summerSST,0,0
-0.21074229522810048,-0.01570093592326638,-0.4057836545329345,4,avgOffTransspring,0,1
0.08554508639903383,0.2264422411098805,-0.05535206831181286,4,avgOffTranssummer,0,0
0.16795815943352616,0.2941724258252354,0.041743893041817026,4,sprRelOffTrans,0,1
0.004148390178893818,0.23752044595197055,-0.2292236655941829,4,sumRelOffTrans,0,0
0.10318552876827042,0.2773833132993877,-0.07101225576284685,4,meanK,0,0
0.0793510234883555,0.19968946703682844,-0.04098742006011746,4,OC_LUSI_39N,0,0
-0.005653427861050858,0.27627839958267036,-0.28758525530477197,4,sardSpawnHab,0,0
-0.14426152909843798,0.024008806811155414,-0.3125318650080314,4,sardNurseHab,0,0
-0.16970078869240135,0.0884638831130034,-0.4278654604978061,4,springSST,0,0
0.22801951761805406,0.53607057230804,-0.08003153707193189,4,randTest,0,0
-0.6470561920255513,-0.3811824711404055,-0.9129299129106971,1,NCOPspring,0,1
-0.5571024464252317,-0.34339815238979365,-0.7708067404606697,1,NCOPsummerlag1,0,1
-0.030580850089792097,0.04823143770810528,-0.10939313788768947,1,BEUTI_33N,0,0
-0.544680413486163,-0.3839541149763229,-0.7054067119960031,1,BEUTI_39N,0,1
-0.12934817447955463,4.258180657077046e-4,-0.25912216702481694,1,CUTI_33N,0,0
-0.5168644271016513,-0.4167841039726932,-0.6169447502306094,1,CUTI_39N,0,1
-0.15000158306730108,-0.13008047292753627,-0.16992269320706585,1,OC_LUSI_33N,0,1
0.14112887538907715,0.17499062037929564,0.10726713039885864,1,OC_STI_33N,0,1
0.31355361173949514,0.4515020097709414,0.17560521370804877,1,RREAS_Myctophids,0,1
0.31097700475384726,0.35331150803803324,0.2686425014696613,1,RREAS_YOYsardine,0,1
-0.0054315304880850415,0.2151693953963149,-0.22603245637248498,1,age1SprSardmeanWAA,0,0
0.004888524787289392,0.08003626118384627,-0.07025921160926747,1,meanSSBwt,0,0
-0.6328066242348591,-0.5520086771263787,-0.7136045713433397,1,ZM_NorCal,0,1
-0.4505160350111784,-0.3770277613733638,-0.5240043086489931,1,ZM_SoCal,0,1
0.19525159475449552,0.3424041068590495,0.04809908264994159,1,sardRec,0,1
-0.2002726505393544,0.028408360323307458,-0.4289536614020162,1,anchBioSmrySeas1,0,0
0.4491836907568918,0.4670186466816681,0.4313487348321154,1,summerSST,0,1
0.15473991125657383,0.25947793923251083,0.050001883280636754,1,avgOffTransspring,0,1
-0.3174548868997937,-0.23563431956493125,-0.3992754542346561,1,avgOffTranssummer,0,1
-0.09649424833699158,0.013795818184861273,-0.20678431485884446,1,sprRelOffTrans,0,0
-0.032591569263332724,-0.02787857116237768,-0.03730456736428771,1,sumRelOffTrans,0,1
0.18315552157672424,0.2739195812975429,0.09239146185590566,1,meanK,0,1
-0.30590809254422463,-0.23122738049135094,-0.3805888045970983,1,OC_LUSI_39N,0,1
0.29925675517069505,0.37895543275969695,0.2195580775816932,1,sardSpawnHab,0,1
0.6093451693085601,0.7799615444219381,0.43872879419518196,1,sardNurseHab,0,1
0.6729676211768361,0.7444949404736327,0.6014403018800397,1,springSST,0,1
0.12411772739164105,0.11649909140192141,0.13173636338136074,1,randTest,0,1
-0.11050869411659828,-0.0651009566479826,-0.15591643158521395,2,NCOPspring,0,1
-8.184168472528397e-4,0.1957973540331167,-0.19743418772762236,2,NCOPsummerlag1,0,0
-0.04743248113681982,0.13314897197310227,-0.22801393424674188,2,BEUTI_33N,0,0
-0.17496878758030832,-0.25340462389939766,-0.09653295126121897,2,BEUTI_39N,0,1
0.08988270403715368,0.3149305298362249,-0.13516512176191758,2,CUTI_33N,0,0
-0.06737310193229587,-0.002203111562424513,-0.1325430923021672,2,CUTI_39N,0,1
-0.07780345264626963,0.07860911310695745,-0.2342160183994966,2,OC_LUSI_33N,0,0
0.05860055341036448,0.17915868161341197,-0.061957574792683,2,OC_STI_33N,0,0
0.16571713179469455,0.3226070821213734,0.008827181468015727,2,RREAS_Myctophids,0,1
0.0871138074056588,0.17959822695549946,-0.005370612144181948,2,RREAS_YOYsardine,0,0
0.1711353636690136,0.08466306429275103,0.25760766304527616,2,age1SprSardmeanWAA,0,1
0.014815427149372243,0.24276670828602084,-0.2131358539872763,2,meanSSBwt,0,0
-0.0703049370315466,0.054653843323286294,-0.1952637173863796,2,ZM_NorCal,0,0
0.11747459081662688,0.3492319308038394,-0.1142827491705857,2,ZM_SoCal,0,0
-0.05365306063304139,0.09643554646461462,-0.20374166773069746,2,sardRec,0,0
-0.374457785521454,-0.48631286959335607,-0.2626027014495519,2,anchBioSmrySeas1,0,1
0.029637444939608654,0.21041160048545554,-0.151136710606238,2,summerSST,0,0
0.1472288448233553,0.09568179405542296,0.1987758955912876,2,avgOffTransspring,0,1
-0.06976419989516053,0.10862042365710178,-0.24814882344742287,2,avgOffTranssummer,0,0
-0.10516518517584439,-0.10199579804825268,-0.10833457230343611,2,sprRelOffTrans,0,1
0.041570630051259286,0.3438090862805872,-0.2606678261780687,2,sumRelOffTrans,0,0
-0.09120224059210637,0.1344547669255877,-0.31685924810980043,2,meanK,0,0
-0.0456766426528421,0.04796514515908789,-0.13931843046477221,2,OC_LUSI_39N,0,0
-0.04142302874332024,0.11407442067278416,-0.19692047815942482,2,sardSpawnHab,0,0
0.058858469180194634,0.12727005169862493,-0.009553113338235665,2,sardNurseHab,0,0
0.07920665296138077,0.19838074668499342,-0.039967440762231854,2,springSST,0,0
-0.03621486643373706,0.24584163414841903,-0.31827136701589326,2,randTest,0,0
-0.1806263805219526,-0.10640746650607161,-0.25484529453783356,3,NCOPspring,0,1
-0.11000580802882659,0.026901650604241753,-0.24691326666189495,3,NCOPsummerlag1,0,0
-0.2701743355126768,0.20532697096232375,-0.7456756419876773,3,BEUTI_33N,0,0
-0.16249135840942014,0.2793964037884512,-0.6043791206072915,3,BEUTI_39N,0,0
-0.25524330730673306,-0.0013857469340990136,-0.5091008676793671,3,CUTI_33N,0,1
-0.12378427471437675,0.4131120117747131,-0.6606805612034665,3,CUTI_39N,0,0
-0.18165637867462645,0.8859491372606231,-1.2492618946098761,3,OC_LUSI_33N,0,0
0.14062131813724932,0.9456584086250873,-0.6644157723505886,3,OC_STI_33N,0,0
0.006392906724272333,0.24083062316577314,-0.22804480971722843,3,RREAS_Myctophids,0,0
0.05983525774801143,1.0060610798864507,-0.8863905643904277,3,RREAS_YOYsardine,0,0
0.004895283661902811,0.5861399719464673,-0.5763494046226616,3,age1SprSardmeanWAA,0,0
0.07137531776605113,1.2302336307602388,-1.0874829952281364,3,meanSSBwt,0,0
-0.20677914105946707,0.5326782989294436,-0.9462365810483775,3,ZM_NorCal,0,0
-0.12843639055871595,0.4723547207329662,-0.7292275018503982,3,ZM_SoCal,0,0
0.27750275909644495,0.49158586939941706,0.06341964879347282,3,sardRec,0,1
0.023929417755467204,0.290625357109745,-0.24276652159881057,3,anchBioSmrySeas1,0,0
0.10272562409064698,1.0779377880888399,-0.8724865399075459,3,summerSST,0,0
0.16252990807724949,0.6987880469241644,-0.3737282307696655,3,avgOffTransspring,0,0
0.038868401559172455,0.5021689626635883,-0.42443215954524344,3,avgOffTranssummer,0,0
-0.1942603340819522,0.1869154132995377,-0.575436081463442,3,sprRelOffTrans,0,0
-0.2155596709285963,0.7602304023040275,-1.1913497441612202,3,sumRelOffTrans,0,0
0.019724862937456206,0.7486822590144863,-0.7092325331395739,3,meanK,0,0
-0.17139683885506324,0.3143895396725775,-0.6571832173827039,3,OC_LUSI_39N,0,0
-0.04850741351079926,0.9704707055531692,-1.0674855325747676,3,sardSpawnHab,0,0
0.13710098761969303,0.5747515868297994,-0.30054961159041343,3,sardNurseHab,0,0
0.16756008617958676,1.007058179284026,-0.6719380069248526,3,springSST,0,0
0.15854685300724367,1.1765071315760238,-0.8594134255615367,3,randTest,0,0
0.002341220686317908,0.0013792191430886662,0.00330322222954715,4,NCOPspring,0,1
0.052320843558962195,0.1369390139145884,-0.03229732679666401,4,NCOPsummerlag1,0,0
-0.13783832673859953,0.12940479491365495,-0.405081448390854,4,BEUTI_33N,0,0
-0.2154523909776167,0.3796866062598121,-0.8105913882150455,4,BEUTI_39N,0,0
-0.12110920451192464,0.4647940887638369,-0.7070124977876862,4,CUTI_33N,0,0
-0.24588068417350228,0.2786538316568282,-0.7704152000038329,4,CUTI_39N,0,0
-0.5487394359508638,0.42969126796304213,-1.52717013986477,4,OC_LUSI_33N,0,0
0.40945167457047416,1.1525401560114046,-0.33363680687045616,4,OC_STI_33N,0,0
-0.12416006242680501,0.39934951076095027,-0.6476696356145604,4,RREAS_Myctophids,0,0
0.4810972462749616,1.413299513049199,-0.4511050204992757,4,RREAS_YOYsardine,0,0
0.30729492395420327,1.13370704770735,-0.5191171997989437,4,age1SprSardmeanWAA,0,0
0.5802219084268448,1.618688181936092,-0.4582443650824026,4,meanSSBwt,0,0
-0.3448143207889819,0.3273568136507976,-1.0169854552287616,4,ZM_NorCal,0,0
-0.2866008841420449,0.43629343523893316,-1.009495203523023,4,ZM_SoCal,0,0
-0.002053132799551584,0.5153588603311384,-0.5194651259302416,4,sardRec,0,0
-0.07901437090916075,0.9716002835195328,-1.1296290253378545,4,anchBioSmrySeas1,0,0
0.4721233549910193,1.3252760341983778,-0.38102932421633917,4,summerSST,0,0
0.2799806502904346,0.9201530744729209,-0.36019177389205165,4,avgOffTransspring,0,0
0.2382909351434472,0.7235794116373299,-0.24699754135043545,4,avgOffTranssummer,0,0
-0.16470343948905378,0.26310781077234097,-0.5925146897504485,4,sprRelOffTrans,0,0
-0.49366731318327506,0.3743788609510452,-1.3617134873175956,4,sumRelOffTrans,0,0
0.33788762868170275,1.034232453694746,-0.3584571963313405,4,meanK,0,0
-0.226578371224686,0.23138590369891401,-0.684542646148286,4,OC_LUSI_39N,0,0
-0.5338616289728164,0.436750724774066,-1.504473982719699,4,sardSpawnHab,0,0
0.17628965825391354,0.6268666862496881,-0.2742873697418611,4,sardNurseHab,0,0
0.3970363742335365,1.16859388058821,-0.3745211321211369,4,springSST,0,0
0.5096762653485025,1.3842630829326565,-0.36491055223565166,4,randTest,0,0
-0.6281400081636885,-0.36593323058968935,-0.8903467857376878,1,NCOPspring,0,1
-0.5303222456438,-0.32488691526571495,-0.7357575760218849,1,NCOPsummerlag1,0,1
-0.03385124806042464,0.04265938009231667,-0.11036187621316597,1,BEUTI_33N,0,0
-0.5673719096911298,-0.5479125120902517,-0.586831307292008,1,BEUTI_39N,0,1
-0.13022310177537635,-0.1952525509344854,-0.06519365261626733,1,CUTI_33N,0,1
-0.5475248659937283,-0.5395486335977148,-0.5555010983897418,1,CUTI_39N,0,1
-0.18351190561931752,-0.3935373284834569,0.026513517244821858,1,OC_LUSI_33N,0,0
0.17187693945451782,0.022575152070262422,0.3211787268387732,1,OC_STI_33N,0,1
0.31705575105917644,0.26203670812735547,0.37207479399099747,1,RREAS_Myctophids,0,1
0.35388060222394846,0.18489341181195132,0.5228677926359456,1,RREAS_YOYsardine,0,1
-0.007542568846988708,-0.036777486407601506,0.02169234871362402,1,age1SprSardmeanWAA,0,0
0.045779690049863084,-0.10570008868151343,0.19725946878123957,1,meanSSBwt,0,0
-0.6687639638679987,-0.7512962989176264,-0.5862316288183711,1,ZM_NorCal,0,1
-0.49014931008501833,-0.6020205924755668,-0.37827802769446983,1,ZM_SoCal,0,1
0.1922321371256901,0.18695595834350953,0.19750831590787063,1,sardRec,0,1
-0.2029097957998373,-0.3450469174117319,-0.06077267418794277,1,anchBioSmrySeas1,0,1
0.48502704035888383,0.32052034352806996,0.6495337371896978,1,summerSST,0,1
0.1694542519177748,0.1500534219698042,0.18885508186574543,1,avgOffTransspring,0,1
-0.3038838068613868,-0.35757398814508917,-0.25019362557768454,1,avgOffTranssummer,0,1
-0.11414521476353097,-0.10120419496969899,-0.12708623455736298,1,sprRelOffTrans,0,1
-0.07022195333542926,-0.3026932010558993,0.16224929438504085,1,sumRelOffTrans,0,0
0.19105089372851977,0.08311615760280705,0.2989856298542325,1,meanK,0,1
-0.31655884055332034,-0.3713798216515918,-0.26173785945504885,1,OC_LUSI_39N,0,1
0.22491927663837818,0.06838107751704858,0.3814574757597079,1,sardSpawnHab,0,1
0.6155517879538275,0.6891220059435469,0.5419815699641082,1,sardNurseHab,0,1
0.7086305380634398,0.6102464141145865,0.8070146620122931,1,springSST,0,1
0.035314701869234785,-0.07747648022867104,0.1481058839671406,1,randTest,0,0
-0.13754525535990622,-0.08012923709998429,-0.19496127361982815,2,NCOPspring,0,1
-0.04008319574474162,0.12760378485974744,-0.20777017634923067,2,NCOPsummerlag1,0,0
-0.047565862323035016,0.05074823956614544,-0.14587996421221544,2,BEUTI_33N,0,0
-0.1877974176930459,-0.18988086348205058,-0.1857139719040412,2,BEUTI_39N,0,1
0.08948215642067658,0.4269523533453118,-0.2479880405039587,2,CUTI_33N,0,0
-0.08615068219653177,-0.006098313992339073,-0.16620305040072447,2,CUTI_39N,0,1
-0.04239123481860143,0.15334222310351964,-0.23812469274072265,2,OC_LUSI_33N,0,0
0.043979149722197075,0.191192260333462,-0.10323396088906803,2,OC_STI_33N,0,0
0.2066947529064655,0.4839200014215588,-0.07053049560862779,2,RREAS_Myctophids,0,0
0.04831615119405908,0.2056248573510859,-0.10899255496296775,2,RREAS_YOYsardine,0,0
0.1002861908687219,0.1670227639525062,0.03354961778493777,2,age1SprSardmeanWAA,0,1
-0.05682427854689254,0.21793761539365095,-0.3315861724874356,2,meanSSBwt,0,0
-0.07435183680554505,0.09231959545968246,-0.24102326907077248,2,ZM_NorCal,0,0
0.10489613052628428,0.36819308363247377,-0.15840082257990518,2,ZM_SoCal,0,0
-0.031113085470447485,0.15720861711102097,-0.219434788051916,2,sardRec,0,0
-0.35417355272259243,-0.3263911048934205,-0.38195600055176426,2,anchBioSmrySeas1,0,1
0.0029598915269377114,0.20686095382408795,-0.20094117077021262,2,summerSST,0,0
0.11486855364234336,0.12446624643135305,0.1052708608533337,2,avgOffTransspring,0,1
-0.10392376092812089,0.10415187196201404,-0.3119993938182559,2,avgOffTranssummer,0,0
-0.10156444379616736,-0.08651045862335803,-0.11661842896897666,2,sprRelOffTrans,0,1
0.06887950131258457,0.3873754283117391,-0.24961642568657008,2,sumRelOffTrans,0,0
-0.12336817024540475,0.1469557017806033,-0.39369204227141275,2,meanK,0,0
-0.0372676508613482,0.09918690067159662,-0.17372220239429295,2,OC_LUSI_39N,0,0
0.03460569612090174,0.25831940251505114,-0.18910801027324775,2,sardSpawnHab,0,0
0.06712689818219784,0.17483479492382836,-0.04058099855943266,2,sardNurseHab,0,0
0.07169680467533344,0.23702839742681464,-0.0936347880761477,2,springSST,0,0
0.13009583573316738,0.1428588151446865,0.1173328563216483,2,randTest,0,1
-0.18960861193995085,-0.1104595966075321,-0.2687576272723696,3,NCOPspring,0,1
-0.10636417875614389,0.042326319960767106,-0.2550546774730548,3,NCOPsummerlag1,0,0
-0.24851248884814048,0.27294714023200833,-0.7699721179282892,3,BEUTI_33N,0,0
-0.1602930481402598,0.6486257907564567,-0.9692118870369762,3,BEUTI_39N,0,0
-0.24162652438138726,0.4407347108261338,-0.9239877595889082,3,CUTI_33N,0,0
-0.11304877047227792,0.7002236144039153,-0.9263211553484711,3,CUTI_39N,0,0
-0.16323879239759814,1.6715029868258746,-1.9979805716210706,3,OC_LUSI_33N,0,0
0.12476302025859629,1.575896859493389,-1.3263708189761965,3,OC_STI_33N,0,0
0.016704866917902902,0.7023446247352373,-0.6689348908994316,3,RREAS_Myctophids,0,0
0.05802626921977125,1.6905989716571876,-1.574546433217645,3,RREAS_YOYsardine,0,0
0.026598183000126258,1.3537085954855463,-1.3005122294852938,3,age1SprSardmeanWAA,0,0
0.05417683054976058,1.8540377125003769,-1.7456840514008558,3,meanSSBwt,0,0
-0.21038664947130473,1.0592289541642717,-1.4800022531068808,3,ZM_NorCal,0,0
-0.10927132647030557,0.8927135437435003,-1.1112561966841115,3,ZM_SoCal,0,0
0.2612011953397098,0.8562607808130926,-0.33385839013367313,3,sardRec,0,0
-0.00807301598821529,1.1479584050858238,-1.1641044370622544,3,anchBioSmrySeas1,0,0
0.09136332094817254,1.5867972432631534,-1.4040706013668083,3,summerSST,0,0
0.15238693438125844,0.9395020866899942,-0.6347282179274774,3,avgOffTransspring,0,0
0.019108055790455207,0.8576522350994905,-0.8194361235185801,3,avgOffTranssummer,0,0
-0.18577771199756357,0.4761801958833094,-0.8477356198784366,3,sprRelOffTrans,0,0
-0.18661340429588905,1.5038893149282804,-1.8771161235200586,3,sumRelOffTrans,0,0
0.01169190339968762,1.2732309147945744,-1.2498471079951992,3,meanK,0,0
-0.17315364098677705,0.7378436747335438,-1.0841509567070977,3,OC_LUSI_39N,0,0
-0.053569969141187446,1.690692469714386,-1.7978324079967607,3,sardSpawnHab,0,0
0.13928269492697443,0.8398453334971695,-0.5612799436432208,3,sardNurseHab,0,0
0.1688545795036067,1.5355916490013652,-1.1978824899941518,3,springSST,0,0
0.013933330435762531,1.2012549006955524,-1.173388239824027,3,randTest,0,0
-0.055425267622212206,-0.03228889574569003,-0.07856163949873439,4,NCOPspring,0,1
-0.07352689308779879,-0.09853584316705444,-0.048517943008543146,4,NCOPsummerlag1,0,1
0.09771641717705529,-0.10599632449683702,0.30142915885094757,4,BEUTI_33N,0,0
0.12288906917455766,0.19854107041215802,0.04723706793695734,4,BEUTI_39N,0,1
0.09409171642136972,0.3699949864415296,-0.18181155359879025,4,CUTI_33N,0,0
0.15166190205384927,0.027034512602653105,0.2762892915050455,4,CUTI_39N,0,1
0.5213539972638211,0.021701535770849878,1.0210064587567924,4,OC_LUSI_33N,0,1
-0.40515388833788835,-0.7862370150012036,-0.024070761674573227,4,OC_STI_33N,0,1
0.13743227991908893,0.4693176768016124,-0.19445311696343465,4,RREAS_Myctophids,0,0
-0.42913087692549773,-0.8772142850615497,0.01895253121055429,4,RREAS_YOYsardine,0,0
-0.33966921045492293,-0.4512098225572033,-0.2281285983526426,4,age1SprSardmeanWAA,0,1
-0.49724232764367216,-0.8653955340636285,-0.12908912122371607,4,meanSSBwt,0,1
0.2823974782930728,0.03235983788899599,0.5324351186971497,4,ZM_NorCal,0,1
0.15196533498494452,0.3823958188503873,-0.07846514888049827,4,ZM_SoCal,0,0
0.036985108747663316,0.20665044652984263,-0.13268022903451607,4,sardRec,0,0
0.08993181784279539,0.7942075630740337,-0.614343927388443,4,anchBioSmrySeas1,0,0
-0.3631557380107631,-0.6749370054812452,-0.05137447054028088,4,summerSST,0,1
-0.1794705444132964,-0.1993028508917143,-0.15963823793487852,4,avgOffTransspring,0,1
-0.24587551214045378,-0.2699298228181135,-0.22182120146279405,4,avgOffTranssummer,0,1
0.13982933263601355,0.14097853501149954,0.13868013026052753,4,sprRelOffTrans,0,1
0.46944805410862644,0.21506445254940942,0.7238316556678437,4,sumRelOffTrans,0,1
-0.2794996571839222,-0.2524365905616478,-0.30656272380619676,4,meanK,0,1
0.2188056114218035,0.06475641418857137,0.3728548086550356,4,OC_LUSI_39N,0,1
0.5264100162199515,0.09811232517923041,0.9547077072606727,4,sardSpawnHab,0,1
-0.09605927725115739,-0.1178769801626413,-0.07424157433967349,4,sardNurseHab,0,1
-0.303557089823357,-0.5952997519680034,-0.011814427678710326,4,springSST,0,1
-0.29552782237583763,-0.3189056072691664,-0.272150037482509,4,randTest,0,1
-0.6179614958739331,-0.3596750240029169,-0.8762479677449494,1,NCOPspring,0,1
-0.5276140442592655,-0.23848547013241284,-0.8167426183861183,1,NCOPsummerlag1,0,1
-0.07261403495860572,0.20040067365772882,-0.3456287435749403,1,BEUTI_33N,0,0
-0.4510113414364503,0.10808646102095906,-1.0101091438938596,1,BEUTI_39N,0,0
-0.15085306540232774,0.3051713452599571,-0.6068774760646125,1,CUTI_33N,0,0
-0.3577309355545625,0.1824500823226451,-0.8979119534317702,1,CUTI_39N,0,0
-0.3431888423808206,-0.06856936213066034,-0.617808322630981,1,OC_LUSI_33N,0,1
0.319114427185432,0.5736709853146306,0.06455786905623338,1,OC_STI_33N,0,1
0.11428289529268598,0.6669410713205332,-0.4383752807351612,1,RREAS_Myctophids,0,0
0.47698981642827354,0.8133434112049127,0.1406362216516341,1,RREAS_YOYsardine,0,1
0.07789923749043948,1.023436837369803,-0.8676383623889241,1,age1SprSardmeanWAA,0,0
0.23886876664601608,1.129112349539665,-0.6513748162476329,1,meanSSBwt,0,0
-0.6329435021344061,-0.07130224908271379,-1.1945847551860986,1,ZM_NorCal,0,1
-0.5358353867814301,-0.06876959295370037,-1.0029011806091597,1,ZM_SoCal,0,1
0.23298825352565475,0.5589974505417239,-0.09302094349041438,1,sardRec,0,0
-0.053050960472147114,0.4827605469025048,-0.5888624678467991,1,anchBioSmrySeas1,0,0
0.5058752248946998,0.9574045428240732,0.054345906965326554,1,summerSST,0,1
0.3441085159712373,0.6313437442203652,0.05687328772210949,1,avgOffTransspring,0,1
-0.029830420247791093,0.5116207718646892,-0.5712816123602715,1,avgOffTranssummer,0,0
-0.35928307573344076,-0.02937972821293891,-0.6891864232539425,1,sprRelOffTrans,0,1
-0.3521592548939283,0.14747971177300453,-0.851798221560861,1,sumRelOffTrans,0,0
0.22135227446501116,0.7187059466784541,-0.27600139774843185,1,meanK,0,0
-0.4058804604568321,-0.09418377143366594,-0.7175771494799983,1,OC_LUSI_39N,0,1
0.10942995705721849,0.5982526716591998,-0.3793927575447628,1,sardSpawnHab,0,0
0.5882272543340712,1.0568803341393078,0.11957417452883438,1,sardNurseHab,0,1
0.7247236295775825,1.312165607088394,0.13728165206677123,1,springSST,0,1
0.10894585465917721,0.4483355186617917,-0.23044380934343733,1,randTest,0,0
0.07770630006708136,0.04522776180784421,0.11018483832631851,2,NCOPspring,0,1
-0.04607276817219083,0.09851990720153446,-0.1906654435459161,2,NCOPsummerlag1,0,0
0.005102272109076475,0.388117189894787,-0.37791264567663413,2,BEUTI_33N,0,0
0.4173745129662502,0.8996625125134246,-0.06491348658092398,2,BEUTI_39N,0,0
-0.08151348114174424,0.5132728492542287,-0.6762998115377172,2,CUTI_33N,0,0
0.3627260971812062,0.9608510174114868,-0.2353988230490745,2,CUTI_39N,0,0
0.0578944848899033,0.31700990834663845,-0.20122093856683185,2,OC_LUSI_33N,0,0
-0.023807522500224505,0.17761805510553036,-0.22523310010597936,2,OC_STI_33N,0,0
-0.3916102767070257,0.07157069012448512,-0.8547912435385365,2,RREAS_Myctophids,0,0
-0.12019231052231082,0.17754456968389903,-0.41792919072852064,2,RREAS_YOYsardine,0,0
-0.692453658317584,0.13583538805384687,-1.5207427046890147,2,age1SprSardmeanWAA,0,0
-0.6478322305013663,0.214391604803346,-1.5100560658060789,2,meanSSBwt,0,0
0.36063312686585153,0.9971502103498611,-0.2758839566181579,2,ZM_NorCal,0,0
0.24286266550663207,0.8278658446084008,-0.34214051359513653,2,ZM_SoCal,0,0
-0.1036724816402254,0.2726760209240998,-0.4800209842045505,2,sardRec,0,0
0.338172258095841,0.8373618871142195,-0.16101737092253754,2,anchBioSmrySeas1,0,0
-0.257235053558336,0.26332926530270073,-0.7777993724193728,2,summerSST,0,0
-0.054726084796977846,0.1858245308455408,-0.2952767004394965,2,avgOffTransspring,0,0
0.39502724949413154,0.8705147942962919,-0.08046029530802876,2,avgOffTranssummer,0,0
-0.048119824755496206,0.28099731174579745,-0.37723696125678985,2,sprRelOffTrans,0,0
-0.2542805868726258,0.2087303495192115,-0.7172915232644632,2,sumRelOffTrans,0,0
-0.20984540967302198,0.3977106400327299,-0.817401459378774,2,meanK,0,0
0.0871530546239576,0.4235149068373154,-0.2492087975894002,2,OC_LUSI_39N,0,0
0.05289513196003444,0.7215511250176235,-0.6157608610975545,2,sardSpawnHab,0,0
-0.2652532263674485,0.1147386107224326,-0.6452450634573296,2,sardNurseHab,0,0
-0.397388531284598,0.21794171766488263,-1.0127187802340787,2,springSST,0,0
-0.0473692292100552,0.36107373429947903,-0.4558121927195894,2,randTest,0,0
-0.08291610584423036,-0.04826004946728258,-0.11757216222117814,3,NCOPspring,0,1
0.023013635303446675,-0.08918503100483824,0.1352123016117316,3,NCOPsummerlag1,0,0
-0.234954509413782,-0.2204259054350864,-0.24948311339247753,3,BEUTI_33N,0,1
-0.1162159229531741,-0.006103191093662322,-0.2263286548126859,3,BEUTI_39N,0,1
-0.23720374160654625,-0.3802121413886789,-0.09419534182441361,3,CUTI_33N,0,1
-0.07647991436716335,0.02644683767531987,-0.17940666640964667,3,CUTI_39N,0,0
-0.09501481619915143,-0.07407259563056484,-0.11595703676773805,3,OC_LUSI_33N,0,1
0.0680385616337714,0.07210223272361949,0.0639748905439233,3,OC_STI_33N,0,1
0.007254484326737909,-0.07067344481629884,0.08518241346977468,3,RREAS_Myctophids,0,0
0.004558011648476523,0.034094905207816925,-0.024978881910863927,3,RREAS_YOYsardine,0,0
0.01612370254769832,-0.048923453597931654,0.0811708586933283,3,age1SprSardmeanWAA,0,0
0.028969064138025566,0.07187536001703132,-0.0139372317409803,3,meanSSBwt,0,0
-0.13759792405049082,-0.006976708186750717,-0.26821913991423085,3,ZM_NorCal,0,1
-0.02886893498221893,0.03706581040073877,-0.09480368036517658,3,ZM_SoCal,0,0
0.2027759365360839,0.25525772746696707,0.15029414560520077,3,sardRec,0,1
-0.04426982297196154,-0.14289191474736918,0.05435226880344615,3,anchBioSmrySeas1,0,0
0.007983034258873381,0.0635079953565639,-0.047541926838817125,3,summerSST,0,0
0.11712251064237317,0.12586109736389892,0.10838392392084739,3,avgOffTransspring,0,1
0.02706164438372735,-0.03411680299750555,0.08824009176496025,3,avgOffTranssummer,0,0
-0.15045352728110892,-0.18575105067228842,-0.11515600388992936,3,sprRelOffTrans,0,1
-0.1474745984983422,-0.3837939932868092,0.08884479629012482,3,sumRelOffTrans,0,0
-0.030502902102956864,0.006793380339464555,-0.06779918454537828,3,meanK,0,0
-0.1315900618483682,-0.09730577571494076,-0.16587434798179568,3,OC_LUSI_39N,0,1
-0.21375394172441936,-0.21554754591974187,-0.2119603375290969,3,sardSpawnHab,0,1
0.004922397717674942,0.007128606587319231,0.0027161888480306956,3,sardNurseHab,0,1
0.07069784570294828,0.16867767210991286,-0.027281980704016287,3,springSST,0,0
-0.02621730923116107,-0.06071859718374572,0.008283978721423613,3,randTest,0,0
0.2127064785745996,0.12380254805147672,0.30161040909772246,4,NCOPspring,0,1
0.19225963688847328,0.07559512089714641,0.3089241528798002,4,NCOPsummerlag1,0,1
-0.042565925691740766,-0.07913603262434485,-0.005995818759136656,4,BEUTI_33N,0,1
0.02715218897992297,0.6036104773559692,-0.5493060993961232,4,BEUTI_39N,0,0
-0.2591147446724562,-0.04921816860493694,-0.46901132073997553,4,CUTI_33N,0,1
-0.1616465322399077,0.33092380359027285,-0.6542168680700884,4,CUTI_39N,0,0
0.01092285175458467,0.10649283995609507,-0.08464713644692572,4,OC_LUSI_33N,0,0
-0.04786743027727631,0.02399240288411235,-0.11972726343866502,4,OC_STI_33N,0,0
-0.11405269000390995,0.4305852035702326,-0.6586905835780524,4,RREAS_Myctophids,0,0
-0.02990042175903662,0.11916960587806891,-0.17897044939614223,4,RREAS_YOYsardine,0,0
-0.0016484159305346635,0.959302837122307,-0.9625996689833765,4,age1SprSardmeanWAA,0,0
0.1678831369941157,1.058126060307854,-0.7223597863196226,4,meanSSBwt,0,0
-0.09731854336501528,0.38487459990732364,-0.5795116866373542,4,ZM_NorCal,0,0
-0.13190376733017659,0.1852408640270172,-0.44904839868737023,4,ZM_SoCal,0,0
0.06111517996707963,0.220960508284004,-0.09873014834984468,4,sardRec,0,0
0.22863241114547264,0.7244562640087886,-0.2671914417178432,4,anchBioSmrySeas1,0,0
0.09029968158000762,0.4217419299351755,-0.24114256677516027,4,summerSST,0,0
-0.18013906782944,-0.08210172202946436,-0.2781764136294156,4,avgOffTransspring,0,1
-0.01866402306750002,0.526768944300388,-0.5640969904353882,4,avgOffTranssummer,0,0
0.22897054456776256,0.3341192859345624,0.12382180320096259,4,sprRelOffTrans,0,1
-0.055117236116596496,0.3034669006774977,-0.4137013729106907,4,sumRelOffTrans,0,0
0.23616077734303798,0.5250492284234775,-0.05272767373740162,4,meanK,0,0
-0.01109802746690404,0.11732988602127994,-0.13952594095508797,4,OC_LUSI_39N,0,0
-0.3950067613212176,-0.21215784944942204,-0.5778556731930131,4,sardSpawnHab,0,1
-0.10140710998469812,0.2281439294337017,-0.43095814940309796,4,sardNurseHab,0,0
0.029890729957884332,0.5509750163462398,-0.4911935564304712,4,springSST,0,0
-0.28140128006932397,-0.1390330690563019,-0.4237694910823461,4,randTest,0,1
-0.6372511986890969,-0.37497927728421127,-0.8995231200939825,1,NCOPspring,0,1
-0.5603163100444992,-0.35420955126251463,-0.7664230688264839,1,NCOPsummerlag1,0,1
-0.029933340132993473,0.04867723778426428,-0.10854391805025122,1,BEUTI_33N,0,0
-0.5494992755686476,-0.5100809170896062,-0.5889176340476892,1,BEUTI_39N,0,1
-0.13364632581496724,-0.13620544902706722,-0.1310872026028672,1,CUTI_33N,0,1
-0.5297951167196397,-0.5012897693549663,-0.5583004640843131,1,CUTI_39N,0,1
-0.15350290033048558,-0.27588965311611724,-0.031116147544853923,1,OC_LUSI_33N,0,1
0.14621507842773757,0.07029939737023984,0.22213075948523536,1,OC_STI_33N,0,1
0.30729221735951784,0.3158148670585093,0.29876956766052637,1,RREAS_Myctophids,0,1
0.32769648558415926,0.1955143786143646,0.4598785925539539,1,RREAS_YOYsardine,0,1
-0.02325413821649324,0.003196093788535817,-0.04970437022152238,1,age1SprSardmeanWAA,0,0
-2.2867814465768466e-5,-0.07132372104504292,0.07127798541611133,1,meanSSBwt,0,0
-0.64324412609427,-0.6744724811946173,-0.6120157709939222,1,ZM_NorCal,0,1
-0.47080795933254815,-0.49594990956915264,-0.44566600909594367,1,ZM_SoCal,0,1
0.19054809573994294,0.20927592724540628,0.1718202642344795,1,sardRec,0,1
-0.19311913186551516,-0.2711094548478669,-0.1151288088831634,1,anchBioSmrySeas1,0,1
0.4612195379615085,0.35720517965459003,0.5652338962684271,1,summerSST,0,1
0.15691211897748653,0.14907307454072427,0.16475116341424878,1,avgOffTransspring,0,1
-0.309502429653565,-0.29829505110578625,-0.32070980820134376,1,avgOffTranssummer,0,1
-0.10002698032152796,-0.06904863224959981,-0.13100532839345613,1,sprRelOffTrans,0,1
-0.04261361408953503,-0.14593039622924608,0.060703168050176025,1,sumRelOffTrans,0,0
0.16909384032133554,0.15606607221947924,0.18212160842319186,1,meanK,0,1
-0.304855246686132,-0.3168697082735259,-0.29284078509873807,1,OC_LUSI_39N,0,1
0.2994329010532878,0.20041883606575622,0.39844696604081936,1,sardSpawnHab,0,1
0.6088016122194532,0.6910188466533138,0.5265843777855926,1,sardNurseHab,0,1
0.6827390478131979,0.6230173791583943,0.7424607164680015,1,springSST,0,1
-0.11300722641370924,-0.052056909809950536,-0.17395754301746796,1,randTest,0,1
-0.13349784622232366,-0.07855446329237668,-0.18844122915227066,2,NCOPspring,0,1
-0.023874825084827578,0.1701995051294593,-0.2179491552991144,2,NCOPsummerlag1,0,0
-0.04858303815785929,0.07989536406536385,-0.17706144038108246,2,BEUTI_33N,0,0
-0.1949079429736588,0.06593759716668712,-0.45575348311400465,2,BEUTI_39N,0,0
0.08187207134124903,0.425922942890575,-0.2621788002080768,2,CUTI_33N,0,0
-0.08924755149768022,0.13694896306553417,-0.3154440660608947,2,CUTI_39N,0,0
-0.06959447660000717,0.27963073336558014,-0.41881968656559454,2,OC_LUSI_33N,0,0
0.0532331837125751,0.32813909169320554,-0.22167272426805537,2,OC_STI_33N,0,0
0.17946226803591603,0.46564205444443973,-0.10671751837260762,2,RREAS_Myctophids,0,0
0.09124205227950394,0.49263621273334635,-0.3101521081743384,2,RREAS_YOYsardine,0,0
0.15651621258344886,0.5435978204940828,-0.23056539532718512,2,age1SprSardmeanWAA,0,0
5.716702089427761e-4,0.426882837414156,-0.4257394969962705,2,meanSSBwt,0,0
-0.08549747167820759,0.1947191721238752,-0.3657141154802903,2,ZM_NorCal,0,0
0.10185074116720214,0.35759674122391266,-0.15389525888950845,2,ZM_SoCal,0,0
-0.049309163881653253,0.34938641819857486,-0.44800474596188133,2,sardRec,0,0
-0.38422957200179325,0.21431979014845157,-0.9827789341520381,2,anchBioSmrySeas1,0,0
0.03334181616248175,0.365599883122681,-0.2989162507977174,2,summerSST,0,0
0.14441524662472244,0.3580384770197555,-0.06920798377031062,2,avgOffTransspring,0,0
-0.08784248848423469,0.13318738573380956,-0.30887236270227897,2,avgOffTranssummer,0,0
-0.10357299242820085,0.07095776039828089,-0.27810374525468257,2,sprRelOffTrans,0,0
0.049688430393763305,0.3668032836252199,-0.2674264228376933,2,sumRelOffTrans,0,0
-0.09495448539615088,0.2001135733014826,-0.39002254409378445,2,meanK,0,0
-0.05007805624355029,0.15294987166070695,-0.25310598414780755,2,OC_LUSI_39N,0,0
-0.025412057213960115,0.41266736544652155,-0.46349147987444184,2,sardSpawnHab,0,0
0.0724394610857924,0.30313111743870275,-0.15825219526711792,2,sardNurseHab,0,0
0.09374269946880595,0.41472951229582977,-0.22724411335821776,2,springSST,0,0
0.01049162324419358,0.1886062811895109,-0.1676230347011237,2,randTest,0,0
-0.213030150462643,-0.12535385107875108,-0.30070644984653494,3,NCOPspring,0,1
-0.13357175623937684,0.022051810743206335,-0.28919532322196,3,NCOPsummerlag1,0,0
-0.2557528613853881,0.147259268101173,-0.6587649908719493,3,BEUTI_33N,0,0
-0.16944598075584041,0.34533372328551715,-0.684225684797198,3,BEUTI_39N,0,0
-0.25123035813560884,0.2640049895963428,-0.7664657058675605,3,CUTI_33N,0,0
-0.1231883653646467,0.4111639522210418,-0.6575406829503352,3,CUTI_39N,0,0
-0.1636507379965791,0.9373416137389905,-1.2646430897321488,3,OC_LUSI_33N,0,0
0.1301552593944939,0.9755948283612873,-0.7152843095722996,3,OC_STI_33N,0,0
0.02060259140165978,0.5500929209383578,-0.5088877381350383,3,RREAS_Myctophids,0,0
0.060968815016545747,1.1672906978442492,-1.045353067811158,3,RREAS_YOYsardine,0,0
0.004668004596104627,0.8037782635758123,-0.794442254383603,3,age1SprSardmeanWAA,0,0
0.042972259488541636,1.2569397852847353,-1.170995266307652,3,meanSSBwt,0,0
-0.22702916666467174,0.6101178541721604,-1.0641761875015037,3,ZM_NorCal,0,0
-0.1323473820764578,0.6049651736196686,-0.8696599377725841,3,ZM_SoCal,0,0
0.28096667771200334,0.6846393129083388,-0.12270595748433213,3,sardRec,0,0
0.013051756450868708,0.735521990063662,-0.7094184771619246,3,anchBioSmrySeas1,0,0
0.1027760602014753,1.1078511887772222,-0.9022990683742715,3,summerSST,0,0
0.1573480649318979,0.7391484976764435,-0.4244523678126478,3,avgOffTransspring,0,0
0.017462859989999087,0.5746444962271708,-0.5397187762471727,3,avgOffTranssummer,0,0
-0.1955695263619263,0.25210631238470416,-0.6432453651085567,3,sprRelOffTrans,0,0
-0.19519087867260448,0.8622041297056167,-1.2525858870508257,3,sumRelOffTrans,0,0
0.013184502736571721,0.873931235369421,-0.8475622298962776,3,meanK,0,0
-0.18253035362240053,0.42541987445952356,-0.7904805817043247,3,OC_LUSI_39N,0,0
-0.01614117995972747,1.2316716232196054,-1.26395398313906,3,sardSpawnHab,0,0
0.1600541919170556,0.6879742105938201,-0.3678658267597088,3,sardNurseHab,0,0
0.18628531619870103,1.1242911815797272,-0.7517205491823251,3,springSST,0,0
-0.10146667746454137,0.13999249338806163,-0.3429258483171444,3,randTest,0,0
-0.005415850843220661,-0.0031868623224995687,-0.007644839363941752,4,NCOPspring,0,1
-0.08483156145861882,-0.21229371982436415,0.0426305969071265,4,NCOPsummerlag1,0,0
0.09350998094733946,-0.08289468594386876,0.26991464783854763,4,BEUTI_33N,0,0
0.14274989308419075,0.3520571798276653,-0.06655739365928387,4,BEUTI_39N,0,0
0.12012701473001752,0.09444724143494326,0.14580678802509173,4,CUTI_33N,0,1
0.16352426147402582,0.25353389813806326,0.07351462480998835,4,CUTI_39N,0,1
0.48045589136461836,0.5829433097069324,0.37796847302230424,4,OC_LUSI_33N,0,1
-0.35993869981372917,-0.2849786977123225,-0.43489870191513585,4,OC_STI_33N,0,1
0.16136201182805016,0.11393318136366565,0.20879084229243472,4,RREAS_Myctophids,0,1
-0.4584785843597142,-0.27952671460279666,-0.6374304541166318,4,RREAS_YOYsardine,0,1
-0.3055437645083565,-0.023354063023623695,-0.5877334659930893,4,age1SprSardmeanWAA,0,1
-0.5113384629302513,-0.4558573931489038,-0.5668195327115988,4,meanSSBwt,0,1
0.30377003838280897,0.35682791047622686,0.2507121662893911,4,ZM_NorCal,0,1
0.21603281326076315,0.09737301385917935,0.33469261266234684,4,ZM_SoCal,0,1
0.022634654712985487,0.0899976489605934,-0.044728339534622436,4,sardRec,0,0
0.08646610107958029,0.43625130355594677,-0.26331910139678627,4,anchBioSmrySeas1,0,0
-0.39446940422154986,-0.3478626918451537,-0.44107611659794593,4,summerSST,0,1
-0.2245186111915596,-0.037922066146735794,-0.4111151562363835,4,avgOffTransspring,0,1
-0.2264200390545425,-0.2929357759202144,-0.15990430218887058,4,avgOffTranssummer,0,1
0.14125639497591871,0.2038748442244458,0.07863794572739172,4,sprRelOffTrans,0,1
0.45058579734674675,0.3389985722851302,0.5621730224083632,4,sumRelOffTrans,0,1
-0.3062944745729772,-0.3980368308446633,-0.21455211830129095,4,meanK,0,1
0.2283619545539628,0.24721236087755863,0.20951154823036688,4,OC_LUSI_39N,0,1
0.5633940297453655,0.6941886589734408,0.43259940051729023,4,sardSpawnHab,0,1
-0.1339453762944246,-0.08697768941217768,-0.1809130631766715,4,sardNurseHab,0,1
-0.34665322067082793,-0.25477195537345965,-0.4385344859681963,4,springSST,0,1
-4.159574551682926e-4,0.02649189024691545,-0.027323805157252024,4,randTest,0,0
-0.6249146396231524,-0.3697251968989167,-0.880104082347388,1,NCOPspring,0,1
-0.535988619044044,-0.32781092611954543,-0.7441663119685425,1,NCOPsummerlag1,0,1
-0.032765745784664124,0.1415239387243638,-0.20705543029369208,1,BEUTI_33N,0,0
-0.5625201539215858,-0.42618917603418377,-0.6988511318089878,1,BEUTI_39N,0,1
-0.13642700926906584,-0.0641944241235886,-0.20865959441454307,1,CUTI_33N,0,1
-0.5313222608475973,-0.3836531595339939,-0.6789913621612007,1,CUTI_39N,0,1
-0.24926630230572888,-0.14683636683417917,-0.35169623777727854,1,OC_LUSI_33N,0,1
0.21836099365729258,0.3152021446821045,0.12151984263248072,1,OC_STI_33N,0,1
0.2684227417424451,0.3864710584556569,0.15037442502923332,1,RREAS_Myctophids,0,1
0.4172938153120281,0.513668410299029,0.32091922032502695,1,RREAS_YOYsardine,0,1
-0.06819366734632286,0.08850452160449515,-0.22489185629714076,1,age1SprSardmeanWAA,0,0
0.03536504044976507,0.21328088351605257,-0.14255080261652225,1,meanSSBwt,0,0
-0.6980666032549318,-0.5458856601619413,-0.850247546347922,1,ZM_NorCal,0,1
-0.5129677758806377,-0.3732065397486044,-0.652729012012671,1,ZM_SoCal,0,1
0.1870081263111043,0.2564866001282527,0.11752965249395594,1,sardRec,0,1
-0.20157294676696996,-0.17829436907742244,-0.22485152445651738,1,anchBioSmrySeas1,0,1
0.533352232207509,0.6536581472092076,0.41304631720581064,1,summerSST,0,1
0.21071846621833032,0.30665551134025315,0.11478142109640746,1,avgOffTransspring,0,1
-0.2508738084509656,-0.1269008157378811,-0.3748468011640501,1,avgOffTranssummer,0,1
-0.14241432619090535,-0.03179624599509251,-0.25303240638671826,1,sprRelOffTrans,0,1
-0.14211358069747476,-0.013314878313781559,-0.2709122830811679,1,sumRelOffTrans,0,1
0.20040117648516664,0.3740644757075629,0.026737877262770354,1,meanK,0,1
-0.3496961911204745,-0.2319169632079039,-0.46747541903304507,1,OC_LUSI_39N,0,1
0.19644544542126852,0.34121540663699196,0.05167548420554523,1,sardSpawnHab,0,1
0.6186627006676548,0.7904347499990975,0.4468906513362122,1,sardNurseHab,0,1
0.7459547390588378,0.8932634310128047,0.5986460471048709,1,springSST,0,1
-0.10930783523299459,-0.044651254649603705,-0.17396441581638555,1,randTest,0,1
-0.18202159299927162,-0.10769145903205828,-0.25635172696648495,2,NCOPspring,0,1
-0.06357077521936637,0.14776450317235268,-0.27490605361108544,2,NCOPsummerlag1,0,0
-0.03889618233768648,0.32735554932393396,-0.40514791399930694,2,BEUTI_33N,0,0
-0.21434296431453378,0.24102297963158933,-0.6697089082606569,2,BEUTI_39N,0,0
0.10331745190615471,0.7385732012878503,-0.5319382974755409,2,CUTI_33N,0,0
-0.08292512627642509,0.3065246272056612,-0.4723748797585114,2,CUTI_39N,0,0
-0.06446332389907869,0.9410299810308496,-1.069956628829007,2,OC_LUSI_33N,0,0
0.05370319409992766,0.7953117529246917,-0.6879053647248365,2,OC_STI_33N,0,0
0.20432435547360706,0.7791512735429936,-0.37050256259577946,2,RREAS_Myctophids,0,0
0.08950383564038863,1.061411811580211,-0.8824041402994336,2,RREAS_YOYsardine,0,0
0.13369650882379594,1.2311001865340758,-0.963707168886484,2,age1SprSardmeanWAA,0,0
-0.03168509601135869,1.2663559353679439,-1.329726127390661,2,meanSSBwt,0,0
-0.11453679333222277,0.6101496826262627,-0.8392232692907081,2,ZM_NorCal,0,0
0.07760646764487615,0.7359667118922222,-0.5807537766024697,2,ZM_SoCal,0,0
-0.027381485354629295,0.5145356870882376,-0.5692986577974961,2,sardRec,0,0
-0.38891417827841823,0.5086820126927499,-1.2865103692495863,2,anchBioSmrySeas1,0,0
0.040810518943315194,0.9058938723528855,-0.8242728344662553,2,summerSST,0,0
0.1648405401972294,0.7475465703823576,-0.41786548998789874,2,avgOffTransspring,0,0
-0.10222199014705954,0.4962835285421067,-0.7007275088362259,2,avgOffTranssummer,0,0
-0.12954711667179883,0.3299739202744869,-0.5890681536180846,2,sprRelOffTrans,0,0
0.06056665556910626,1.0173451798735949,-0.8962118687353823,2,sumRelOffTrans,0,0
-0.10026667764497917,0.7912492815681997,-0.9917826368581579,2,meanK,0,0
-0.06017963247809971,0.48671639494619273,-0.6070756599023922,2,OC_LUSI_39N,0,0
0.03274066372805906,1.1950229224905105,-1.1295415950343923,2,sardSpawnHab,0,0
0.1164348467894563,0.6654212548029543,-0.4325515612240417,2,sardNurseHab,0,0
0.1196489659796679,0.910749408102748,-0.671451476143412,2,springSST,0,0
-0.17328590978227676,0.6680545255375557,-1.0146263451021094,2,randTest,0,0
0.18555414088744623,0.10978145961885494,0.26132682215603753,3,NCOPspring,0,1
0.12109455791246382,-0.0026844761925615135,0.24487359201748912,3,NCOPsummerlag1,0,0
0.24885692811644927,0.30610567038819403,0.1916081858447046,3,BEUTI_33N,0,1
0.1473082637865269,0.2244691351040077,0.07014739246904604,3,BEUTI_39N,0,1
0.26427711942086624,0.26473283331439773,0.26382140552733474,3,CUTI_33N,0,1
0.11390801580630158,0.16224801807114303,0.06556801354146012,3,CUTI_39N,0,1
0.14270787321486805,0.45908797222453546,-0.17367222579479932,3,OC_LUSI_33N,0,0
-0.10864991401949842,0.11250802525698841,-0.32980785329598533,3,OC_STI_33N,0,0
-0.005530794360692176,0.06690294665732541,-0.0779645353787097,3,RREAS_Myctophids,0,0
-0.039817683902810194,0.23136135455228185,-0.3109967223579022,3,RREAS_YOYsardine,0,0
0.01871279847575395,0.30827637006641506,-0.2708507731149071,3,age1SprSardmeanWAA,0,0
-0.027965585429153214,0.32203191061604014,-0.37796308147434643,3,meanSSBwt,0,0
0.20586510925084425,0.39155569893986364,0.020174519561824877,3,ZM_NorCal,0,1
0.12375371240235725,0.2588805302880034,-0.011373105483288777,3,ZM_SoCal,0,0
-0.27957898052233476,-0.3156470340028063,-0.24351092704186336,3,sardRec,0,1
-0.039273489166859535,0.06788948978001158,-0.14643646811373068,3,anchBioSmrySeas1,0,0
-0.08293005857079813,0.15533905376815554,-0.3211991709097518,3,summerSST,0,0
-0.13069296072754713,0.05966624529957628,-0.3210521667546704,3,avgOffTransspring,0,0
-0.017885960542222985,0.1154773001257265,-0.1512492212101725,3,avgOffTranssummer,0,0
0.17135488144110034,0.30278509360157924,0.03992466928062141,3,sprRelOffTrans,0,1
0.1864427597799032,0.4631853506749027,-0.09029983111509635,3,sumRelOffTrans,0,0
-0.01013487121626367,0.20234542020258142,-0.22261516263510864,3,meanK,0,0
0.17126966985479233,0.31199942019816035,0.030539919511424322,3,OC_LUSI_39N,0,1
0.02126356839190416,0.35096895988372606,-0.3084418230999177,3,sardSpawnHab,0,0
-0.1279694735855456,-0.035514160602108845,-0.22042478656898234,3,sardNurseHab,0,1
-0.1606439218121105,0.0443105667272528,-0.36559841035147367,3,springSST,0,0
0.0023999049178903345,0.25270321525173967,-0.24790340541595907,3,randTest,0,0
-0.0817952689281095,-0.04839344446800299,-0.115197093388216,4,NCOPspring,0,1
-0.1423546179524675,-0.23266843300349704,-0.05204080290143791,4,NCOPsummerlag1,0,1
0.048214913175239196,-0.1439611767600793,0.2403910031105577,4,BEUTI_33N,0,0
0.020328195775844562,0.17499879956605796,-0.13434240801436886,4,BEUTI_39N,0,0
0.059768120255119156,0.02176044279236533,0.09777579771787301,4,CUTI_33N,0,1
0.01133225366111025,0.03195836049276665,-0.009293853170546186,4,CUTI_39N,0,0
0.40654607376437324,0.4148706275086186,0.39822152002012784,4,OC_LUSI_33N,0,1
-0.2841602768404278,-0.2707256472194177,-0.2975949064614378,4,OC_STI_33N,0,1
0.20312117208695069,0.10399709327824758,0.30224525089565374,4,RREAS_Myctophids,0,1
-0.3425525319938225,-0.29401145011265306,-0.3910936138749919,4,RREAS_YOYsardine,0,1
-0.4477177516971742,-0.18813411017432285,-0.7073013932200255,4,age1SprSardmeanWAA,0,1
-0.5519801579009108,-0.6005690695635368,-0.5033912462382846,4,meanSSBwt,0,1
0.168636676347711,0.14907855828057204,0.18819479441484993,4,ZM_NorCal,0,1
0.11098758712745169,-0.028694190147652454,0.2506693644025559,4,ZM_SoCal,0,0
0.04804134516485802,0.06650167863220818,0.02958101169750782,4,sardRec,0,1
0.04129246872496595,0.3104026392293527,-0.22781770177942084,4,anchBioSmrySeas1,0,0
-0.27279135220558437,-0.34104467343236267,-0.20453803097880602,4,summerSST,0,1
-0.18963393229529277,-0.003797392521626114,-0.3754704720689594,4,avgOffTransspring,0,1
-0.27814599035262255,-0.360523248476185,-0.1957687322290601,4,avgOffTranssummer,0,1
0.11950121379328915,0.21836428436409253,0.02063814322248575,4,sprRelOffTrans,0,1
0.3905389392340888,0.20146433663517593,0.5796135418330015,4,sumRelOffTrans,0,1
-0.3160507443079087,-0.47990085141181327,-0.15220063720400406,4,meanK,0,1
0.15384887948152096,0.13075853969822404,0.1769392192648179,4,OC_LUSI_39N,0,1
0.5416717007108296,0.5425320838329528,0.5408113175887065,4,sardSpawnHab,0,1
-0.07248264771409726,-0.03086769990092013,-0.11409759552727439,4,sardNurseHab,0,1
-0.1908181429248875,-0.19754278720309662,-0.1840934986466784,4,springSST,0,1
0.3215204305951641,0.5902040901435247,0.0528367710468034,4,randTest,0,1
-0.6364724739814045,-0.3746609795760906,-0.8982839683867184,1,NCOPspring,0,1
-0.5490130628615126,-0.23564628579484975,-0.8623798399281756,1,NCOPsummerlag1,0,1
-0.03126179967603976,0.23355549953169158,-0.2960790988837711,1,BEUTI_33N,0,0
-0.5279949435144007,-0.269530387724521,-0.7864594993042803,1,BEUTI_39N,0,1
-0.10428907705496121,0.22572815112450612,-0.43430630523442854,1,CUTI_33N,0,0
-0.49093607283016405,-0.225472023315343,-0.756400122344985,1,CUTI_39N,0,1
-0.08064850709111182,0.2823961271522539,-0.44369314133447774,1,OC_LUSI_33N,0,0
0.09077438153221923,0.3843457114803066,-0.20279694841586818,1,OC_STI_33N,0,0
0.34726372395373595,0.6602977475445128,0.03422970036295927,1,RREAS_Myctophids,0,1
0.24190919827789267,0.6183581852860405,-0.13453978873025524,1,RREAS_YOYsardine,0,0
-0.05252647272291253,0.3265864862717299,-0.4316394317175551,1,age1SprSardmeanWAA,0,0
-0.07175466654209582,0.40986358843493387,-0.5533729215191255,1,meanSSBwt,0,0
-0.5811155297886413,-0.24244760359844222,-0.9197834559788404,1,ZM_NorCal,0,1
-0.419052197587594,-0.08484614516976224,-0.7532582500054257,1,ZM_SoCal,0,1
0.2055842398593722,0.5197633289342262,-0.1085948492154819,1,sardRec,0,0
-0.18972195249740173,0.16572462338562305,-0.5451685283804265,1,anchBioSmrySeas1,0,0
0.3907948587210838,0.7480303944301291,0.03355932301203846,1,summerSST,0,1
0.12862472568444608,0.3578656468545753,-0.10061619548568315,1,avgOffTransspring,0,0
-0.34431618612652487,-0.05629773194108603,-0.6323346403119638,1,avgOffTranssummer,0,1
-0.08628929748373568,0.13051428878140184,-0.3030928837488733,1,sprRelOffTrans,0,0
0.03081310777724631,0.42501270673073926,-0.36338649117624666,1,sumRelOffTrans,0,0
0.08297337980095282,0.48204130364759185,-0.31609454404568627,1,meanK,0,0
-0.2798431912425981,-0.027758463325380595,-0.5319279191598156,1,OC_LUSI_39N,0,1
0.41191294587797495,0.8903174533839091,-0.06649156162795904,1,sardSpawnHab,0,0
0.5915375513531539,0.9067161258037705,0.2763589769025371,1,sardNurseHab,0,1
0.6180846045859187,0.9748511394626223,0.261318069709215,1,springSST,0,1
0.17852925245987863,0.37083265381729447,-0.013774148897537235,1,randTest,0,0
0.10844993507828349,0.06383930267592412,0.15306056748064284,2,NCOPspring,0,1
-5.149548915243524e-4,0.10411971723195207,-0.10514962701500077,2,NCOPsummerlag1,0,0
0.048907197181628975,0.41179367452036303,-0.3139792801571051,2,BEUTI_33N,0,0
0.18267036066129744,0.3381705578934076,0.027170163429187294,2,BEUTI_39N,0,1
-0.08833519469167539,0.26440171223121034,-0.44107210161456106,2,CUTI_33N,0,0
0.07933726530706628,0.370225685698649,-0.21155115508451638,2,CUTI_39N,0,0
0.10028716494065226,0.8607127505392786,-0.6601384206579741,2,OC_LUSI_33N,0,0
-0.0742963080737022,0.4892785271331661,-0.6378711432805704,2,OC_STI_33N,0,0
-0.1549766183222936,0.24126029609781197,-0.551213532742399,2,RREAS_Myctophids,0,0
-0.11457008335838689,0.6232604692528061,-0.8524006359695802,2,RREAS_YOYsardine,0,0
-0.18903565347190943,0.13584359783495642,-0.5139149047787752,2,age1SprSardmeanWAA,0,0
-0.05203660319693837,0.8078958000176516,-0.9119690064115282,2,meanSSBwt,0,0
0.08276667838993533,0.6429081913147389,-0.4773748345348681,2,ZM_NorCal,0,0
-0.09958360349876863,0.4590919058986288,-0.6582591128961661,2,ZM_SoCal,0,0
0.06509691002920669,0.27321436147665434,-0.14302054141824094,2,sardRec,0,0
0.381510259905111,0.5698145580787826,0.19320596173143942,2,anchBioSmrySeas1,0,1
-0.05046917644754828,0.6799933354553588,-0.7809316883504553,2,summerSST,0,0
-0.1583792716352759,0.11327748943835998,-0.4300360327089118,2,avgOffTransspring,0,0
0.05402245351643402,0.5044684308658368,-0.39642352383296875,2,avgOffTranssummer,0,0
0.11028852757566311,0.33787688903875523,-0.11729983388742907,2,sprRelOffTrans,0,0
-0.01856089454280692,0.8673901438620044,-0.9045119329476182,2,sumRelOffTrans,0,0
0.07467553798110883,0.7775905649371897,-0.6282394889749721,2,meanK,0,0
0.05062219465509346,0.43465661571784975,-0.33341222640766277,2,OC_LUSI_39N,0,0
0.07402199412228644,0.971291608437183,-0.8232476201926101,2,sardSpawnHab,0,0
-0.062392458605107774,0.20025343869091541,-0.32503835590113095,2,sardNurseHab,0,0
-0.0940690082441967,0.5179759005309202,-0.7061139170193137,2,springSST,0,0
0.007981679977971001,0.1450172318817065,-0.1290538719257645,2,randTest,0,0
-0.1898368141117547,-0.11174787542625488,-0.2679257527972545,3,NCOPspring,0,1
-0.1068520632897097,-0.1089789427543065,-0.1047251838251129,3,NCOPsummerlag1,0,1
-0.2585886102335061,-0.08994206221011111,-0.4272351582569011,3,BEUTI_33N,0,1
-0.15823623831665928,0.20850190365382382,-0.5249743802871423,3,BEUTI_39N,0,0
-0.25393799753933505,-0.06667407456663065,-0.4412019205120394,3,CUTI_33N,0,1
-0.11253173418373699,0.207452005925225,-0.432515474292699,3,CUTI_39N,0,0
-0.17148824448118613,0.4750630666150307,-0.818039555577403,3,OC_LUSI_33N,0,0
0.13272995146271266,0.6189033013921768,-0.3534433984667513,3,OC_STI_33N,0,0
0.004010201214589615,0.24348948765523493,-0.2354690852260557,3,RREAS_Myctophids,0,0
0.067200347004770275,0.7367512268559827,-0.602350532846442,3,RREAS_YOYsardine,0,0
0.01887597105938644,0.587000701203246,-0.5492487590844731,3,age1SprSardmeanWAA,0,0
0.06298972622642215,0.7572026674144772,-0.6312232149616328,3,meanSSBwt,0,0
-0.2135791009489999,0.2591215713055627,-0.6862797732035626,3,ZM_NorCal,0,0
-0.11726812960703664,0.22638096322574913,-0.4609172224398224,3,ZM_SoCal,0,0
0.26978294544818215,0.41743409066349546,0.1221318002328688,3,sardRec,0,1
0.004752667149214079,0.45489987990448966,-0.4453945456060614,3,anchBioSmrySeas1,0,0
0.09653146828522494,0.6531672785349925,-0.46010434196454264,3,summerSST,0,0
0.16020533743037874,0.6025288895683888,-0.28211821470763154,3,avgOffTransspring,0,0
0.03304479806217571,0.3180745259702655,-0.2519849298459141,3,avgOffTranssummer,0,0
-0.1944706023380967,0.10537040538812219,-0.49431161006431557,3,sprRelOffTrans,0,0
-0.20795095766658184,0.32459044257745,-0.7404923579106136,3,sumRelOffTrans,0,0
0.015194019413374477,0.45834290888074897,-0.4279548700539998,3,meanK,0,0
-0.17891620410867892,0.13929715894469052,-0.49712956716204837,3,OC_LUSI_39N,0,0
-0.05277520570695453,0.7126526765502696,-0.8182030879641787,3,sardSpawnHab,0,0
0.14055767360576962,0.43474811796356655,-0.15363277075202725,3,sardNurseHab,0,0
0.172503279031753,0.7054648086747023,-0.3604582506111963,3,springSST,0,0
0.04386683917527689,0.2110548760740647,-0.12332119772351093,3,randTest,0,0
0.11467579736022675,0.06750417076781091,0.16184742395264257,4,NCOPspring,0,1
0.049277176369503795,0.07621562405839545,0.02233872868061211,4,NCOPsummerlag1,0,1
0.07948481483045777,0.17033335401849597,-0.011363724357580447,4,BEUTI_33N,0,0
0.22895397920105837,0.6472102940614239,-0.1893023356593073,4,BEUTI_39N,0,0
0.14413025964269033,0.599155837674389,-0.31089531838900825,4,CUTI_33N,0,0
0.25756268966251167,0.5813764819860974,-0.06625110266107412,4,CUTI_39N,0,0
0.47202438716015355,1.126071461654977,-0.18202268733466992,4,OC_LUSI_33N,0,0
-0.35314597823980526,0.1343054075005518,-0.8405973639801623,4,OC_STI_33N,0,0
0.11678614268548412,0.5032140399505587,-0.26964175457959055,4,RREAS_Myctophids,0,0
-0.4992325767100778,0.23462438155415116,-1.2330895349743067,4,RREAS_YOYsardine,0,0
-0.27201713892208,0.40381611264404327,-0.9478503904882032,4,age1SprSardmeanWAA,0,0
-0.48838270811976137,0.21879706021692397,-1.1955624764564465,4,meanSSBwt,0,0
0.40950950499560634,0.8561119156133904,-0.037092905622177694,4,ZM_NorCal,0,0
0.307037062008684,0.6989487929757203,-0.0848746689583522,4,ZM_SoCal,0,0
0.002800955384646295,0.473360807325893,-0.4677588965566004,4,sardRec,0,0
0.10180075129064389,1.0383014523708771,-0.8346999497895895,4,anchBioSmrySeas1,0,0
-0.46721579246627937,0.09106262992470333,-1.025494214857262,4,summerSST,0,0
-0.2394489196953629,0.21363960353079647,-0.6925374429215222,4,avgOffTransspring,0,0
-0.16832489250595523,0.13207743646230505,-0.4687272214742155,4,avgOffTranssummer,0,0
0.1408245957691093,0.4282785059351312,-0.14662931439691257,4,sprRelOffTrans,0,0
0.4387525529993944,0.9515115335139248,-0.07400642751513585,4,sumRelOffTrans,0,0
-0.3484115469783456,0.07423069998079772,-0.771053793937489,4,meanK,0,0
0.2542058437073058,0.5529983672166793,-0.04458667980206764,4,OC_LUSI_39N,0,0
0.4820262122255584,1.2793983953445232,-0.31534597089340627,4,sardSpawnHab,0,0
-0.24003172149538143,0.04115865961093868,-0.5212221026017015,4,sardNurseHab,0,0
-0.4547924212350896,0.06969459320518212,-0.9792794356753614,4,springSST,0,0
0.050579460596763465,0.24447372883996762,-0.1433148076464407,4,randTest,0,0
-0.6022213866358674,-0.35279058256087753,-0.8516521907108573,1,NCOPspring,0,1
-0.5285756480478527,-0.3418487493847576,-0.7153025467109478,1,NCOPsummerlag1,0,1
-0.09688047350749593,-0.07471579021032031,-0.11904515680467151,1,BEUTI_33N,0,1
-0.5274252270484083,-0.36602237334745247,-0.688828080749364,1,BEUTI_39N,0,1
-0.25357787991867475,-0.1682707219728995,-0.33888503786445007,1,CUTI_33N,0,1
-0.5412336987829368,-0.427348837507902,-0.6551185600579715,1,CUTI_39N,0,1
-0.25774422805408725,-0.314157546350151,-0.20133090975802342,1,OC_LUSI_33N,0,1
0.21609643332896522,0.19941486751894094,0.2327779991389895,1,OC_STI_33N,0,1
0.19237001746451787,0.343304470685745,0.041435564243290646,1,RREAS_Myctophids,0,1
0.3955225494659188,0.36936605837930037,0.4216790405525373,1,RREAS_YOYsardine,0,1
-2.645899409882413e-4,0.18134608082505,-0.18187526070702642,1,age1SprSardmeanWAA,0,0
0.05488455798421267,0.1195433614649308,-0.009774245496505476,1,meanSSBwt,0,0
-0.7001403150260251,-0.6436765638117281,-0.7566040662403224,1,ZM_NorCal,0,1
-0.5231841939661039,-0.32216457892782024,-0.7242038090043879,1,ZM_SoCal,0,1
0.23936658869817184,0.36686367802574826,0.11186949937059543,1,sardRec,0,1
-0.09796678018362387,0.2915775146550623,-0.48751107502231006,1,anchBioSmrySeas1,0,0
0.5296708673890704,0.5575105091932658,0.501831225584875,1,summerSST,0,1
0.1803242584853541,0.22040860474442048,0.14023991222628773,1,avgOffTransspring,0,1
-0.20490774989636099,-0.1353289388737206,-0.2744865609190014,1,avgOffTranssummer,0,1
-0.12402409821878636,-0.0682084062783832,-0.17983979015918952,1,sprRelOffTrans,0,1
-0.2077784874689086,-0.23018387825311248,-0.1853730966847047,1,sumRelOffTrans,0,1
0.24919909320015843,0.41352114255932115,0.08487704384099569,1,meanK,0,1
-0.367987178476194,-0.33041731381646033,-0.4055570431359277,1,OC_LUSI_39N,0,1
0.13731310083934437,0.12063338218745961,0.15399281949122925,1,sardSpawnHab,0,1
0.6045023652560879,0.7943950517030851,0.41460967880909094,1,sardNurseHab,0,1
0.7225570272600552,0.7787153800189534,0.6663986745011572,1,springSST,0,1
0.029239392005738066,0.20622226468833665,-0.14774348067686055,1,randTest,0,0
-0.15258409753820235,-0.08938611921561757,-0.21578207586078713,2,NCOPspring,0,1
-0.061937238783247084,0.10359832586913954,-0.2274728034356337,2,NCOPsummerlag1,0,0
0.018450165427458975,0.2701694243391203,-0.23326909348420238,2,BEUTI_33N,0,0
-0.19363579759259814,0.006053401593161818,-0.3933249967783582,2,BEUTI_39N,0,0
0.05102997944494063,0.48653555570959733,-0.3844755968197161,2,CUTI_33N,0,0
-0.13437661579772492,0.1363534924177469,-0.4051067240131968,2,CUTI_39N,0,0
-1.2284488976811725e-4,0.8059497330962552,-0.8061954228757917,2,OC_LUSI_33N,0,0
-0.018280576851848238,0.63940622678564,-0.6759673804893366,2,OC_STI_33N,0,0
0.16062687336093615,0.5501213763003591,-0.22886762957848672,2,RREAS_Myctophids,0,0
0.0969795395819609,0.738623170647497,-0.5446640914835753,2,RREAS_YOYsardine,0,0
0.12531698600747504,0.46103091143715397,-0.21039693942220392,2,age1SprSardmeanWAA,0,0
-0.09989323864056543,0.8637706003284377,-1.0635570776095684,2,meanSSBwt,0,0
-0.11159480435863221,0.4392524525966107,-0.6624420613138753,2,ZM_NorCal,0,0
0.12176054222161509,0.7271355698067622,-0.483614485363532,2,ZM_SoCal,0,0
-0.12860823251674502,0.3056784771433473,-0.5628949421768374,2,sardRec,0,0
-0.39958474444681885,-0.14444112064413428,-0.6547283682495035,2,anchBioSmrySeas1,0,1
0.03778086744082168,0.7279993054815076,-0.6524375705998642,2,summerSST,0,0
0.07113241048541376,0.3918580122450511,-0.2495931912742236,2,avgOffTransspring,0,0
-0.12394947426628913,0.3669380713954514,-0.6148370199280297,2,avgOffTranssummer,0,0
-0.005858598548446517,0.3116016746500583,-0.3233188717469515,2,sprRelOffTrans,0,0
0.09630024951459136,1.0264410006416496,-0.8338405016124668,2,sumRelOffTrans,0,0
-0.07095812112216451,0.5254805825589879,-0.6673968248033169,2,meanK,0,0
-0.04472192219059609,0.3790666293939112,-0.46851047377510335,2,OC_LUSI_39N,0,0
-0.03851661180013695,0.6533857486085887,-0.7304189722088628,2,sardSpawnHab,0,0
0.05809687011953316,0.4198662263977147,-0.30367248615864834,2,sardNurseHab,0,0
0.09409475339190847,0.7181864969249384,-0.5299969901411214,2,springSST,0,0
0.2105392021967921,0.5685261877725893,-0.14744778337900516,2,randTest,0,0
-0.194867888576588,-0.11415661658477563,-0.2755791605684003,3,NCOPspring,0,1
-0.10529919981762756,0.06308419365368256,-0.2736825932889376,3,NCOPsummerlag1,0,0
-0.2750701611599621,0.38344128681815937,-0.9335816091380835,3,BEUTI_33N,0,0
-0.18143904775148326,0.3612941764760479,-0.7241722719790145,3,BEUTI_39N,0,0
-0.2069616386157682,0.23311586640941134,-0.6470391436409478,3,CUTI_33N,0,0
-0.10400441688647268,0.4417781402354585,-0.6497869740084039,3,CUTI_39N,0,0
-0.19532268818375342,1.0732253930979168,-1.4638707694654234,3,OC_LUSI_33N,0,0
0.16080378510979376,1.1130810944296077,-0.79147352421002,3,OC_STI_33N,0,0
0.04793736444159048,0.43703345927969484,-0.34115873039651373,3,RREAS_Myctophids,0,0
0.06949047241373979,1.2736549203189889,-1.1346739754915094,3,RREAS_YOYsardine,0,0
0.04626810830922845,0.91921076330060425,-0.8266745466821475,3,age1SprSardmeanWAA,0,0
0.05409423788490891,1.3506208714631538,-1.2424323956933359,3,meanSSBwt,0,0
-0.21342221814410872,0.6757289712346445,-1.102573407522862,3,ZM_NorCal,0,0
-0.09428797994701198,0.5173517005768598,-0.7059276604708837,3,ZM_SoCal,0,0
0.28038837838366437,0.7603152503257815,-0.1995384935584529,3,sardRec,0,0
-0.04461408595602932,0.5665117733389208,-0.6557399452509793,3,anchBioSmrySeas1,0,0
0.09507554431344199,1.0953211943285712,-0.905170105701687,3,summerSST,0,0
0.19832003742982235,0.9399896671676483,-0.5433495923080036,3,avgOffTransspring,0,0
0.02705242160350295,0.5863893404860295,-0.5322844972790236,3,avgOffTranssummer,0,0
-0.23740398381023894,0.3713323508107994,-0.8461403184312771,3,sprRelOffTrans,0,0
-0.2018533186972747,0.9197740432970676,-1.3234806806916168,3,sumRelOffTrans,0,0
-0.01807252187669453,0.7336660866224762,-0.7698111303758653,3,meanK,0,0
-0.17884242071110465,0.49173373132054554,-0.8494185727427548,3,OC_LUSI_39N,0,0
-0.02626154537890807,1.4283984605944606,-1.4809215513522769,3,sardSpawnHab,0,0
0.15729434390497074,0.629373831700488,-0.31478514389054646,3,sardNurseHab,0,0
0.17859786328604116,1.1214702947149955,-0.7642745681429128,3,springSST,0,0
-0.09426568638129502,0.28103296538194267,-0.4695643381445327,3,randTest,0,0
0.1873074012370342,0.10972756641791719,0.2648872360561512,4,NCOPspring,0,1
0.16193394251467577,0.0998041890466724,0.22406369598267914,4,NCOPsummerlag1,0,1
-0.08266971124765334,0.06982745032687565,-0.23516687282218232,4,BEUTI_33N,0,0
-0.0074820779431503115,0.3642293510741731,-0.3791935069604737,4,BEUTI_39N,0,0
-0.06646553757554874,0.26509651033005205,-0.3980275854811495,4,CUTI_33N,0,0
-0.03273966496001221,0.265088520888943,-0.33056785080896756,4,CUTI_39N,0,0
-0.4384050429641785,0.25162025741283583,-1.1284303433411929,4,OC_LUSI_33N,0,0
0.3270099850217691,0.88093734829974,-0.22691737825620178,4,OC_STI_33N,0,0
-0.22236545549240222,0.22035048966947646,-0.6650814006542809,4,RREAS_Myctophids,0,0
0.36614315034603834,0.9820629438768487,-0.24977664318477194,4,RREAS_YOYsardine,0,0
0.2829135205568626,0.8026582180694875,-0.2368311769557624,4,age1SprSardmeanWAA,0,0
0.5451745956298093,1.3856563672979243,-0.2953071760383055,4,meanSSBwt,0,0
-0.14285578913779792,0.3559510814637851,-0.6416626597393809,4,ZM_NorCal,0,0
-0.11073000273419889,0.6975994146152689,-0.9190594200836668,4,ZM_SoCal,0,0
-0.06680448770226774,0.3475328521442351,-0.48114182754877066,4,sardRec,0,0
-0.026530944228415676,1.0900633159872315,-1.143125204444063,4,anchBioSmrySeas1,0,0
0.27832849490424727,0.9430010898794647,-0.38634410007097,4,summerSST,0,0
0.18458218642487312,0.571371470984471,-0.20220709813472498,4,avgOffTransspring,0,0
0.2949481234537248,0.6965120830531014,-0.10661583614565187,4,avgOffTranssummer,0,0
-0.12233974615125723,0.1958373344080968,-0.4405168267106112,4,sprRelOffTrans,0,0
-0.4260354137980951,0.3300874760457727,-1.182158303641963,4,sumRelOffTrans,0,0
0.2579258713141612,0.9204846768557571,-0.40463293422743485,4,meanK,0,0
-0.14438935428424188,0.2260650689176263,-0.51484377748611,4,OC_LUSI_39N,0,0
-0.5918784413440051,0.08396179603411008,-1.2677186787221206,4,sardSpawnHab,0,0
-0.004555900809031066,0.3514714517073958,-0.36058325332545793,4,sardNurseHab,0,0
0.17742951593818138,0.7590582485099857,-0.40419921663362296,4,springSST,0,0
-0.04062579276792892,0.4893222680255847,-0.5705738535614425,4,randTest,0,0
-0.659820751314378,-0.38844367418052356,-0.9311978284482325,1,NCOPspring,0,1
-0.5781118602276084,-0.2736258711863841,-0.8825978492688328,1,NCOPsummerlag1,0,1
-0.020119353547354717,0.19670107830610722,-0.23693978540081675,1,BEUTI_33N,0,0
-0.5675211728093232,-0.4175849674268665,-0.7174573781917801,1,BEUTI_39N,0,1
-0.09831014343128659,0.08251903744024187,-0.279139324302815,1,CUTI_33N,0,0
-0.5248256360700817,-0.37314341623112746,-0.6765078559090361,1,CUTI_39N,0,1
-0.15007292837425074,-0.015491281020978187,-0.2846545757275233,1,OC_LUSI_33N,0,1
0.15119369991762682,0.2683729382607014,0.03401446157455221,1,OC_STI_33N,0,1
0.3422750703471192,0.521856971402158,0.16269316929208025,1,RREAS_Myctophids,0,1
0.3280007070196902,0.45201669815701073,0.20398471588236977,1,RREAS_YOYsardine,0,1
-0.03546802180494209,0.17486723196946144,-0.2458032755793456,1,age1SprSardmeanWAA,0,0
0.004092873876735945,0.23197714912229067,-0.22379140136881884,1,meanSSBwt,0,0
-0.642437562839796,-0.4773767943621868,-0.8074983313174056,1,ZM_NorCal,0,1
-0.47045922869831625,-0.2910146053878184,-0.6499038520088142,1,ZM_SoCal,0,1
0.18574822297507973,0.3552945082716008,0.016201937678558605,1,sardRec,0,1
-0.23125086214285204,-0.09652179327995057,-0.3659799310057534,1,anchBioSmrySeas1,0,1
0.4495052035738453,0.5911795429533389,0.3078308641943519,1,summerSST,0,1
0.17319157915395353,0.2835696744865169,0.06281348382139021,1,avgOffTransspring,0,1
-0.3398224200418755,-0.16116496086941093,-0.5184798792143402,1,avgOffTranssummer,0,1
-0.1214500785349298,0.014097444305184302,-0.2569976013750439,1,sprRelOffTrans,0,0
-0.017468969502265848,0.1632850877869386,-0.1982230267914704,1,sumRelOffTrans,0,0
0.15718025005184255,0.3770281383847067,-0.06266763828102158,1,meanK,0,0
-0.30873754858944646,-0.17313704271016378,-0.44433805446872926,1,OC_LUSI_39N,0,1
0.2933152022041849,0.5019188380116462,0.08471156639672353,1,sardSpawnHab,0,1
0.6257623659536542,0.8317221909645229,0.4198025409427855,1,sardNurseHab,0,1
0.6921809846011272,0.8481127944410373,0.5362491747612169,1,springSST,0,1
-0.06488079623050447,0.0942651797025323,-0.22402677216354122,1,randTest,0,0
-0.03905959391373468,-0.02299480903203854,-0.05512437879543082,2,NCOPspring,0,1
-0.13701005070399064,0.03311122563493534,-0.3071313270429166,2,NCOPsummerlag1,0,0
0.10623230177510173,0.3311367316195737,-0.11867212806937016,2,BEUTI_33N,0,0
0.13197852752465206,0.5764195719694156,-0.31246251692011157,2,BEUTI_39N,0,0
0.1362864934907249,0.6339648801701212,-0.3613918931886713,2,CUTI_33N,0,0
0.17131075994069525,0.596838209591761,-0.25421668971037037,2,CUTI_39N,0,0
0.48668749919685517,1.217071901358242,-0.24369690296453142,2,OC_LUSI_33N,0,0
-0.34674912250967216,0.20546817316754706,-0.8989664181868914,2,OC_STI_33N,0,0
0.15797305709059298,0.5613647152272252,-0.2454186010460393,2,RREAS_Myctophids,0,0
-0.45350127415891617,0.3357477433435964,-1.2427502916614288,2,RREAS_YOYsardine,0,0
-0.3100337940900035,0.3217659721824301,-0.9418335603624369,2,age1SprSardmeanWAA,0,0
-0.4994404523592494,0.2932600909555203,-1.292140995674019,2,meanSSBwt,0,0
0.3165365002831666,0.9266259424395737,-0.29355294187324055,2,ZM_NorCal,0,0
0.2132427956411932,0.6975308824873555,-0.27104529120496906,2,ZM_SoCal,0,0
0.014578906584780536,0.4621295532248209,-0.43297174005525985,2,sardRec,0,0
0.0768142143964524,0.814427943310186,-0.6607995145172813,2,anchBioSmrySeas1,0,0
-0.44276242438230695,0.3184678260998947,-1.2039926748645087,2,summerSST,0,0
-0.2224630897763678,0.20603599667768238,-0.650962176230418,2,avgOffTransspring,0,0
-0.26775840506424387,0.1247690866684388,-0.6602858967969265,2,avgOffTranssummer,0,0
0.11162467847974232,0.41929959189802046,-0.1960502349385358,2,sprRelOffTrans,0,0
0.47697191995597044,1.1518728356543801,-0.1979289957424391,2,sumRelOffTrans,0,0
-0.3052543065895176,0.26131586237601007,-0.8718244755550453,2,meanK,0,0
0.20598755177972078,0.5964441323925485,-0.18446902883310684,2,OC_LUSI_39N,0,0
0.5322026300344964,1.278646544428236,-0.21424128435924328,2,sardSpawnHab,0,0
-0.12439459238954853,0.2992882241494422,-0.5480774089285393,2,sardNurseHab,0,0
-0.35435984326862774,0.33894712370043417,-1.0476668102376898,2,springSST,0,0
0.36498884220349465,0.9028109468068686,-0.17283326239987928,2,randTest,0,0
-0.1631802818659534,-0.09606601204275152,-0.23029455168915527,3,NCOPspring,0,1
-0.09354206745716478,-0.09138333756665906,-0.09570079734767054,3,NCOPsummerlag1,0,1
-0.24776195399210757,-0.05560544382720183,-0.4399184641570133,3,BEUTI_33N,0,1
-0.1321678943630762,0.19283386018179577,-0.45716964890794815,3,BEUTI_39N,0,0
-0.2634864743383692,-0.007985556269635902,-0.5189873924071026,3,CUTI_33N,0,1
-0.1047045864600587,0.24523486998838878,-0.4546440429085062,3,CUTI_39N,0,0
-0.14076154433696986,0.51713818664186,-0.7986612753157998,3,OC_LUSI_33N,0,0
0.09948515690435336,0.5860789259855007,-0.387108612176794,3,OC_STI_33N,0,0
-0.002852038900517207,0.23405579367450696,-0.23975987147554134,3,RREAS_Myctophids,0,0
0.03840621462384155,0.6989473784260288,-0.6221349491783457,3,RREAS_YOYsardine,0,0
-0.009039808725258596,0.4476763275926993,-0.46575594504321655,3,age1SprSardmeanWAA,0,0
0.0390059842818189,0.7064972569536416,-0.6284852883900036,3,meanSSBwt,0,0
-0.19369981231705488,0.35053288255125886,-0.7379325071853685,3,ZM_NorCal,0,0
-0.10554172593248504,0.3136622351571181,-0.5247456870220881,3,ZM_SoCal,0,0
0.26559325040283593,0.42129069142851733,0.1098958093771545,3,sardRec,0,1
0.029184116723554185,0.3818492791402054,-0.323481045693097,3,anchBioSmrySeas1,0,0
0.0872376733324515,0.7534460430242537,-0.5789706963593506,3,summerSST,0,0
0.12859866266192774,0.4950614384264572,-0.23786411310260175,3,avgOffTransspring,0,0
0.03490378571196184,0.34076822676254176,-0.2709606553386181,3,avgOffTranssummer,0,0
-0.15698152561070353,0.0812640039048856,-0.3952270551262925,3,sprRelOffTrans,0,0
-0.18843298877725678,0.4185152938813529,-0.7953812714358665,3,sumRelOffTrans,0,0
0.017019784940988325,0.4972110077065275,-0.4631714378245509,3,meanK,0,0
-0.1549571414560545,0.1859242591236454,-0.49583854203575445,3,OC_LUSI_39N,0,0
-0.057318357118780826,0.5851649298262211,-0.6998016440637828,3,sardSpawnHab,0,0
0.11222682506940168,0.44274598205529253,-0.21829233191648922,3,sardNurseHab,0,0
0.14659350501494048,0.7539012037494303,-0.46071419371954925,3,springSST,0,0
-0.16137580655517883,0.31805196768798355,-0.6408035807983412,3,randTest,0,0
-0.12147525581837354,-0.07151380825491145,-0.17143670338183564,4,NCOPspring,0,1
-0.004024156973290241,-0.09950268721161637,0.09145437326503594,4,NCOPsummerlag1,0,0
-0.06618759665972268,-0.29361212747208937,0.16123693415264403,4,BEUTI_33N,0,0
-0.1841264364292485,-0.14604501299793599,-0.22220785986056088,4,BEUTI_39N,0,1
0.08845446963351737,-0.05959902496112768,0.23650796422816245,4,CUTI_33N,0,0
-0.06698795741668902,-0.13298952141753279,-9.86393415845277e-4,4,CUTI_39N,0,1
-0.09704850751826305,-0.23273444789292308,0.03863743285639709,4,OC_LUSI_33N,0,0
0.08133704584533727,-0.0029551072727878186,0.1656291989634625,4,OC_STI_33N,0,0
0.1692814654880015,0.03744265505857494,0.301120275917428,4,RREAS_Myctophids,0,1
0.09515467913664918,9.478342870015699e-4,0.1893615239862968,4,RREAS_YOYsardine,0,1
0.15911306170560285,0.20102842090019313,0.11719770251101264,4,age1SprSardmeanWAA,0,1
0.0215118701778321,-0.16468873197763184,0.20771247233329604,4,meanSSBwt,0,0
-0.07956350768627757,-0.2306903479832011,0.07156333261064589,4,ZM_NorCal,0,0
0.0903820366718676,-0.16598464086621834,0.34674871420995357,4,ZM_SoCal,0,0
-0.033389841305226174,-0.06568475215619315,-0.0010949304542592075,4,sardRec,0,1
-0.36715137597163083,-0.2999783231736721,-0.43432442876958954,4,anchBioSmrySeas1,0,1
0.03279466975533568,-0.1668435200117491,0.2324328595224202,4,summerSST,0,0
0.16618314007109103,0.19057232525989296,0.14179395488228913,4,avgOffTransspring,0,1
-0.061870865303031104,-0.22418495862041515,0.10044322801435301,4,avgOffTranssummer,0,0
-0.13550602500794406,-0.16424368499847306,-0.10676836501741507,4,sprRelOffTrans,0,1
0.019712955888634087,-0.2813940972432585,0.3208200090205266,4,sumRelOffTrans,0,0
-0.09909379493380716,-0.3528127045979513,0.15462511473033702,4,meanK,0,0
-0.05758950150797912,-0.15813654783625775,0.042957544820299495,4,OC_LUSI_39N,0,0
-0.034565929209554896,-0.20472524084957733,0.13559338243046754,4,sardSpawnHab,0,0
0.07182717129204087,0.014309016928183982,0.12934532565589774,4,sardNurseHab,0,1
0.09032385766784798,-0.042835536582084846,0.22348325191778073,4,springSST,0,0
0.016888740799433533,-0.22345683018744456,0.2572343117863116,4,randTest,0,0
-0.6657839633771856,-0.3940548495826405,-0.9375130771717308,1,NCOPspring,0,1
-0.5781256209847944,-0.263322982218368,-0.8929282597512208,1,NCOPsummerlag1,0,1
-0.05656512841395139,0.24220103357980963,-0.3553312904077124,1,BEUTI_33N,0,0
-0.5207907080135665,-0.17688859704387805,-0.8646928189832548,1,BEUTI_39N,0,1
-0.1094165163599955,0.3930829564330689,-0.6119159891530599,1,CUTI_33N,0,0
-0.44477788556172704,-0.11277013747852169,-0.7767856336449324,1,CUTI_39N,0,1
-0.19938664183261556,0.3636506579822271,-0.7624239416474583,1,OC_LUSI_33N,0,0
0.1989442109322573,0.6652004253394197,-0.26731200347490514,1,OC_STI_33N,0,0
0.3195039291732396,0.6986084828134093,-0.059600624466930166,1,RREAS_Myctophids,0,0
0.2858324905111449,0.7634538334768335,-0.19178885245454366,1,RREAS_YOYsardine,0,0
-0.2302059423135959,0.40816525890595134,-0.8685771435331431,1,age1SprSardmeanWAA,0,0
-0.054087145719339993,0.6964328358958443,-0.8046071273345241,1,meanSSBwt,0,0
-0.6458382671505192,-0.18750438920793164,-1.1041721450931068,1,ZM_NorCal,0,1
-0.5670370407071141,-0.1564758609814003,-0.977598220432828,1,ZM_SoCal,0,1
0.2770481574659552,0.5548362531419746,-7.399382100642116e-4,1,sardRec,0,0
-0.1144041509038664,0.2175599492915813,-0.4463682510993141,1,anchBioSmrySeas1,0,0
0.41237706390395024,0.8973167885123059,-0.07256266070440523,1,summerSST,0,0
0.23638706518520178,0.6286129069829021,-0.1558387766124983,1,avgOffTransspring,0,0
-0.3356324042087895,0.020280954395743664,-0.6915457628133224,1,avgOffTranssummer,0,0
-0.2328153704182347,0.1427272596605628,-0.6083580004970321,1,sprRelOffTrans,0,0
-0.011546318384826462,0.5087968282347184,-0.5318894650043712,1,sumRelOffTrans,0,0
0.14694679420225884,0.6241433399168861,-0.3302497515123684,1,meanK,0,0
-0.3475713947638553,0.005118746115822994,-0.7002615356435337,1,OC_LUSI_39N,0,0
0.2341477916687893,0.7987709831694586,-0.3304753998318799,1,sardSpawnHab,0,0
0.5977853877767475,1.1546958500711113,0.040874925482383695,1,sardNurseHab,0,1
0.6973996079857452,1.2123039561472027,0.18249525982428733,1,springSST,0,1
0.25517342706217805,0.6473807052198192,-0.13703385109546307,1,randTest,0,0
0.21105648473618785,0.12491714418035992,0.29719582529201577,2,NCOPspring,0,1
0.06292800461320971,0.12869334498184776,-0.0028373357554283274,2,NCOPsummerlag1,0,0
0.10237904618063248,0.2790915634559914,-0.07433347109472639,2,BEUTI_33N,0,0
0.21540759331431183,0.4692324976929509,-0.03841731106432722,2,BEUTI_39N,0,0
-0.14232524942740132,0.46318333516262256,-0.7478338340174252,2,CUTI_33N,0,0
0.00953091678771463,0.2751685961507777,-0.2561067625753485,2,CUTI_39N,0,0
0.16118464976906344,0.7501681195327012,-0.42779881999457436,2,OC_LUSI_33N,0,0
-0.15805479769734407,0.31322437930228086,-0.6293339746969691,2,OC_STI_33N,0,0
-0.24969378535492948,0.13491430546684213,-0.6343018761767011,2,RREAS_Myctophids,0,0
-0.05077313161749722,0.4401795249931527,-0.541725788228147,2,RREAS_YOYsardine,0,0
-0.12387457305829555,0.4176182851884717,-0.6653674313050628,2,age1SprSardmeanWAA,0,0
-0.09250624351551179,0.6303401761486668,-0.8153526631796904,2,meanSSBwt,0,0
0.14941349042814095,0.570950816246539,-0.2721238353902571,2,ZM_NorCal,0,0
0.07027600483525007,0.440947559721905,-0.30039555005140495,2,ZM_SoCal,0,0
-0.13484351934078856,0.0657203250844619,-0.335407363766039,2,sardRec,0,0
0.26426704460124933,0.5890466814267127,-0.060512592224214026,2,anchBioSmrySeas1,0,0
-0.03338305895234339,0.46973155200222805,-0.5364976699069147,2,summerSST,0,0
-0.2696000941224634,0.09269961029396945,-0.6318997985388962,2,avgOffTransspring,0,0
0.13987163697367772,0.46051965870188705,-0.18077638475453162,2,avgOffTranssummer,0,0
0.2957842071572843,0.6391125289103284,-0.0475441145957598,2,sprRelOffTrans,0,0
-0.07350809345178627,0.4836316631399095,-0.6306478500434819,2,sumRelOffTrans,0,0
0.0797035295897294,0.49026134147340855,-0.3308542822939497,2,meanK,0,0
0.12915093158028604,0.445557598943814,-0.18725573578324192,2,OC_LUSI_39N,0,0
-0.19362216370605279,0.4065694182612263,-0.7938137456733318,2,sardSpawnHab,0,0
-0.27509002277121103,0.2723212611522403,-0.8225013066946625,2,sardNurseHab,0,0
-0.18623219612641176,0.3134575164779606,-0.6859219087307842,2,springSST,0,0
-0.24113053452176636,0.1857864735912311,-0.6680475426347638,2,randTest,0,0
0.032841643884413595,0.01943785034303622,0.046245437425790965,3,NCOPspring,0,1
0.05090740844553639,0.004576022829211277,0.0972387940618615,3,NCOPsummerlag1,0,1
-0.26586232727365955,-0.10706982163780646,-0.4246548329095126,3,BEUTI_33N,0,1
-0.009745872484967145,0.26367784409674566,-0.28316958906668005,3,BEUTI_39N,0,0
-0.4133239616041121,-0.2340652676721486,-0.5925826555360756,3,CUTI_33N,0,1
-0.11396787112114216,0.07668556157355085,-0.30462130381583513,3,CUTI_39N,0,0
-0.1608772393467974,0.4840780738462977,-0.8058325525398926,3,OC_LUSI_33N,0,0
0.08136788364665062,0.6070132125637406,-0.44427744527043944,3,OC_STI_33N,0,0
-0.21847706593734886,-0.0469416960927215,-0.39001243578197625,3,RREAS_Myctophids,0,1
0.09641595239582851,0.5913289267704923,-0.3984970219788353,3,RREAS_YOYsardine,0,0
-0.0073903051527347274,0.574019667123202,-0.5888002774286716,3,age1SprSardmeanWAA,0,0
0.02976340490489899,0.7875827069646999,-0.7280558971549019,3,meanSSBwt,0,0
-0.09160890960976763,0.3427545897101992,-0.5259724089297345,3,ZM_NorCal,0,0
0.02421924678109218,0.387366759585082,-0.3389282660228976,3,ZM_SoCal,0,0
0.13100768404015506,0.285984178398867,-0.023968810318556768,3,sardRec,0,0
0.06312009880786323,0.2989330857483239,-0.17269288813259742,3,anchBioSmrySeas1,0,0
0.09322817906610563,0.5888738890064176,-0.4024175308742063,3,summerSST,0,0
0.007216089450022304,0.4320662793443551,-0.41763410044431043,3,avgOffTransspring,0,0
0.2404452888655536,0.4219348295084381,0.05895574822266912,3,avgOffTranssummer,0,1
0.0032999307528022927,0.38230343972345754,-0.37570357821785294,3,sprRelOffTrans,0,0
-0.3886940248639193,0.02454264874039191,-0.8019306984682305,3,sumRelOffTrans,0,0
0.03935647938814648,0.4259161288352421,-0.34720317005894913,3,meanK,0,0
-0.10174024447431763,0.23221119168665438,-0.43569168063528974,3,OC_LUSI_39N,0,0
-0.4683288584977796,-0.20185426007599586,-0.7348034569195633,3,sardSpawnHab,0,1
-0.19242530598496912,0.2986265539917844,-0.6834771659617226,3,sardNurseHab,0,0
-3.451070005786386e-5,0.530739494055367,-0.5308085154554827,3,springSST,0,0
-0.18687889417842887,0.1015264782285355,-0.4752842665853932,3,randTest,0,0
0.01506512501634171,0.008916534339675914,0.021213715693007507,4,NCOPspring,0,1
0.12455455844421442,-0.03592839309891625,0.28503750998734506,4,NCOPsummerlag1,0,0
-0.045554338252411106,-0.3315399548262743,0.2404312783214521,4,BEUTI_33N,0,0
-0.13891567882990766,-0.14364321597897128,-0.13418814168084398,4,BEUTI_39N,0,1
0.026316386578202372,-0.1530593306893576,0.20569210384576242,4,CUTI_33N,0,0
-0.09701419837496966,-0.2453127190870493,0.05128432233710997,4,CUTI_39N,0,0
-0.5334623050165256,-0.6030293545627572,-0.46389525547029403,4,OC_LUSI_33N,0,1
0.4227472006457732,0.4118502458965146,0.43364415539503187,4,OC_STI_33N,0,1
-0.06447289752345459,-0.19034676667898454,0.06140097163207536,4,RREAS_Myctophids,0,0
0.42528131244486533,0.2887492405740085,0.5618133843157221,4,RREAS_YOYsardine,0,1
0.4856831493773095,0.522383610818073,0.44898268793654583,4,age1SprSardmeanWAA,0,1
0.670547343527421,0.6301596510926416,0.7109350359622003,4,meanSSBwt,0,1
-0.31740677586013194,-0.43917895437355775,-0.19563459734670613,4,ZM_NorCal,0,1
-0.27380552317964585,-0.3753065180735281,-0.1723045282857636,4,ZM_SoCal,0,1
0.03136053902048313,-0.05993399052794765,0.12265506856891395,4,sardRec,0,0
-0.043989503285206316,-0.06646000088945808,-0.021519005680954537,4,anchBioSmrySeas1,0,1
0.42273930061232257,0.24539567272308582,0.6000829285015593,4,summerSST,0,1
0.26809270808031394,0.3610181763314695,0.17516723982915827,4,avgOffTransspring,0,1
0.166320850659243,-0.018771988447522814,0.35141368976600884,4,avgOffTranssummer,0,0
-0.20493522056180713,-0.12288981341407923,-0.28698062770953514,4,sprRelOffTrans,0,1
-0.37681870400651085,-0.74421433407156945,-0.009423073941452254,4,sumRelOffTrans,0,1
0.3343046074050301,0.15086055945011545,0.5177486553599447,4,meanK,0,1
-0.23894883182282467,-0.31170352173789223,-0.16619414190775705,4,OC_LUSI_39N,0,1
-0.21679599672158983,-0.5574499898722962,0.12385799642911643,4,sardSpawnHab,0,0
0.35317271801037736,0.4119533356965753,0.29439210032417945,4,sardNurseHab,0,1
0.40109265325239685,0.3463677171147634,0.45581758939003036,4,springSST,0,1
0.17284762444277824,0.2052727628392844,0.14042248604627205,4,randTest,0,1
-0.6115273479694487,-0.3584744798418259,-0.8645802160970716,1,NCOPspring,0,1
-0.5206195912767082,-0.3005055691688478,-0.7407336133845687,1,NCOPsummerlag1,0,1
-0.05480460973576891,0.14353142322478443,-0.25314064269632225,1,BEUTI_33N,0,0
-0.5641787803463553,-0.45355190287149566,-0.6748056578212152,1,BEUTI_39N,0,1
-0.15689520259508172,-0.0603724574406862,-0.25341794774947735,1,CUTI_33N,0,1
-0.5515009995756979,-0.4176245428531822,-0.6853774562982133,1,CUTI_39N,0,1
-0.25428218053023477,-0.10957366823520687,-0.39899069282526267,1,OC_LUSI_33N,0,1
0.22338310069853384,0.3494331186483529,0.0973330827487148,1,OC_STI_33N,0,1
0.2640053549270464,0.4147550752354949,0.11325563461859793,1,RREAS_Myctophids,0,1
0.4206990111593298,0.5304189851604182,0.3109790371582414,1,RREAS_YOYsardine,0,1
-0.031029713779618794,0.1361533650464916,-0.19821279260572922,1,age1SprSardmeanWAA,0,0
0.096744107292317,0.31835467313008303,-0.12486645854544903,1,meanSSBwt,0,0
-0.683878786984526,-0.5094577598076244,-0.8582998141614275,1,ZM_NorCal,0,1
-0.5069420270998225,-0.3098690792640154,-0.7040149749356295,1,ZM_SoCal,0,1
0.1872532713274013,0.2452745716965097,0.12923197095829284,1,sardRec,0,1
-0.19578820224338028,-0.18732741788003812,-0.20424898660672247,1,anchBioSmrySeas1,0,1
0.5389173156201102,0.67958279920251,0.39825183203771053,1,summerSST,0,1
0.20712414059188813,0.2985917275622918,0.1156565536214845,1,avgOffTransspring,0,1
-0.24299277681227324,-0.08674846689233089,-0.39923708673221564,1,avgOffTranssummer,0,1
-0.14024836609458127,-0.02624142774541681,-0.25425530444374583,1,sprRelOffTrans,0,1
-0.15912327880952717,0.025325730017114884,-0.34357228763616926,1,sumRelOffTrans,0,0
0.21287796139803228,0.4417875193830927,-0.01603159658702827,1,meanK,0,0
-0.3444975022529137,-0.20799045852428555,-0.48100454598154196,1,OC_LUSI_39N,0,1
0.15913936555867095,0.3445055379405374,-0.026226806823195545,1,sardSpawnHab,0,0
0.61004264227352345,0.7960929894845912,0.4239922950624556,1,sardNurseHab,0,1
0.7415424948870217,0.9004029371872809,0.5826820525867625,1,springSST,0,1
0.009525425547782927,0.16297842000816898,-0.1439275689126032,1,randTest,0,0
-0.16773052606685254,-0.09832285225682937,-0.23713819987687573,2,NCOPspring,0,1
-0.051424347459466266,0.1539008349096364,-0.25674952982856897,2,NCOPsummerlag1,0,0
-0.06868626497800298,0.2348644607439847,-0.3722369906999907,2,BEUTI_33N,0,0
-0.22629798108640686,0.31212021076508384,-0.7647161729378977,2,BEUTI_39N,0,0
0.06777705715307594,0.6220813697719277,-0.48652725546577585,2,CUTI_33N,0,0
-0.11942969118902264,0.3991328909883224,-0.6379922733663677,2,CUTI_39N,0,0
-0.10025343925238056,0.9837959003164264,-1.1843027788211873,2,OC_LUSI_33N,0,0
0.0823960039919853,0.9393343126436042,-0.7745423046596336,2,OC_STI_33N,0,0
0.19131813689308053,0.7578124733897763,-0.37517619960361537,2,RREAS_Myctophids,0,0
0.12303951079076231,1.2273372855619564,-0.9812582639804319,2,RREAS_YOYsardine,0,0
0.1287352643115755,1.0414398710870376,-0.7839693424638867,2,age1SprSardmeanWAA,0,0
0.013803715608192713,1.230574235872646,-1.2029668046562607,2,meanSSBwt,0,0
-0.12009049418026874,0.6939601285540371,-0.9341411169145746,2,ZM_NorCal,0,0
0.06875631903974633,0.7733686734536214,-0.6358560353741287,2,ZM_SoCal,0,0
-0.024261128143935932,0.49691221121609674,-0.5454344675039686,2,sardRec,0,0
-0.38329870281867595,0.5160589793499863,-1.2826563849873382,2,anchBioSmrySeas1,0,0
0.07303344110705284,1.0507742574993675,-0.9047073752852619,2,summerSST,0,0
0.17477339949977586,0.736430907829052,-0.3868841088295002,2,avgOffTransspring,0,0
-0.08038636163072303,0.4612124887494948,-0.6219852120109408,2,avgOffTranssummer,0,0
-0.1380371002442169,0.28571438538891925,-0.561788585877353,2,sprRelOffTrans,0,0
0.008451031487723637,0.9642686609002666,-0.9473665979248193,2,sumRelOffTrans,0,0
-0.09154514190193835,0.7872976353120172,-0.970387919115894,2,meanK,0,0
-0.07530104582431729,0.4772159998293365,-0.6278180914779711,2,OC_LUSI_39N,0,0
-0.021034411541519776,1.1144339734391384,-1.156502796522178,2,sardSpawnHab,0,0
0.10402853700130733,0.6857957824685782,-0.47773870846596356,2,sardNurseHab,0,0
0.1395450446856184,1.0508366872808164,-0.7717465979095797,2,springSST,0,0
0.02968805831754158,0.5801501630381329,-0.5207740464030498,2,randTest,0,0
0.18401573448898323,0.10786916549633255,0.2601623034816339,3,NCOPspring,0,1
0.11382753329182196,-0.020357457276221055,0.24801252385986494,3,NCOPsummerlag1,0,0
0.22045349428185237,0.2894522710622016,0.15145471750150322,3,BEUTI_33N,0,1
0.1415188584848212,0.19870178275861197,0.08433593421103051,3,BEUTI_39N,0,1
0.2204828027564871,0.2554420683586759,0.18552353715429828,3,CUTI_33N,0,1
0.09683621368293764,0.19962507659204465,-0.005952649226169365,3,CUTI_39N,0,0
0.12332338190262965,0.5288823896646786,-0.28223562585941936,3,OC_LUSI_33N,0,0
-0.09722206672358215,0.2107380182820237,-0.405182151729188,3,OC_STI_33N,0,0
-0.01723174524416426,0.11075006179933876,-0.1452135522876673,3,RREAS_Myctophids,0,0
-0.028405569212139825,0.3318612617341601,-0.38867240015843973,3,RREAS_YOYsardine,0,0
0.001080744546204309,0.19146031399404229,-0.18929882490163372,3,age1SprSardmeanWAA,0,0
-0.018402246933995878,0.3875758586661233,-0.4243803525341151,3,meanSSBwt,0,0
0.19377252509639054,0.47922158849414587,-0.09167653830136493,3,ZM_NorCal,0,0
0.1114294730402524,0.3872639981694952,-0.16440505208899048,3,ZM_SoCal,0,0
-0.24880975272507633,-0.3116666485267021,-0.1859528569234505,3,sardRec,0,1
-0.014226065033364117,0.022828113194590632,-0.051280243261318886,3,anchBioSmrySeas1,0,0
-0.06613159387395023,0.2870360553351051,-0.4192992430830057,3,summerSST,0,0
-0.11928970722871315,0.019494124409362004,-0.2580735388667883,3,avgOffTransspring,0,0
0.0015941668966977796,0.16026741102507305,-0.15707907723167752,3,avgOffTranssummer,0,0
0.1544215547781279,0.24249208344293863,0.0663510261133172,3,sprRelOffTrans,0,1
0.14206820990813107,0.5334854540373306,-0.24934903422106833,3,sumRelOffTrans,0,0
-0.010898445391914015,0.3109013427516066,-0.33269823353543465,3,meanK,0,0
0.15086794664294098,0.3325176191989925,-0.030781725913110538,3,OC_LUSI_39N,0,0
0.00262167770899209,0.3759061060036595,-0.3706627505856751,3,sardSpawnHab,0,0
-0.13845960921403758,-0.004185535550880647,-0.27273368287719446,3,sardNurseHab,0,1
-0.14712382080570705,0.16057316598975796,-0.45482080760117205,3,springSST,0,0
0.16044556850522881,0.3257261423495439,-0.0048350053390862,3,randTest,0,0
-0.1113711610065998,-0.06528525526092359,-0.157457066752276,4,NCOPspring,0,1
-0.18430272954401622,-0.2861785346521464,-0.08242692443588603,4,NCOPsummerlag1,0,1
0.08349102549361266,-0.06821919757375142,0.23520124856097677,4,BEUTI_33N,0,0
0.03240198853801917,0.19954690590354285,-0.13474292882750458,4,BEUTI_39N,0,0
0.07061442684581766,0.058125816920994694,0.08310303677064057,4,CUTI_33N,0,1
0.045329754058438726,0.11478563572354852,-0.024126127606671016,4,CUTI_39N,0,0
0.4642875672370496,0.5368190914915424,0.3917560429825568,4,OC_LUSI_33N,0,1
-0.35263485079959944,-0.29142775804890686,-0.41384194355029214,4,OC_STI_33N,0,1
0.22386187887413506,0.13193168587621834,0.3157920718720518,4,RREAS_Myctophids,0,1
-0.3833435634356511,-0.24575247664008265,-0.5209346502312197,4,RREAS_YOYsardine,0,1
-0.37807016471228155,-0.17014488984798437,-0.5859954395765786,4,age1SprSardmeanWAA,0,1
-0.5226976247706387,-0.5044448433013883,-0.5409504062398892,4,meanSSBwt,0,1
0.19447113927009163,0.20422246416827528,0.18471981437190793,4,ZM_NorCal,0,1
0.13597689662857776,-0.025938750915921016,0.2978925441730765,4,ZM_SoCal,0,0
0.06286034935205262,0.13545054232284864,-0.009729843618743433,4,sardRec,0,0
0.04349927920318346,0.29242479702415036,-0.20542623861778359,4,anchBioSmrySeas1,0,0
-0.29631688529999506,-0.2726766897101338,-0.31995708088985614,4,summerSST,0,1
-0.1853883374460928,-0.011677244999821035,-0.35909942989236465,4,avgOffTransspring,0,1
-0.2870100050011951,-0.35019493709328564,-0.22382507290910453,4,avgOffTranssummer,0,1
0.12234182485201087,0.20085391337330866,0.043829736330713076,4,sprRelOffTrans,0,1
0.428315192156054,0.3282416080442596,0.5283887762678484,4,sumRelOffTrans,0,1
-0.3042365047949422,-0.4431921306925593,-0.16528087889732496,4,meanK,0,1
0.16229374086998768,0.16523858503968222,0.15934889670029312,4,OC_LUSI_39N,0,1
0.567949044601965,0.6366448808392828,0.49925320836464715,4,sardSpawnHab,0,1
-0.06025939016305303,-0.03164037004980842,-0.08887841027629761,4,sardNurseHab,0,1
-0.212659970922509,-0.1529777922756154,-0.27234214956940245,4,springSST,0,1
0.23521859285993627,0.14627405966682774,0.3241631260530448,4,randTest,0,1
-0.6210745959252921,-0.36457071705930644,-0.8775784747912778,1,NCOPspring,0,1
-0.5375518182695599,-0.33738294457583945,-0.7377206919632803,1,NCOPsummerlag1,0,1
-0.024284839078919276,0.13876669565824593,-0.1873363738160845,1,BEUTI_33N,0,0
-0.5592886264062521,-0.4499290259421452,-0.6686482268703589,1,BEUTI_39N,0,1
-0.1406553187130107,-0.08127149183017311,-0.2000391455958483,1,CUTI_33N,0,1
-0.5411259501201218,-0.4210007515856972,-0.6612511486545463,1,CUTI_39N,0,1
-0.20870120188254085,-0.12254585750866409,-0.2948565462564176,1,OC_LUSI_33N,0,1
0.19547596592543248,0.276037366124007,0.11491456572685804,1,OC_STI_33N,0,1
0.28476094218395875,0.37527527829637536,0.19424660607154215,1,RREAS_Myctophids,0,1
0.38953380481377337,0.4548152082078245,0.32425240141972217,1,RREAS_YOYsardine,0,1
-0.01885499921386525,0.11537221248232066,-0.1530822109100512,1,age1SprSardmeanWAA,0,0
0.041350776549632845,0.1967605732094304,-0.11405902011016483,1,meanSSBwt,0,0
-0.6702600622551461,-0.5389242105863843,-0.801595913923908,1,ZM_NorCal,0,1
-0.511437093472632,-0.3850871343769571,-0.637787052568307,1,ZM_SoCal,0,1
0.16253832960140038,0.1869432906890327,0.1381333685137681,1,sardRec,0,1
-0.20890805331411605,-0.24233109967761246,-0.17548500695061975,1,anchBioSmrySeas1,0,1
0.48515343980185177,0.584533309916087,0.38577356968761645,1,summerSST,0,1
0.1824748858895995,0.2685017319561349,0.09644803982306405,1,avgOffTransspring,0,1
-0.2883226932027223,-0.1736720032035449,-0.4029733832018997,1,avgOffTranssummer,0,1
-0.13261218101997133,-0.03023720716067385,-0.23498715487926886,1,sprRelOffTrans,0,1
-0.090995702197434,0.023864577475519566,-0.2058559818703875,1,sumRelOffTrans,0,0
0.19769947401144158,0.3554803006537548,0.0399186473691283,1,meanK,0,1
-0.3191276817134676,-0.21341093947553552,-0.42484442395139965,1,OC_LUSI_39N,0,1
0.2225328591306163,0.33858734627347337,0.10647837198775906,1,sardSpawnHab,0,1
0.6127462258150747,0.7803027653676824,0.44518968626246724,1,sardNurseHab,0,1
0.7105135950516478,0.8320727323820676,0.5889544577212279,1,springSST,0,1
-0.19257574912559683,-0.16192780311521837,-0.22322369513597531,1,randTest,0,1
-0.18240659707249157,-0.10707265170296129,-0.2577405424420218,2,NCOPspring,0,1
-0.06322201399197708,0.15164811945320525,-0.2780921474371594,2,NCOPsummerlag1,0,0
-0.05165480742203002,0.3498502665736555,-0.4531598814177155,2,BEUTI_33N,0,0
-0.24477870887900033,0.30937657880043656,-0.7989339965584371,2,BEUTI_39N,0,0
0.06882051072709973,0.6943839545209525,-0.556742933066753,2,CUTI_33N,0,0
-0.1308017011495251,0.4071199499448672,-0.6687233522439174,2,CUTI_39N,0,0
-0.10297823026234176,1.0282992040205394,-1.234255664545223,2,OC_LUSI_33N,0,0
0.09263293347688692,0.9816740035852111,-0.7964081366314373,2,OC_STI_33N,0,0
0.20060779552749802,0.8186338269243822,-0.41741823586938626,2,RREAS_Myctophids,0,0
0.14029681620004283,1.3183399717347166,-1.037746339334631,2,RREAS_YOYsardine,0,0
0.1514266516007396,1.0717648101004265,-0.7689115068989476,2,age1SprSardmeanWAA,0,0
0.003123033860379737,1.2888133349509157,-1.2825672672301562,2,meanSSBwt,0,0
-0.1413603461032672,0.6849611123610477,-0.9676818045675821,2,ZM_NorCal,0,0
0.0376329908771867,0.7765833039666387,-0.7013173222122652,2,ZM_SoCal,0,0
-0.05037050722010346,0.547890660209643,-0.6486316746498499,2,sardRec,0,0
-0.4116548372451935,0.555147087365207,-1.3784567618555938,2,anchBioSmrySeas1,0,0
0.05548821141061425,1.0261913143431678,-0.9152148915219391,2,summerSST,0,0
0.17520368563583416,0.7937788827931025,-0.44337151152143417,2,avgOffTransspring,0,0
-0.10403263088463074,0.4958415728375658,-0.7039068346068272,2,avgOffTranssummer,0,0
-0.14952865336354154,0.3592270564862272,-0.6582843632133102,2,sprRelOffTrans,0,0
0.029347609316959095,1.098793175059089,-1.0400979564251704,2,sumRelOffTrans,0,0
-0.08717201359842035,0.7736612972008706,-0.9480053243977111,2,meanK,0,0
-0.07576324361522879,0.5235440591878007,-0.6750705464182583,2,OC_LUSI_39N,0,0
-0.04522568576602637,1.3319415761419187,-1.4223929476739712,2,sardSpawnHab,0,0
0.11685827219499868,0.6553821831376185,-0.4216656387476213,2,sardNurseHab,0,0
0.1464609994126161,1.0666122099809245,-0.7736902111556925,2,springSST,0,0
-0.21042138406301475,0.44648116522571085,-0.8673239333517404,2,randTest,0,0
0.19242186092439456,0.11295161044315365,0.27189211140563546,3,NCOPspring,0,1
0.11720765529567362,-0.02616389414965578,0.26057920474100305,3,NCOPsummerlag1,0,0
0.25066754094588906,0.3149817582411911,0.18635332365058704,3,BEUTI_33N,0,1
0.1513833122881751,0.22277823051069037,0.0799883940656598,3,BEUTI_39N,0,1
0.24858403964413409,0.23666299431159532,0.26050508497667296,3,CUTI_33N,0,1
0.10938346467778451,0.1976453177714726,0.021121611584096422,3,CUTI_39N,0,1
0.1532921575696773,0.4926672372345443,-0.18608292209518956,3,OC_LUSI_33N,0,0
-0.11783972449420971,0.1369640245695331,-0.3726434735579525,3,OC_STI_33N,0,0
-0.008816991987812162,0.03884406097414719,-0.056478044949771544,3,RREAS_Myctophids,0,0
-0.04941816963069891,0.2618421180766183,-0.3606784573380163,3,RREAS_YOYsardine,0,0
0.0017730093073298342,0.15692094214262214,-0.1533749235279625,3,age1SprSardmeanWAA,0,0
-0.039992797999498036,0.28288626857138455,-0.36287186457038073,3,meanSSBwt,0,0
0.20986947337409648,0.42296786719178386,-0.0032289204435909484,3,ZM_NorCal,0,0
0.12013886135968066,0.2917767365095224,-0.05149901379016117,3,ZM_SoCal,0,0
-0.2787393869185786,-0.3872371725410972,-0.17024160129606003,3,sardRec,0,1
-0.025339254053496123,-0.03716228096162946,-0.01351622714536277,3,anchBioSmrySeas1,0,1
-0.09389175307028394,0.1779199215890973,-0.36570342772966513,3,summerSST,0,0
-0.14423943752635354,0.02256094749074245,-0.3110398225434494,3,avgOffTransspring,0,0
-0.021643656729422825,0.08795569081893724,-0.1312430042777828,3,avgOffTranssummer,0,0
0.17978025527316327,0.30498053884392995,0.05457997170239669,3,sprRelOffTrans,0,1
0.19059351850824088,0.5024266818063937,-0.12123964478991182,3,sumRelOffTrans,0,0
-0.01240400230734301,0.17907790956182773,-0.20388591417651378,3,meanK,0,0
0.17352131666344237,0.32392309218456733,0.023119541142317422,3,OC_LUSI_39N,0,1
0.011934067360461209,0.375895157583541,-0.35202702286261855,3,sardSpawnHab,0,0
-0.14435473752462719,-0.0792051210197582,-0.20950435402949621,3,sardNurseHab,0,1
-0.16847392154358312,0.07199192759295435,-0.40893977068012055,3,springSST,0,0
-0.010605088602364154,0.06390106761713671,-0.08511124482186501,3,randTest,0,0
-0.06506030203560802,-0.038190389883649006,-0.09193021418756704,4,NCOPspring,0,1
-0.12494295763712579,-0.21714606274378334,-0.03273985253046823,4,NCOPsummerlag1,0,1
0.07866965897400828,-0.0940971448939253,0.2514364628419419,4,BEUTI_33N,0,0
0.0761379965702756,0.303955658817485,-0.15167966567693386,4,BEUTI_39N,0,0
0.10458806978678656,0.09680542396654754,0.11237071560702558,4,CUTI_33N,0,1
0.09900293407522925,0.1829088512006002,0.015097016949858252,4,CUTI_39N,0,1
0.45323793350652064,0.5395543322353442,0.3669215347776973,4,OC_LUSI_33N,0,1
-0.3437304500187588,-0.2564842064788968,-0.4309766935586209,4,OC_STI_33N,0,1
0.19946323345885458,0.15644397102861687,0.24248249588909232,4,RREAS_Myctophids,0,1
-0.4201344670870496,-0.2584296703840351,-0.581839263790064,4,RREAS_YOYsardine,0,1
-0.3211937688657278,-0.035050183615619734,-0.6073373541158359,4,age1SprSardmeanWAA,0,1
-0.5135276367082537,-0.5029238569780397,-0.5241314164384678,4,meanSSBwt,0,1
0.2266152483044403,0.2581332424447893,0.19509725416409118,4,ZM_NorCal,0,1
0.17458851177305823,0.055100107590823566,0.29407691595529295,4,ZM_SoCal,0,1
0.05268361201550981,0.16375237750637706,-0.0583851534753575,4,sardRec,0,0
0.0479800170298348,0.45025068424927217,-0.35429065018960254,4,anchBioSmrySeas1,0,0
-0.32175213497290633,-0.34969238502924754,-0.2938118849165651,4,summerSST,0,1
-0.20409090305141936,0.012071454736103715,-0.42025326083894243,4,avgOffTransspring,0,0
-0.2588956331385733,-0.3258559207183741,-0.19193534555877256,4,avgOffTranssummer,0,1
0.14555046756145232,0.2853450174103464,0.005755917712558206,4,sprRelOffTrans,0,1
0.4381134363797367,0.3020692299537796,0.5741576428056938,4,sumRelOffTrans,0,1
-0.2764943488696321,-0.39664164675077324,-0.15634705098849094,4,meanK,0,1
0.18609025405424764,0.19176037380923738,0.18042013429925793,4,OC_LUSI_39N,0,1
0.6031515851996732,0.7585673468433549,0.44773582355599106,4,sardSpawnHab,0,1
-0.06940654222461001,-0.020229151790369895,-0.11858393265885017,4,sardNurseHab,0,1
-0.2589341567448523,-0.20787051406266688,-0.3099977994270378,4,springSST,0,1
0.16270743315492597,0.471279172087154,-0.14586430577730203,4,randTest,0,0
-0.6089389951910216,-0.35517057165128113,-0.862707418730762,1,NCOPspring,0,1
-0.5303064278599241,-0.32854376622325426,-0.732069089496594,1,NCOPsummerlag1,0,1
-0.014030690199952449,0.1764024647317587,-0.20446384513166355,1,BEUTI_33N,0,0
-0.5477751261773433,-0.18874945667139403,-0.9068007956832925,1,BEUTI_39N,0,1
-0.11844142157464889,0.13307859222668472,-0.36996143537598253,1,CUTI_33N,0,0
-0.5284842728154634,-0.21890664691501766,-0.8380618987159092,1,CUTI_39N,0,1
-0.18429652799917656,0.2881538912306843,-0.6567469472290375,1,OC_LUSI_33N,0,0
0.16821392084675213,0.5459849234349672,-0.20955708174146292,1,OC_STI_33N,0,0
0.29749089028276,0.5540669647447904,0.04091481582072938,1,RREAS_Myctophids,0,1
0.3601621968892894,0.8517574059641775,-0.13143301218559866,1,RREAS_YOYsardine,0,0
-0.020000632444996627,0.5075708705051831,-0.5475721353951765,1,age1SprSardmeanWAA,0,0
0.028305139700169027,0.5859394307257292,-0.5293291513253912,1,meanSSBwt,0,0
-0.6503938265851793,-0.2551180216963904,-1.045669631473968,1,ZM_NorCal,0,1
-0.48231463940648706,-0.191552192741184,-0.7730770860717899,1,ZM_SoCal,0,1
0.16463187459656684,0.41795454560686435,-0.08869079641373064,1,sardRec,0,0
-0.20699243773091372,0.23229457970727793,-0.6462794551691055,1,anchBioSmrySeas1,0,0
0.48171605909096005,0.8978830405385638,0.06554907764335645,1,summerSST,0,1
0.16357282317303126,0.5149244214180151,-0.1877787750719525,1,avgOffTransspring,0,0
-0.29010556772498924,-0.030259202537086832,-0.5499519329128915,1,avgOffTranssummer,0,1
-0.10471265941537908,0.16797970771607623,-0.37740502654683433,1,sprRelOffTrans,0,0
-0.0652010360132814,0.3161699924896318,-0.4465720645161945,1,sumRelOffTrans,0,0
0.18743369220726988,0.5596555230239729,-0.1847881386094331,1,meanK,0,0
-0.3113881864941461,-0.025436548847981723,-0.5973398241403105,1,OC_LUSI_39N,0,1
0.24290339980131603,0.7931729262803349,-0.3073661266777028,1,sardSpawnHab,0,0
0.5974628960972815,0.9430866952542323,0.2518390969403308,1,sardNurseHab,0,1
0.6982718170544597,1.1327474196217624,0.26379621448715684,1,springSST,0,1
-0.1435024780671133,0.04764972295523768,-0.3346546790894643,1,randTest,0,0
-0.15283702974977895,-0.08914393010532104,-0.21653012939423685,2,NCOPspring,0,1
-0.04048287098221312,0.16138088664651956,-0.24234662861094583,2,NCOPsummerlag1,0,0
-0.05643790579530909,0.30210067189778517,-0.4149764834884034,2,BEUTI_33N,0,0
-0.20847063720168588,-0.10707461074465756,-0.3098666636587141,2,BEUTI_39N,0,1
0.07843973371337823,0.35063618786384165,-0.19375672043708525,2,CUTI_33N,0,0
-0.09774997709726013,0.118461266616484,-0.3139612208110042,2,CUTI_39N,0,0
-0.07594095012101601,0.4274278437748079,-0.57930974401684,2,OC_LUSI_33N,0,0
0.062102640946516574,0.44412465928453976,-0.31991937739150667,2,OC_STI_33N,0,0
0.19270940805427011,0.5215512801631634,-0.1361324640546232,2,RREAS_Myctophids,0,0
0.09223538731569003,0.5403898530633167,-0.35591907843193676,2,RREAS_YOYsardine,0,0
0.14369552557782297,0.3563789779797373,-0.06898792682409138,2,age1SprSardmeanWAA,0,0
-0.006424435512242921,0.6231267559710522,-0.6359756269955381,2,meanSSBwt,0,0
-0.1070392809696222,0.29215757030466,-0.5062361322439043,2,ZM_NorCal,0,0
0.07867578211630757,0.564558518748416,-0.4072069545158008,2,ZM_SoCal,0,0
-0.03185348784036126,0.11455670133360643,-0.17826367701432896,2,sardRec,0,0
-0.38071930551273414,-0.30963727626673937,-0.4518013347587288,2,anchBioSmrySeas1,0,1
0.040337828256215014,0.5492776763288593,-0.4686020198164293,2,summerSST,0,0
0.15381463068372395,0.3064526422266749,0.0011766191407729387,2,avgOffTransspring,0,1
-0.09269317799737581,0.2693471685158203,-0.45473352451057186,2,avgOffTranssummer,0,0
-0.1210154060574768,0.043401645082416146,-0.28543245719736976,2,sprRelOffTrans,0,0
0.045657096594349994,0.7019476040806883,-0.6106334108919884,2,sumRelOffTrans,0,0
-0.09718185616260623,0.46168386693418056,-0.6560475792593929,2,meanK,0,0
-0.060083761426030016,0.2465054728310287,-0.3666729956830888,2,OC_LUSI_39N,0,0
-0.006456205394375414,0.5520897822409245,-0.565002193029675,2,sardSpawnHab,0,0
0.09069921402583346,0.3497077033900903,-0.16830927533842327,2,sardNurseHab,0,0
0.1105927317660148,0.5365479298124205,-0.31536246628039105,2,springSST,0,0
-0.003998380775051311,0.1272877090916077,-0.13528447064171034,2,randTest,0,0
0.2301505384309583,0.13423791044081726,0.32606316642109934,3,NCOPspring,0,1
0.1548494266001253,0.004168540942312934,0.30553031225793775,3,NCOPsummerlag1,0,1
0.2406885835522481,0.308152238770818,0.1732249283336782,3,BEUTI_33N,0,1
0.18375709462740158,0.39599339179440035,-0.02847920253959714,3,BEUTI_39N,0,0
0.25218263701835425,0.3545765732217669,0.14978870081494153,3,CUTI_33N,0,1
0.14546341135621302,0.3493500668530768,-0.05842324414065085,3,CUTI_39N,0,0
0.1578671576166119,0.7228881745924518,-0.40715385935922804,3,OC_LUSI_33N,0,0
-0.12286632527659627,0.29754343703327957,-0.5432760875864721,3,OC_STI_33N,0,0
-0.024619088771133793,0.11844375576762883,-0.16768193330989645,3,RREAS_Myctophids,0,0
-0.07356732117377823,0.4921639609260455,-0.639298603273602,3,RREAS_YOYsardine,0,0
0.007584922564055217,0.3801454705581304,-0.36497562543002005,3,age1SprSardmeanWAA,0,0
-0.041653609360845736,0.5209259972102975,-0.604233215931989,3,meanSSBwt,0,0
0.24941416923233858,0.6235543634861496,-0.12472602502147238,3,ZM_NorCal,0,0
0.15538681574269766,0.42430631914393857,-0.11353268765854321,3,ZM_SoCal,0,0
-0.27789820468260484,-0.23588702188593066,-0.31990938747927905,3,sardRec,0,1
-0.01495538351550291,0.25052117906199656,-0.28043194609300237,3,anchBioSmrySeas1,0,0
-0.12420749952785087,0.36235858467725973,-0.6107735837329614,3,summerSST,0,0
-0.14815332982556212,0.1604619201835438,-0.456768579834668,3,avgOffTransspring,0,0
0.001878907634835468,0.19434766793407635,-0.19058985266440542,3,avgOffTranssummer,0,0
0.17579031144170137,0.36218186811350467,-0.010601245230101967,3,sprRelOffTrans,0,0
0.18698412949547197,0.6523145156837798,-0.27834625669283586,3,sumRelOffTrans,0,0
-0.03005531645101822,0.30680939623371006,-0.36692002913574645,3,meanK,0,0
0.18832787303025328,0.44375081320908605,-0.06709506714857953,3,OC_LUSI_39N,0,0
0.0010696849402136582,0.5772101108576226,-0.5750707409771953,3,sardSpawnHab,0,0
-0.18316787590769668,0.0016393937493238836,-0.3679751455647172,3,sardNurseHab,0,0
-0.211263184309326,0.2282315302359225,-0.6507578988545745,3,springSST,0,0
-0.052019762621916495,0.0012723908442827357,-0.10531191608811574,3,randTest,0,0
0.04334268722836355,0.025280113642535764,0.06140526081419133,4,NCOPspring,0,1
0.11760047684399799,0.2336231642329152,0.0015777894550807678,4,NCOPsummerlag1,0,1
-0.09503589752021213,0.08892516028153406,-0.2789969553219583,4,BEUTI_33N,0,0
-0.10362874851298781,0.321314543641885,-0.5285720406678607,4,BEUTI_39N,0,0
-0.10111918075791132,0.3828665156404676,-0.5851048771562901,4,CUTI_33N,0,0
-0.12119697081023553,0.2542358105698802,-0.4966297521903512,4,CUTI_39N,0,0
-0.4742770972661934,0.29835900378159097,-1.2469131983139778,4,OC_LUSI_33N,0,0
0.3517638372604064,0.9432891720767222,-0.2397614975559095,4,OC_STI_33N,0,0
-0.182082781079622,0.25275527453994207,-0.6169208366991861,4,RREAS_Myctophids,0,0
0.43392008601806736,1.255905472725276,-0.3880653006891414,4,RREAS_YOYsardine,0,0
0.327585577781899,1.0052913315093157,-0.3501201759455176,4,age1SprSardmeanWAA,0,0
0.5248265686951092,1.3845298533101955,-0.3348767159199772,4,meanSSBwt,0,0
-0.25642397562658653,0.2991898519903101,-0.8120378032434832,4,ZM_NorCal,0,0
-0.17947860549434275,0.2800920755684369,-0.6390492865571225,4,ZM_SoCal,0,0
-0.038990033895140865,0.43778262068611484,-0.5157626884763965,4,sardRec,0,0
-0.08009961690727034,0.7688862286885939,-0.9290854625031345,4,anchBioSmrySeas1,0,0
0.3639955367088195,1.0575908675863854,-0.3295997941687464,4,summerSST,0,0
0.22464673569624138,0.6708338403941458,-0.22154036900166302,4,avgOffTransspring,0,0
0.2533308199389045,0.63132185881871306,-0.12466021894090398,4,avgOffTranssummer,0,0
-0.13983199364794247,0.17492261034173423,-0.4545865976376192,4,sprRelOffTrans,0,0
-0.4461715250100964,0.22180285206651368,-1.1141459020867064,4,sumRelOffTrans,0,0
0.29945804093796,0.8554827033151837,-0.2565666214392637,4,meanK,0,0
-0.2028377747854575,0.1887564623667485,-0.5944320119376635,4,OC_LUSI_39N,0,0
-0.563216834494396,0.29663215483549166,-1.4230658238242837,4,sardSpawnHab,0,0
0.1088713467649463,0.48665500648943716,-0.2689123129595446,4,sardNurseHab,0,0
0.2952734882887682,0.9392411448205169,-0.3486941682429805,4,springSST,0,0
-0.014514734022249173,0.21324983572362752,-0.24227930376812584,4,randTest,0,0
-0.6274043743041243,-0.3707733667339488,-0.8840353818743,1,NCOPspring,0,1
-0.5238019950682168,-0.2504430731229055,-0.7971609170135279,1,NCOPsummerlag1,0,1
-0.039302702531308964,0.19935919225358026,-0.2779645973161982,1,BEUTI_33N,0,0
-0.5597187676699639,-0.17619570915676558,-0.9432418261831621,1,BEUTI_39N,0,1
-0.14319892552150873,0.25036923504722014,-0.5367670860902376,1,CUTI_33N,0,0
-0.5312040211847483,-0.18823430502832336,-0.8741737373411734,1,CUTI_39N,0,1
-0.24899196863757878,0.2921747078635626,-0.7901586451387201,1,OC_LUSI_33N,0,0
0.21536166149460878,0.6593864952165083,-0.2286631722272906,1,OC_STI_33N,0,0
0.2688864298186442,0.6260579385429669,-0.0882850789056786,1,RREAS_Myctophids,0,0
0.4202138574842823,0.9812870388489187,-0.1408593238803541,1,RREAS_YOYsardine,0,0
-0.014596687638778194,0.5493364473541518,-0.5785298226317083,1,age1SprSardmeanWAA,0,0
0.14244160300394149,0.7246141226017301,-0.43973091659384705,1,meanSSBwt,0,0
-0.6817764130715386,-0.240980455341126,-1.1225723708019513,1,ZM_NorCal,0,1
-0.5355838355363939,-0.15672898086158976,-0.9144386902111978,1,ZM_SoCal,0,1
0.182273753912958,0.5536691032841675,-0.18912159545825163,1,sardRec,0,0
-0.21323281878790096,0.3794251228323464,-0.8058907604081483,1,anchBioSmrySeas1,0,0
0.5357809426350302,1.023173815343664,0.048388069926396576,1,summerSST,0,1
0.23884990965164796,0.6221312451803012,-0.1444314258770052,1,avgOffTransspring,0,0
-0.25848158161933643,0.08428299780104052,-0.6012461610397133,1,avgOffTranssummer,0,0
-0.15338246491110016,0.15913629083945302,-0.4659012206616533,1,sprRelOffTrans,0,0
-0.13094386947271625,0.3794712133834434,-0.6413589523288759,1,sumRelOffTrans,0,0
0.25994166888530224,0.7005984028945125,-0.180715065123908,1,meanK,0,0
-0.36009012722622025,-0.04124623936676338,-0.6789340150856771,1,OC_LUSI_39N,0,1
0.145913875812528,0.7367750915090372,-0.4449473398839812,1,sardSpawnHab,0,0
0.6289834849007125,1.0187092657194698,0.23925770408195485,1,sardNurseHab,0,1
0.7497369720480056,1.2331804015147623,0.2662935425812491,1,springSST,0,1
0.02694852708199119,0.4132213645210671,-0.3593243103570847,1,randTest,0,0
0.21767373208020213,0.1286373283298123,0.306710135830592,2,NCOPspring,0,1
0.07916896429268849,0.1477662188352004,0.010571709750176572,2,NCOPsummerlag1,0,1
0.06657620543901066,0.34565724540720316,-0.21250483452918187,2,BEUTI_33N,0,0
0.23536320467421076,0.6102532328927421,-0.1395268235443206,2,BEUTI_39N,0,0
-0.06660360074513669,0.4222919234945971,-0.5554991249848704,2,CUTI_33N,0,0
0.09992848478329412,0.5460207055523499,-0.3461637359857616,2,CUTI_39N,0,0
0.0952341595613718,1.05631588118655,-0.8658475620638062,2,OC_LUSI_33N,0,0
-0.07615186541975066,0.6799350383386378,-0.832238769178139,2,OC_STI_33N,0,0
-0.20375354731162432,0.25147643842386896,-0.6589835330471174,2,RREAS_Myctophids,0,0
-0.11920799228229059,0.846252840176435,-1.0846688247410163,2,RREAS_YOYsardine,0,0
-0.12354292359976936,0.5099672091200992,-0.7570530563196379,2,age1SprSardmeanWAA,0,0
0.0029648976564197738,0.9280817865368185,-0.922151991223979,2,meanSSBwt,0,0
0.13105487077080724,0.8288585829074325,-0.5667488413658182,2,ZM_NorCal,0,0
-0.02545714057340004,0.5660905562051124,-0.6170048373519124,2,ZM_SoCal,0,0
0.007683892031581216,0.3904721633061092,-0.3751043792429467,2,sardRec,0,0
0.407745758031465,1.091847765269196,-0.27635624920626606,2,anchBioSmrySeas1,0,0
-0.069557727439053,0.8227268124095033,-0.9618422672876094,2,summerSST,0,0
-0.22719974096587658,0.168846484660048,-0.6232459665918012,2,avgOffTransspring,0,0
0.10064925167226327,0.5849919076263415,-0.3836934042818149,2,avgOffTranssummer,0,0
0.17276886711490116,0.47570617812335386,-0.13016844389355153,2,sprRelOffTrans,0,0
-0.032077649870842856,0.951730656820981,-1.0158859565626668,2,sumRelOffTrans,0,0
0.09306862680728535,0.7727688804439959,-0.5866316268294254,2,meanK,0,0
0.11048376287030592,0.5314455364744317,-0.31047801073381986,2,OC_LUSI_39N,0,0
-0.0030828423523664716,0.9372242813468599,-0.9433899660515928,2,sardSpawnHab,0,0
-0.14368943379095664,0.24204033060024782,-0.5294191981821611,2,sardNurseHab,0,0
-0.16005870576137018,0.6093392481423016,-0.9294566596650418,2,springSST,0,0
-0.15250896111705395,0.44220995307984146,-0.7472278753139494,2,randTest,0,0
-0.14777680307644914,-0.08733076313439186,-0.20822284301850646,3,NCOPspring,0,1
-0.09350801651502665,-0.07671641456382089,-0.11029961846623237,3,NCOPsummerlag1,0,1
-0.2383096547329704,-0.01751380088074913,-0.4591055085851916,3,BEUTI_33N,0,1
-0.1333234884664497,0.09478286294455633,-0.3614298398774557,3,BEUTI_39N,0,0
-0.2387864840262743,-0.17017478579484427,-0.3073981822577043,3,CUTI_33N,0,1
-0.1108379644202958,0.16416251979421295,-0.3858384486348045,3,CUTI_39N,0,0
-0.12805272117570476,0.4343242497806767,-0.6904296921320862,3,OC_LUSI_33N,0,0
0.10158320667215523,0.5456331214883533,-0.34246670814404295,3,OC_STI_33N,0,0
0.003611926690040207,0.1566681672647439,-0.1494443138846635,3,RREAS_Myctophids,0,0
0.0276012639080227,0.5824049140206935,-0.527202386204648,3,RREAS_YOYsardine,0,0
-0.016329682023152103,0.3417733258754084,-0.37443268992171264,3,age1SprSardmeanWAA,0,0
0.026770756689867725,0.5725173981287885,-0.518975884749053,3,meanSSBwt,0,0
-0.18082496134254292,0.24421766582310997,-0.6058675885081959,3,ZM_NorCal,0,0
-0.09413238086096383,0.21357593893339613,-0.4018407006553236,3,ZM_SoCal,0,0
0.2567295874839172,0.28535597451020656,0.2281032004576279,3,sardRec,0,1
0.047240779181148565,0.11277454196470132,-0.01829298360240414,3,anchBioSmrySeas1,0,0
0.06703534137984021,0.5981390932273644,-0.4640684104676839,3,summerSST,0,0
0.0860120964468065,0.30816604299618244,-0.13614185010256952,3,avgOffTransspring,0,0
0.019541742489594803,0.27991762493894823,-0.2408341399597586,3,avgOffTranssummer,0,0
-0.1381904312767458,0.04099449407828802,-0.3173753566317796,3,sprRelOffTrans,0,0
-0.17341241340186986,0.38185279607866346,-0.7286776228824032,3,sumRelOffTrans,0,0
0.013897199492141299,0.39507316740745735,-0.3672787684231748,3,meanK,0,0
-0.13044138669657457,0.1259007538468367,-0.3867835272399858,3,OC_LUSI_39N,0,0
-0.03582343997796922,0.5076368378337451,-0.5792837177896835,3,sardSpawnHab,0,0
0.10157737650555887,0.34583899305972315,-0.14268424004860542,3,sardNurseHab,0,0
0.13041462138478044,0.6021632232113371,-0.3413339804417763,3,springSST,0,0
-0.13873086769301052,0.038385793916639106,-0.3158475293026601,3,randTest,0,0
0.18347149028483947,0.10842503644966653,0.2585179441200124,4,NCOPspring,0,1
0.22812583362066743,0.028748584768989373,0.4275030824723455,4,NCOPsummerlag1,0,1
-0.1217210453112422,-0.33652519558449034,0.09308310496200595,4,BEUTI_33N,0,0
-0.01224117060093266,0.07072921005210173,-0.09521155125396713,4,BEUTI_39N,0,0
-0.09984168662930451,-0.15879399806957065,-0.0408893751890384,4,CUTI_33N,0,1
-0.06732813828914733,-0.1363405678741396,0.0016842912958449086,4,CUTI_39N,0,0
-0.4862763179502946,-0.5418473173691747,-0.43070531853141436,4,OC_LUSI_33N,0,1
0.3736280262838084,0.3251118565345354,0.4221441960330813,4,OC_STI_33N,0,1
-0.26765027756284976,-0.36362663753108965,-0.17167391759460982,4,RREAS_Myctophids,0,1
0.4076536718109909,0.4067145275709282,0.4085928160510535,4,RREAS_YOYsardine,0,1
0.3488835505462705,0.4695878247071737,0.2281792763853673,4,age1SprSardmeanWAA,0,1
0.4800383956063077,0.35273388373727416,0.6073429074753411,4,meanSSBwt,0,1
-0.17186182553182383,-0.2881475822704382,-0.05557606879320948,4,ZM_NorCal,0,1
-0.0985413301592992,-0.247149985726066,0.05006732540746767,4,ZM_SoCal,0,0
-0.0467535801546619,-0.046128716114722634,-0.04737844419460119,4,sardRec,0,1
0.028056038169983644,0.2729582175197301,-0.2168461411797629,4,anchBioSmrySeas1,0,0
0.32562141488949453,0.20740389768332285,0.44383893209566616,4,summerSST,0,1
0.12222759709967844,0.3081662551626775,-0.06371106096332063,4,avgOffTransspring,0,0
0.35254939968043886,0.23648523022581958,0.4686135691350581,4,avgOffTranssummer,0,1
-0.08702481412409276,-0.011757059136615705,-0.16229256911156978,4,sprRelOffTrans,0,1
-0.5263218442253897,-0.7522902546420576,-0.3003534338087218,4,sumRelOffTrans,0,1
0.25302537970592254,0.06885782698861109,0.437192932423234,4,meanK,0,1
-0.12001564064642424,-0.1515770055209126,-0.08845427577193585,4,OC_LUSI_39N,0,1
-0.601599879583651,-0.6684762175270835,-0.5347235416402185,4,sardSpawnHab,0,1
-0.013450874326991491,-0.05167204549363391,0.024770296839650922,4,sardNurseHab,0,0
0.188030468180101,0.11728510869526299,0.258775827664939,4,springSST,0,1
-0.25781159466362685,-0.37758618235888025,-0.13803700696837343,4,randTest,0,1
-0.6252737090915134,-0.36796111081874,-0.8825863073642868,1,NCOPspring,0,1
-0.5508540239004628,-0.24194553046942488,-0.8597625173315007,1,NCOPsummerlag1,0,1
-0.02260235454016775,0.20922867929579156,-0.25443338837612706,1,BEUTI_33N,0,0
-0.5491482917283056,-0.38778267229423863,-0.7105139111623728,1,BEUTI_39N,0,1
-0.11655650989674018,0.10580932976313975,-0.33892234955662015,1,CUTI_33N,0,0
-0.5232692748838339,-0.35374000677755296,-0.6927985429901146,1,CUTI_39N,0,1
-0.13178731878317712,0.02290274955875378,-0.28647738712510795,1,OC_LUSI_33N,0,0
0.12411940599082447,0.2630139030888189,-0.014775091107169971,1,OC_STI_33N,0,0
0.32182307532616905,0.5413997372491631,0.10224641340317497,1,RREAS_Myctophids,0,1
0.3048581874330637,0.468718732473744,0.1409976423923835,1,RREAS_YOYsardine,0,1
0.00230322848400712,0.22873431383918635,-0.22412785687117234,1,age1SprSardmeanWAA,0,0
0.003166799633955192,0.26373711127508986,-0.2574035120071796,1,meanSSBwt,0,0
-0.6333371277688901,-0.44731743821522185,-0.8193568173225582,1,ZM_NorCal,0,1
-0.45915916941842844,-0.24565295017639943,-0.6726653886604574,1,ZM_SoCal,0,1
0.18685113039191012,0.4085461332161294,-0.034843872432309166,1,sardRec,0,0
-0.20799717365728143,-0.018654347922105782,-0.3973399993924571,1,anchBioSmrySeas1,0,1
0.4430104186563514,0.6211880402179818,0.26483279709472096,1,summerSST,0,1
0.14540796339217157,0.2583549354550051,0.032460991329338024,1,avgOffTransspring,0,1
-0.33277498477089545,-0.12460029596212044,-0.5409496735796705,1,avgOffTranssummer,0,1
-0.08410502474883282,0.065984803061943,-0.2341948525596085,1,sprRelOffTrans,0,0
-0.006898612538584148,0.2262715142094735,-0.2400687392866418,1,sumRelOffTrans,0,0
0.16733275641623757,0.41996545020949794,-0.0852999373770228,1,meanK,0,0
-0.28774018758834513,-0.13321976494055576,-0.4422606102361345,1,OC_LUSI_39N,0,1
0.3320020633146712,0.5741732918226796,0.08983083480666287,1,sardSpawnHab,0,1
0.6109948653447543,0.8415188975862071,0.38047083310330165,1,sardNurseHab,0,1
0.6670549501179152,0.8556238128842277,0.4784860873516027,1,springSST,0,1
-0.13955946757491222,0.04282197447404054,-0.32194090962386496,1,randTest,0,0
0.10848057724174728,0.0638386567734121,0.15312249771008246,2,NCOPspring,0,1
9.679974430928939e-4,0.09371675515421125,-0.09178076026802551,2,NCOPsummerlag1,0,0
0.03991365764196898,0.34094720098151476,-0.26111988569757677,2,BEUTI_33N,0,0
0.18721970736868285,0.19490445997322664,0.17953495476413894,2,BEUTI_39N,0,1
-0.0966592208541941,0.1279861496814489,-0.3213045913898371,2,CUTI_33N,0,0
0.08490289141570903,0.18756496946512813,-0.017759186633710053,2,CUTI_39N,0,0
0.0834439250448043,0.3800631898430144,-0.2131753397534058,2,OC_LUSI_33N,0,0
-0.060959794616861546,0.16411843228707584,-0.2860380215207989,2,OC_STI_33N,0,0
-0.17046560415944884,0.10886943224718301,-0.44980064056608066,2,RREAS_Myctophids,0,0
-0.10173913168296553,0.17235789268488877,-0.3758361560508199,2,RREAS_YOYsardine,0,0
-0.1874505669638126,-0.16179586355441694,-0.2131052703732082,2,age1SprSardmeanWAA,0,1
-0.03144496856603182,0.31902468795623773,-0.38191462508830154,2,meanSSBwt,0,0
0.08820747672129406,0.31333500023083655,-0.13692004678824832,2,ZM_NorCal,0,0
-0.09344540625372855,0.253759610499304,-0.4406504230067612,2,ZM_SoCal,0,0
0.06682921290766357,0.1528978531588133,-0.01923942734348616,2,sardRec,0,0
0.38690008830122163,0.4098758141952996,0.36392436240714365,2,anchBioSmrySeas1,0,1
-0.040471145146476845,0.2949594307715761,-0.37590172106452985,2,summerSST,0,0
-0.14440110768815073,-0.07619705134438831,-0.2126051640319132,2,avgOffTransspring,0,1
0.0813251618840996,0.3861732172405197,-0.22352289347232038,2,avgOffTranssummer,0,0
0.09428977692080848,0.22125561006692265,-0.03267605622530567,2,sprRelOffTrans,0,0
-0.051293895405907425,0.48615124663124415,-0.5887390374430589,2,sumRelOffTrans,0,0
0.07777955065100585,0.42366685055612907,-0.2681077492541174,2,meanK,0,0
0.03964754042802676,0.24212886791245317,-0.16283378705639961,2,OC_LUSI_39N,0,0
0.051919544378407484,0.43024983376892245,-0.32641074501210743,2,sardSpawnHab,0,0
-0.06691385081788614,0.03433993096938784,-0.16816763260516016,2,sardNurseHab,0,0
-0.08919163301382532,0.16801795322371588,-0.34640121925136647,2,springSST,0,0
0.0022027184274748257,0.2840703366183156,-0.279664899763366,2,randTest,0,0
-0.22547789473463542,-0.1326892453741159,-0.318266544095155,3,NCOPspring,0,1
-0.1290911337784909,-0.12528691189720326,-0.13289535565977859,3,NCOPsummerlag1,0,1
-0.2832263024832912,-0.11344817819870538,-0.4530044267678771,3,BEUTI_33N,0,1
-0.18373882516695486,0.11554202336014094,-0.48301967369405063,3,BEUTI_39N,0,0
-0.27966619004098203,-0.10430602040730695,-0.45502635967465715,3,CUTI_33N,0,1
-0.1314192270243314,0.15588513086632338,-0.41872358491498624,3,CUTI_39N,0,0
-0.18770023104881406,0.3708159645593775,-0.7462164266570056,3,OC_LUSI_33N,0,0
0.14710333967273745,0.5696924573606195,-0.2754857780151446,3,OC_STI_33N,0,0
-0.00287792438760354,0.22320331155873344,-0.22895916033394056,3,RREAS_Myctophids,0,0
0.09045391477105458,0.669885250390329,-0.48897742084821993,3,RREAS_YOYsardine,0,0
5.483788298658084e-4,0.4091756009774381,-0.40807884331770633,3,age1SprSardmeanWAA,0,0
0.058740291591121874,0.6395348302548757,-0.5220542470726319,3,meanSSBwt,0,0
-0.2436491335511777,0.19278731111922828,-0.6800855782215836,3,ZM_NorCal,0,0
-0.12873281696259167,0.18590766218328686,-0.4433732961084702,3,ZM_SoCal,0,0
0.2977008959032915,0.40030788292636615,0.1950939088802169,3,sardRec,0,1
0.0034301817548737096,0.30635054641918663,-0.2994901829094392,3,anchBioSmrySeas1,0,0
0.12683358253138455,0.6404328137909844,-0.3867656487282154,3,summerSST,0,0
0.18638472203561954,0.5547735425348266,-0.18200409846358748,3,avgOffTransspring,0,0
0.057558961207192824,0.34316234609749346,-0.22804442368310776,3,avgOffTranssummer,0,0
-0.2246664853644687,0.025763610901660097,-0.47509658163059754,3,sprRelOffTrans,0,0
-0.25905026811986215,0.26908311921332184,-0.787183655453046,3,sumRelOffTrans,0,0
0.006510714865059601,0.3810222210895379,-0.3680007913594187,3,meanK,0,0
-0.21082929423615882,0.09625019469656253,-0.5179087831688802,3,OC_LUSI_39N,0,0
-0.06330233035021805,0.6168922179666216,-0.7434968786670576,3,sardSpawnHab,0,0
0.15797443182825893,0.4148477844362729,-0.09889892077975507,3,sardNurseHab,0,0
0.21206274870311698,0.7019036687302435,-0.2777781713240096,3,springSST,0,0
-0.2595695125995667,0.03427967923042331,-0.5534187044295564,3,randTest,0,0
0.0019739738000138034,0.0011616442233522127,0.0027863033766753944,4,NCOPspring,0,1
-0.0754801801713585,0.042997833872646704,-0.19395819421536373,4,NCOPsummerlag1,0,0
0.06505583937607202,0.29460303106663166,-0.1644913523144876,4,BEUTI_33N,0,0
0.14125199482165102,0.6473348877973606,-0.36483089815405856,4,BEUTI_39N,0,0
0.10144117960657778,0.6051295575312736,-0.402247198318118,4,CUTI_33N,0,0
0.1736136990263405,0.6386374566406079,-0.29141005858792696,4,CUTI_39N,0,0
0.43533551140754834,1.2545163903456145,-0.3838453675305178,4,OC_LUSI_33N,0,0
-0.3214472085602247,0.2975402427582789,-0.9404346598787283,4,OC_STI_33N,0,0
0.17958195967162738,0.6439504768744739,-0.2847865575312191,4,RREAS_Myctophids,0,0
-0.4632643287915343,0.483440129869005,-1.4099687874520734,4,RREAS_YOYsardine,0,0
-0.25882156024984393,0.48546358086263885,-1.0031067013623267,4,age1SprSardmeanWAA,0,0
-0.47025463492705016,0.4442934394869328,-1.3848027093410331,4,meanSSBwt,0,0
0.2957376407899444,0.9388654882744503,-0.34739020669456144,4,ZM_NorCal,0,0
0.21206885421975186,0.6961691771518534,-0.2720314687123498,4,ZM_SoCal,0,0
0.053326158799641206,0.5776848406098841,-0.4710325230106017,4,sardRec,0,0
0.08105976901374462,0.9956191149504365,-0.8334995769229473,4,anchBioSmrySeas1,0,0
-0.4085298098284843,0.4040980805261686,-1.2211577001831373,4,summerSST,0,0
-0.21260294573137845,0.28742536216410686,-0.7126312536268637,4,avgOffTransspring,0,0
-0.24583208611186763,0.2145691073852331,-0.7062332796089683,4,avgOffTranssummer,0,0
0.11549916466430935,0.4681318690088059,-0.23713353968018724,4,sprRelOffTrans,0,0
0.45303797335252016,1.2378181607127638,-0.3317422140077234,4,sumRelOffTrans,0,0
-0.2854557604318435,0.30615016385254334,-0.8770616847162302,4,meanK,0,0
0.2074662792391353,0.6417954247588793,-0.22686286628060864,4,OC_LUSI_39N,0,0
0.5631913791664501,1.5985427462230195,-0.47215998789011937,4,sardSpawnHab,0,0
-0.11941505129039508,0.2875327494048716,-0.5263628519856618,4,sardNurseHab,0,0
-0.3496493105632712,0.398559430874759,-1.0978580520013015,4,springSST,0,0
0.2117312452797192,0.6546706419397328,-0.23120815138029435,4,randTest,0,0
-0.6212021708452938,-0.36331601605840214,-0.8790883256321856,1,NCOPspring,0,1
-0.5362463776856028,-0.24320811188597086,-0.8292846434852347,1,NCOPsummerlag1,0,1
-0.03871062009615652,0.28601080720939415,-0.36343204740170715,1,BEUTI_33N,0,0
-0.5642159540776907,-0.3334697669582899,-0.7949621411970915,1,BEUTI_39N,0,1
-0.1460174976911414,0.1635915059684638,-0.4556265013507466,1,CUTI_33N,0,0
-0.5441349917791067,-0.2815691599386239,-0.8067008236195896,1,CUTI_39N,0,1
-0.21516690692600743,0.2300198819628508,-0.6603536958148657,1,OC_LUSI_33N,0,0
0.19080825467629417,0.5495085060777812,-0.16789199672519298,1,OC_STI_33N,0,0
0.28458671383429385,0.6132811728736396,-0.044107745205051785,1,RREAS_Myctophids,0,0
0.39011138340334794,0.8105518234253613,-0.030329056618665418,1,RREAS_YOYsardine,0,0
-0.04305328720458532,0.3655839622454278,-0.45169053665459835,1,age1SprSardmeanWAA,0,0
0.027384948390075076,0.641332373503703,-0.5865624767235529,1,meanSSBwt,0,0
-0.6861795555187524,-0.2965522977183796,-1.0758068133191254,1,ZM_NorCal,0,1
-0.5023883764877946,-0.11085076052531943,-0.8939259924502696,1,ZM_SoCal,0,1
0.18892773531237284,0.43483409966183967,-0.05697862903709394,1,sardRec,0,0
-0.20147409445930992,0.03978046001047009,-0.4427286489290898,1,anchBioSmrySeas1,0,0
0.5151182976377388,0.9326151316039413,0.09762146367153635,1,summerSST,0,1
0.1914502379836381,0.41547871774186507,-0.03257824177458875,1,avgOffTransspring,0,0
-0.27704416256223796,0.043229388591490385,-0.5973177137159662,1,avgOffTranssummer,0,0
-0.12205395475143678,0.11226701026593633,-0.3563749197688099,1,sprRelOffTrans,0,0
-0.10667408686944166,0.38475659857522104,-0.5981047723141043,1,sumRelOffTrans,0,0
0.17885569401151433,0.6962675148149035,-0.33855612679187475,1,meanK,0,0
-0.337330480774966,-0.01687733266649727,-0.6577836288834348,1,OC_LUSI_39N,0,1
0.2292512533766544,0.7809529577684216,-0.3224504510151129,1,sardSpawnHab,0,0
0.620339087133696,0.9518831414352372,0.2887950328321547,1,sardNurseHab,0,1
0.7302219981052982,1.144927049794044,0.31551694641655237,1,springSST,0,1
5.613055981132167e-4,0.2636843578361762,-0.2625617466399498,1,randTest,0,0
0.1399795805104105,0.08186839310520413,0.1980907679156169,2,NCOPspring,0,1
0.04039092815521099,0.10750604071847615,-0.026724184408054186,2,NCOPsummerlag1,0,0
0.03697095969472644,0.07962339645460942,-0.005681477065156537,2,BEUTI_33N,0,0
0.18540982452739804,-0.06958650218439508,0.44040615123919113,2,BEUTI_39N,0,0
-0.09902500296151909,-0.15522431787569735,-0.042825688047340854,2,CUTI_33N,0,1
0.07163700837515427,-0.06273548812291421,0.20600950487322278,2,CUTI_39N,0,0
0.033231402725057924,-0.27900897476503117,0.34547178021514713,2,OC_LUSI_33N,0,0
-0.027461444703346827,-0.26855401259461187,0.21363112318791821,2,OC_STI_33N,0,0
-0.1960514976491673,-0.2565187883315376,-0.13558420696679707,2,RREAS_Myctophids,0,1
-0.058092160812315996,-0.3818109204036758,0.26562659877904393,2,RREAS_YOYsardine,0,0
-0.13461816402903665,-0.6352498953238523,0.36601356726577894,2,age1SprSardmeanWAA,0,0
0.03661431770954393,-0.2921023836420449,0.36533101906113274,2,meanSSBwt,0,0
0.07171687060584098,-0.12430396855888903,0.267737709770571,2,ZM_NorCal,0,0
-0.11171628729785293,-0.18366121064269525,-0.03977136395301055,2,ZM_SoCal,0,1
0.044680005556853086,-0.026729121576324816,0.11608913269003104,2,sardRec,0,0
0.38006758428158727,-0.04445902788236866,0.8045941964455432,2,anchBioSmrySeas1,0,0
-0.007255903559806404,-0.18944551223880787,0.1749337051191951,2,summerSST,0,0
-0.13384339810640689,-0.4627359929568509,0.19504919674403712,2,avgOffTransspring,0,0
0.10692691551276598,0.04329466370704529,0.17055916731848667,2,avgOffTranssummer,0,1
0.09994942251686129,-0.12522937707070217,0.3251282221044247,2,sprRelOffTrans,0,0
-0.08696140326551521,-0.18788117816849625,0.013958371637465886,2,sumRelOffTrans,0,0
0.11786725943991466,0.015993353272366402,0.21974116560746298,2,meanK,0,1
0.036299409320194445,-0.12719928595214974,0.19979810459253858,2,OC_LUSI_39N,0,0
-0.028843605790345644,-0.40159019101915494,0.34390297943846365,2,sardSpawnHab,0,0
-0.07142809608439349,-0.23044667048837722,0.08759047831959021,2,sardNurseHab,0,0
-0.07365210145768455,-0.30330788205948434,0.15600367914411523,2,springSST,0,0
-0.0569281748601949,-0.33774965444580063,0.2238933047254108,2,randTest,0,0
0.20114526472193184,0.1176417270537595,0.2846488023901042,3,NCOPspring,0,1
0.12028261118803951,0.11370484954152982,0.1268603728345492,3,NCOPsummerlag1,0,1
0.24580707204454502,0.5322621184256245,-0.04064797433653447,3,BEUTI_33N,0,0
0.15457588777975384,0.3199737957478072,-0.010822020188299475,3,BEUTI_39N,0,0
0.25168955149798217,0.6002229158769652,-0.09684381288100077,3,CUTI_33N,0,0
0.10968742427317747,0.3102410032559855,-0.09086615470963058,3,CUTI_39N,0,0
0.14399440886788603,0.9664637844306477,-0.6784749666948758,3,OC_LUSI_33N,0,0
-0.11315127311024209,0.5039269715249962,-0.7302295177454805,3,OC_STI_33N,0,0
-0.020794155163209434,0.37000169878530614,-0.41159000911172494,3,RREAS_Myctophids,0,0
-0.043135142153424136,0.7094546932068003,-0.7957249775136486,3,RREAS_YOYsardine,0,0
0.00687884985562829,0.5667422666069409,-0.5529845668956843,3,age1SprSardmeanWAA,0,0
-0.028504571880186937,0.9555047978122223,-1.012513941572596,3,meanSSBwt,0,0
0.2087908105938328,0.7330998781807322,-0.31551825699306657,3,ZM_NorCal,0,0
0.11881224675019963,0.6417897665242207,-0.4041652730238213,3,ZM_SoCal,0,0
-0.2791593903865168,-0.09226540990231083,-0.4660533708707228,3,sardRec,0,1
-0.01803115317629215,0.337365762436639,-0.3734280687892234,3,anchBioSmrySeas1,0,0
-0.08019809465791683,0.5919900013476096,-0.7523861906634431,3,summerSST,0,0
-0.1402070509819338,0.18409193236987348,-0.4645060343337411,3,avgOffTransspring,0,0
-0.005216204951471626,0.3848860737758732,-0.39531848367881656,3,avgOffTranssummer,0,0
0.18335038584448735,0.4668339403096739,-0.10013316862069922,3,sprRelOffTrans,0,0
0.17510325532872434,0.9963799260366337,-0.6461734153791848,3,sumRelOffTrans,0,0
-0.0037834702804898507,0.7278277537351586,-0.7353946942961385,3,meanK,0,0
0.17572465033489,0.6388328409522204,-0.28738354028244045,3,OC_LUSI_39N,0,0
0.005526170178759476,0.9488935810697536,-0.9378412407122345,3,sardSpawnHab,0,0
-0.1434785944373207,0.1273239459674319,-0.4142811348420733,3,sardNurseHab,0,0
-0.1668705789169208,0.43685326816569675,-0.7705944259995383,3,springSST,0,0
-0.040532436362478164,0.378305596780199,-0.4593704695051553,3,randTest,0,0
-0.04495903467318281,-0.02629472035016487,-0.06362334899620074,4,NCOPspring,0,1
-0.10378371973633475,0.024964291203348653,-0.23253173067601815,4,NCOPsummerlag1,0,0
0.05592874026545983,0.22567499034592098,-0.1138175098150013,4,BEUTI_33N,0,0
0.04677312141454143,0.440568031321556,-0.34702178849247306,4,BEUTI_39N,0,0
0.09530904791232066,0.5967874922365117,-0.40616939641187044,4,CUTI_33N,0,0
0.04387095444469023,0.33677151797289173,-0.24902960908351127,4,CUTI_39N,0,0
0.42848362971173604,1.1796755839642274,-0.32270832454075526,4,OC_LUSI_33N,0,0
-0.31871055907263235,0.25684708341851376,-0.8942682015637784,4,OC_STI_33N,0,0
0.17415359115901247,0.5958304676120683,-0.24752328529404338,4,RREAS_Myctophids,0,0
-0.3770721467308833,0.4107695757818925,-1.1649138692436591,4,RREAS_YOYsardine,0,0
-0.38340912561085383,0.4738090672064064,-1.240627318428114,4,age1SprSardmeanWAA,0,0
-0.5308536326057964,0.3949437289099005,-1.4566509941214933,4,meanSSBwt,0,0
0.19885404416794947,0.6936506093625499,-0.295942521026651,4,ZM_NorCal,0,0
0.12550641866297113,0.5699026409062706,-0.31888980358032837,4,ZM_SoCal,0,0
0.03556648799127245,0.5507515352501378,-0.4796185592675928,4,sardRec,0,0
0.07640136484561927,1.0222288251782121,-0.8694260954869735,4,anchBioSmrySeas1,0,0
-0.2787677032122336,0.3091105448924029,-0.86664595131687,4,summerSST,0,0
-0.18949802948147082,0.2588592950552474,-0.637855354018189,4,avgOffTransspring,0,0
-0.21561001005715316,0.1262093719153059,-0.5574293920296123,4,avgOffTranssummer,0,0
0.14019191228925132,0.4796352437929091,-0.19925141921440642,4,sprRelOffTrans,0,0
0.377134643959943,0.9586049714557132,-0.20433568353582715,4,sumRelOffTrans,0,0
-0.31166100193703544,0.25606427755979505,-0.879386281433866,4,meanK,0,0
0.20619839417961033,0.6205215087912471,-0.2081247204320265,4,OC_LUSI_39N,0,0
0.5574648995695548,1.479196975781523,-0.36426717664241326,4,sardSpawnHab,0,0
-0.07366816305226725,0.27952472514480786,-0.42686105124934237,4,sardNurseHab,0,0
-0.23783284218180945,0.3449229365640317,-0.8205886209276507,4,springSST,0,0
-0.2592016039872892,0.24704993519031782,-0.7654531431648963,4,randTest,0,0
-0.5938051802464034,-0.34625694694947995,-0.8413534135433268,1,NCOPspring,0,1
-0.5022874015789803,-0.2999182922087314,-0.7046565109492293,1,NCOPsummerlag1,0,1
0.011780619473945556,0.0011062196393544776,0.022455019308536606,1,BEUTI_33N,0,1
-0.4607302335112644,-0.5588223288753935,-0.36263813814713525,1,BEUTI_39N,0,1
-0.03535517853824301,-0.12668485798608814,0.05597450090960211,1,CUTI_33N,0,0
-0.39863791330402776,-0.4757638482502199,-0.32151197835783557,1,CUTI_39N,0,1
0.021278251959711655,-0.3108600064616775,0.3534165103811008,1,OC_LUSI_33N,0,0
6.070836042785938e-4,-0.23633125041229214,0.23754541762084933,1,OC_STI_33N,0,0
0.36269866883483887,0.2820021095221897,0.4433952281474879,1,RREAS_Myctophids,0,1
0.11107887985656026,-0.221403297800218,0.44356105751333863,1,RREAS_YOYsardine,0,0
0.009834215088378048,-0.17366265940771955,0.19333108958447565,1,age1SprSardmeanWAA,0,0
-0.10062715410442985,-0.3622042643085811,0.1609499560997214,1,meanSSBwt,0,0
-0.48750843032915425,-0.6669476698595385,-0.3080691907987698,1,ZM_NorCal,0,1
-0.3261436417356712,-0.4755781609085957,-0.17670912256274673,1,ZM_SoCal,0,1
0.18037021294213024,0.14387306855024237,0.21686735733401813,1,sardRec,0,1
-0.2056877371118535,-0.481902864657218,0.07052739043351103,1,anchBioSmrySeas1,0,0
0.26764139284503735,0.0030903822305691497,0.5321924034595056,1,summerSST,0,1
0.08553990797662937,-0.08595321104945582,0.2570330270027145,1,avgOffTransspring,0,0
-0.38564749148552835,-0.4768959980517425,-0.29439898491931427,1,avgOffTranssummer,0,1
-0.03518845830896821,-0.12257580384868214,0.05219888723074573,1,sprRelOffTrans,0,0
0.17407970942624837,-0.12931099074951133,0.47747040960200804,1,sumRelOffTrans,0,0
0.061510634409420395,-0.06470204893876208,0.18772331775760287,1,meanK,0,0
-0.1976215166936239,-0.3165539204020224,-0.07868911298522538,1,OC_LUSI_39N,0,1
0.49928086139190225,0.16644175869868383,0.8321199640851207,1,sardSpawnHab,0,1
0.5400630264930801,0.5502265696645332,0.529899483321627,1,sardNurseHab,0,1
0.48650906767420665,0.2644754842348916,0.7085426511135217,1,springSST,0,1
0.25953651030208147,0.2258849513537445,0.29318806925041835,1,randTest,0,1
-0.03977138231506696,-0.02319130562428103,-0.056351459005852894,2,NCOPspring,0,1
0.05854234115199553,0.22642983136534023,-0.10934514906134915,2,NCOPsummerlag1,0,0
-0.04866797910211261,0.2208021287739104,-0.31813808697813556,2,BEUTI_33N,0,0
-0.15632371904434136,-0.03183300130176969,-0.28081443678691304,2,BEUTI_39N,0,1
0.09567239097987992,0.5953278913826032,-0.4039831094228432,2,CUTI_33N,0,0
-0.052673961302385094,0.19149919615736358,-0.2968471187621337,2,CUTI_39N,0,0
-0.1563490907433243,0.38507472650957386,-0.6977729079962223,2,OC_LUSI_33N,0,0
0.11127587774292612,0.5351837392348422,-0.31263198374899,2,OC_STI_33N,0,0
0.11463015042879202,0.49274484144933794,-0.2634845405917539,2,RREAS_Myctophids,0,0
0.14271907170975454,0.6857123424568171,-0.40027419903730793,2,RREAS_YOYsardine,0,0
0.2693903802807761,0.48065244964018006,0.05812831092137212,2,age1SprSardmeanWAA,0,1
0.13927354217293553,0.6887553538660339,-0.410208269520163,2,meanSSBwt,0,0
-0.09161061203038082,0.29601115951118906,-0.4792323835719508,2,ZM_NorCal,0,0
0.09087936061379157,0.5272778628590233,-0.34551914163144004,2,ZM_SoCal,0,0
-0.07571031415366493,0.2401103493713872,-0.3915309776787171,2,sardRec,0,0
-0.37306809559012544,-0.17487430013178773,-0.5712618910484631,2,anchBioSmrySeas1,0,1
0.07141923804724225,0.5867220874408593,-0.4438836113463747,2,summerSST,0,0
0.17203739258184159,0.3467804921657147,-0.002705707002031583,2,avgOffTransspring,0,0
-0.016114773622260006,0.3709276922874121,-0.4031572395319321,2,avgOffTranssummer,0,0
-0.1076299669252086,0.06931293224532627,-0.2845728660957436,2,sprRelOffTrans,0,0
-0.013817775328905903,0.7095813074738646,-0.7372168581316764,2,sumRelOffTrans,0,0
-0.03144954703457746,0.40475240029676834,-0.4676514943659234,2,meanK,0,0
-0.05778708881520707,0.2444358670319853,-0.3600100446623994,2,OC_LUSI_39N,0,0
-0.1636550033543479,0.49043402876973247,-0.8177440354784282,2,sardSpawnHab,0,0
0.0437387797978291,0.23368133174416178,-0.14620377214850366,2,sardNurseHab,0,0
0.09221682233668574,0.5387979534069555,-0.354364308733584,2,springSST,0,0
0.07990786144175156,0.36585729903496256,-0.2060415761514595,2,randTest,0,0
-0.22755823128395344,-0.1326927097283143,-0.3224237528395926,3,NCOPspring,0,1
-0.14388948051884531,0.015023366811959982,-0.3028023278496506,3,NCOPsummerlag1,0,0
-0.28508478392096054,0.2522273267182904,-0.8223968945602116,3,BEUTI_33N,0,0
-0.19676734388401734,0.3079221830719336,-0.7014568708399682,3,BEUTI_39N,0,0
-0.2936361016214528,0.10405399799247118,-0.6913262012353769,3,CUTI_33N,0,0
-0.16339751048194096,0.3986027393516803,-0.7253977603155622,3,CUTI_39N,0,0
-0.2134524325792022,0.9685693822640289,-1.3954742474224335,3,OC_LUSI_33N,0,0
0.17160988905243257,1.0811757505340334,-0.7379559724291683,3,OC_STI_33N,0,0
0.0017558151553050648,0.3658638657044207,-0.3623522353938107,3,RREAS_Myctophids,0,0
0.12294266892293695,1.3150372398895305,-1.0691519020436568,3,RREAS_YOYsardine,0,0
0.004299502964770947,0.7435438173462089,-0.7349448114166671,3,age1SprSardmeanWAA,0,0
0.07751413157714492,1.2687301506079007,-1.1137018874536109,3,meanSSBwt,0,0
-0.2652253908362861,0.6041336330011947,-1.1345844146737671,3,ZM_NorCal,0,0
-0.16096573849694773,0.46724275807818855,-0.7891742350720838,3,ZM_SoCal,0,0
0.28645328182503904,0.6175516568924836,-0.04464509324240537,3,sardRec,0,0
0.0042184961860369,0.528600277521251,-0.5201632851491773,3,anchBioSmrySeas1,0,0
0.1496439676283554,1.2070456691950042,-0.9077577339382935,3,summerSST,0,0
0.18225404683392846,0.7985003500213913,-0.43399225635353444,3,avgOffTransspring,0,0
0.046324396038449116,0.5617308693620751,-0.46908207728517687,3,avgOffTranssummer,0,0
-0.22258976443336134,0.27222233490941794,-0.7174018637761407,3,sprRelOffTrans,0,0
-0.27094339223992864,0.8244201621711876,-1.366306946651045,3,sumRelOffTrans,0,0
0.027288993835969916,0.7951020804973498,-0.74052409282541,3,meanK,0,0
-0.21438699854666715,0.40454492640726125,-0.8333189235005953,3,OC_LUSI_39N,0,0
-0.08058941544899974,1.271022220887153,-1.4322010517851522,3,sardSpawnHab,0,0
0.17067500860545676,0.641672276528084,-0.30032225931717055,3,sardNurseHab,0,0
0.2323706182521616,1.2158158940666834,-0.7510746575623604,3,springSST,0,0
-0.04401849566940656,0.2111332922881347,-0.29917028362694775,3,randTest,0,0
-0.19588486872248417,-0.11422348415569898,-0.27754625328926935,4,NCOPspring,0,1
-0.15896241068998035,-0.08093327358514608,-0.23699154779481457,4,NCOPsummerlag1,0,1
-0.07174120575299808,0.053498064647788564,-0.19698047615378472,4,BEUTI_33N,0,0
-0.31389022664005944,0.21237755413640574,-0.8401580074165247,4,BEUTI_39N,0,0
-0.15437537890272918,0.36378493648312443,-0.6725356942885827,4,CUTI_33N,0,0
-0.3504586154102905,-0.01725195884902249,-0.6836652719715585,4,CUTI_39N,0,1
-0.4680141624562231,0.07442724748050779,-1.010455572392954,4,OC_LUSI_33N,0,0
0.3636406634916828,0.7860055534433333,-0.058724226459967784,4,OC_STI_33N,0,0
-0.0429409904926541,0.4614205440347333,-0.5473025250200415,4,RREAS_Myctophids,0,0
0.5320554310114124,1.087980146425184,-0.023869284402358998,4,RREAS_YOYsardine,0,0
0.23367430608047723,1.084959528235817,-0.6176109160748627,4,age1SprSardmeanWAA,0,0
0.4459409414229894,1.0343371414295328,-0.14245525858355412,4,meanSSBwt,0,0
-0.5084839563099921,-0.06505222079998309,-0.9519156918200009,4,ZM_NorCal,0,1
-0.3991089278110735,0.09988503115276655,-0.8981028867749135,4,ZM_SoCal,0,0
0.040836578098914944,0.4478353338651546,-0.3661621776673248,4,sardRec,0,0
-0.10235090629412173,1.0062795039795094,-1.210981316567753,4,anchBioSmrySeas1,0,0
0.5363239177991175,0.9815651871214736,0.09108264847676133,4,summerSST,0,1
0.23094026433051398,0.7396089276810515,-0.2777283990200235,4,avgOffTransspring,0,0
0.08258160282588942,0.44715964440871075,-0.2819964387569319,4,avgOffTranssummer,0,0
-0.13492360984355733,0.2148085417230483,-0.48465576141016303,4,sprRelOffTrans,0,0
-0.41159903208612925,0.13541395572431897,-0.9586120198965775,4,sumRelOffTrans,0,0
0.3489058777240031,0.7955665047367311,-0.09775474928872485,4,meanK,0,0
-0.3015484324513305,0.016513582880801417,-0.6196104477834625,4,OC_LUSI_39N,0,0
-0.3743565220971587,0.24553277489281056,-0.994245819087128,4,sardSpawnHab,0,0
0.34138645644623133,0.7073929630815529,-0.024620050189090137,4,sardNurseHab,0,0
0.5650851553976831,1.0372762202297672,0.09289409056559886,4,springSST,0,1
-0.0032529022685738665,0.3829356866793752,-0.389441491216523,4,randTest,0,0
-0.6188674530254702,-0.3617065060066041,-0.8760284000443362,1,NCOPspring,0,1
-0.5465487875166908,-0.3594561015966706,-0.7336414734367108,1,NCOPsummerlag1,0,1
-0.03599715462801264,0.0325823192895764,-0.1045766285456017,1,BEUTI_33N,0,0
-0.5303305762218504,-0.4205955895563873,-0.6400655628873136,1,BEUTI_39N,0,1
-0.12118261885202038,-0.09281719639536616,-0.14954804130867458,1,CUTI_33N,0,1
-0.5006172805781961,-0.4231765158953663,-0.578058045261026,1,CUTI_39N,0,1
-0.09277257471812296,-0.12984776229724865,-0.05569738713899725,1,OC_LUSI_33N,0,1
0.09556399178659535,0.08647132818322957,0.10465665538996113,1,OC_STI_33N,0,1
0.34474780735301874,0.36856632902302655,0.32092928568301093,1,RREAS_Myctophids,0,1
0.24862844695231226,0.21258461266743553,0.2846722812371891,1,RREAS_YOYsardine,0,1
-0.06444708412414564,0.05073509225200422,-0.1796292605002955,1,age1SprSardmeanWAA,0,0
-0.044075268657609065,-0.03790548739647373,-0.05024504991874435,1,meanSSBwt,0,1
-0.6034267057638406,-0.5677192642446942,-0.6391341472829872,1,ZM_NorCal,0,1
-0.42912710239959684,-0.4285369762960475,-0.4297172285031462,1,ZM_SoCal,0,1
0.21507659604678966,0.27658246625357846,0.15357072584000084,1,sardRec,0,1
-0.1850164773871429,-0.14409486042049774,-0.2259380943537881,1,anchBioSmrySeas1,0,1
0.4014370739886858,0.36692299994783006,0.4359511480295415,1,summerSST,0,1
0.12877763138940693,0.1856381073944536,0.07191715538436029,1,avgOffTransspring,0,1
-0.3467770865912795,-0.32423428322155795,-0.369319889961001,1,avgOffTranssummer,0,1
-0.08858883258270547,-0.019409917894338147,-0.15776774727107282,1,sprRelOffTrans,0,1
0.01815448797191495,-0.04598490908726905,0.08229388503109882,1,sumRelOffTrans,0,0
0.10037962235499337,0.11200390938152395,0.08875533532846279,1,meanK,0,1
-0.2883948923178536,-0.25095951143850503,-0.32583027319720226,1,OC_LUSI_39N,0,1
0.3967123302534244,0.382224317210316,0.41120034329653277,1,sardSpawnHab,0,1
0.5918657002348003,0.7202506309596041,0.46348076950999667,1,sardNurseHab,0,1
0.6315809049566856,0.6510461854537302,0.6121156244596413,1,springSST,0,1
-0.24633732347343246,-0.16671545633315907,-0.32595919061370593,1,randTest,0,1
-0.10787768334964612,-0.06305075461591837,-0.15270461208337388,2,NCOPspring,0,1
0.0012555359514088843,0.19059096898104713,-0.18807989707822936,2,NCOPsummerlag1,0,0
-0.043066206647140115,0.08553115401248679,-0.17166356730676696,2,BEUTI_33N,0,0
-0.18145327863222302,0.04900539429635267,-0.41191195156079874,2,BEUTI_39N,0,0
0.09252003449322695,0.4363769581763234,-0.25133688918986946,2,CUTI_33N,0,0
-0.0797072126011813,0.12469208939537407,-0.2841065145977367,2,CUTI_39N,0,0
-0.08754236164623794,0.22708612426386096,-0.4021708475563369,2,OC_LUSI_33N,0,0
0.06244448499507639,0.30577240869782096,-0.18088343870766807,2,OC_STI_33N,0,0
0.15681704227430482,0.4269197924262217,-0.11328570787761204,2,RREAS_Myctophids,0,0
0.10744871301925868,0.47977624322796864,-0.2648788171894513,2,RREAS_YOYsardine,0,0
0.18492172630745882,0.5459749078908286,-0.17613145527591118,2,age1SprSardmeanWAA,0,0
0.04213033444629133,0.4393113074273872,-0.3550506385348046,2,meanSSBwt,0,0
-0.08125681369317533,0.16909450936330173,-0.33160813674965234,2,ZM_NorCal,0,0
0.10321966197515434,0.34643771502872556,-0.1399983910784169,2,ZM_SoCal,0,0
-0.07231503664357647,0.32840185721612003,-0.4730319305032729,2,sardRec,0,0
-0.3847759581263854,0.16491057301337525,-0.934462489266146,2,anchBioSmrySeas1,0,0
0.04429896036710751,0.35488979829882283,-0.2662918775646078,2,summerSST,0,0
0.1515261790739591,0.3451382947277979,-0.042085936579879746,2,avgOffTransspring,0,0
-0.06055147187143237,0.15789454848279028,-0.278997492225655,2,avgOffTranssummer,0,0
-0.10049921195310799,0.05577120414833159,-0.2567696280545476,2,sprRelOffTrans,0,0
0.032841146258902526,0.33827963961003,-0.27259734709222483,2,sumRelOffTrans,0,0
-0.07807518732587969,0.20981022855396259,-0.3659606032057219,2,meanK,0,0
-0.04325098653823098,0.13266359964040686,-0.2191655727168688,2,OC_LUSI_39N,0,0
-0.06677946368160184,0.35993412579314993,-0.49349305315635345,2,sardSpawnHab,0,0
0.058805039983042665,0.2685941229914178,-0.15098404302533236,2,sardNurseHab,0,0
0.08753238072253847,0.3721504883051562,-0.19708572686007925,2,springSST,0,0
0.012014051224956981,0.17981280750142709,-0.15578470505151312,2,randTest,0,0
-0.1826521540449621,-0.10675383255526322,-0.258550475534661,3,NCOPspring,0,1
-0.10085670623309886,0.05251127695993485,-0.25422468942613263,3,NCOPsummerlag1,0,0
-0.2607720564962022,0.1460259058931172,-0.6675700188855217,3,BEUTI_33N,0,0
-0.15457286668106082,0.34340240931036115,-0.6525481426724828,3,BEUTI_39N,0,0
-0.25155852295076947,0.2763615715131302,-0.7794786174146692,3,CUTI_33N,0,0
-0.10681079687321818,0.41661221894031714,-0.6302338126867534,3,CUTI_39N,0,0
-0.1665917282758933,0.9110447956871277,-1.2442282522389143,3,OC_LUSI_33N,0,0
0.12996963944549264,0.9416284573630184,-0.6816891784720333,3,OC_STI_33N,0,0
0.004660454052879591,0.5887327400847997,-0.5794118319790404,3,RREAS_Myctophids,0,0
0.06119875759791876,1.1820026585527759,-1.0596051433569382,3,RREAS_YOYsardine,0,0
0.019714897788073803,0.8489460545693336,-0.809516258993186,3,age1SprSardmeanWAA,0,0
0.05908411756667961,1.2651388370087686,-1.1469706018754093,3,meanSSBwt,0,0
-0.20698707171521555,0.5919241523199299,-1.005898295750361,3,ZM_NorCal,0,0
-0.11147473186267906,0.615822110135926,-0.8387715738612842,3,ZM_SoCal,0,0
0.27289180505897886,0.7033447253747598,-0.1575611152568019,3,sardRec,0,0
0.005925224494256025,0.7409706359902895,-0.7291201870017774,3,anchBioSmrySeas1,0,0
0.0902009177080711,1.0947093806737616,-0.9143075452576191,3,summerSST,0,0
0.16009030414614728,0.7645078752673463,-0.44432726697505176,3,avgOffTransspring,0,0
0.03358221921263967,0.6526717974951881,-0.5855073590699089,3,avgOffTranssummer,0,0
-0.19653895231787186,0.24158500387724938,-0.6346629085129931,3,sprRelOffTrans,0,0
-0.20583270814312327,0.873025152246247,-1.2846905685324932,3,sumRelOffTrans,0,0
0.009361176126986726,0.8992962759363048,-0.8805739236823313,3,meanK,0,0
-0.17664465610745367,0.37419936868868353,-0.7274886809035909,3,OC_LUSI_39N,0,0
-0.05227914386817886,1.2792372445122244,-1.3837955322485822,3,sardSpawnHab,0,0
0.1331256377397358,0.6228656063519299,-0.3566143308724584,3,sardNurseHab,0,0
0.16571727111099727,1.0621384077081697,-0.7307038654861749,3,springSST,0,0
-0.06329668695974455,0.2668999405467645,-0.39349331446625363,3,randTest,0,0
0.09255204322237996,0.05409345089013994,0.13101063555461998,4,NCOPspring,0,1
0.010244132250722071,-0.1338119668257647,0.15430023132720885,4,NCOPsummerlag1,0,0
0.08681754218198602,-0.08462890912072464,0.2582639934846967,4,BEUTI_33N,0,0
0.21331655095484978,0.4338147634338662,-0.007181661524166605,4,BEUTI_39N,0,0
0.13761812019942737,0.15125218892748718,0.12398405147136754,4,CUTI_33N,0,1
0.24036250423723005,0.3447736803231292,0.13595132815133087,4,CUTI_39N,0,1
0.47788749463554525,0.6457023439770456,0.31007264529404477,4,OC_LUSI_33N,0,1
-0.3551771814608541,-0.239319299565271,-0.4710350633564371,4,OC_STI_33N,0,1
0.14454904734570442,0.10032711399962224,0.18877098069178658,4,RREAS_Myctophids,0,1
-0.5042332656164414,-0.258246864784316,-0.7502196664485669,4,RREAS_YOYsardine,0,1
-0.30125838204073085,0.03674800377392079,-0.6392647678553827,4,age1SprSardmeanWAA,0,0
-0.49814993675977687,-0.35964275408914315,-0.6366571194304105,4,meanSSBwt,0,1
0.38195758794839235,0.4738236100041439,0.2900915658926409,4,ZM_NorCal,0,1
0.2884614431080852,0.21201066721601555,0.3649122190001547,4,ZM_SoCal,0,1
0.0233018097559781,0.14772424182806504,-0.10112062231610891,4,sardRec,0,0
0.10629411181822329,0.5343667584908578,-0.3217785348544113,4,anchBioSmrySeas1,0,0
-0.46062747778072277,-0.35241002414049244,-0.5688449314209532,4,summerSST,0,1
-0.2485627394554314,-0.02239027828572354,-0.4747352006251392,4,avgOffTransspring,0,1
-0.20198896296020682,-0.23812923054599008,-0.16584869537442348,4,avgOffTranssummer,0,1
0.13906108140816512,0.21552831988297763,0.0625938429333526,4,sprRelOffTrans,0,1
0.4529116236942044,0.4018767181439219,0.5039465292444869,4,sumRelOffTrans,0,1
-0.3458088867228784,-0.3937423733470131,-0.29787540009874364,4,meanK,0,1
0.241440231724365,0.27377174022498274,0.20910872322374718,4,OC_LUSI_39N,0,1
0.5311134947123346,0.740785631917265,0.3214413575074042,4,sardSpawnHab,0,1
-0.20969564067922403,-0.15572686022663523,-0.2636644211318128,4,sardNurseHab,0,1
-0.42940955322033975,-0.2996876406629786,-0.559131465777701,4,springSST,0,1
-0.0739247523832469,-0.0071443113607810305,-0.14070519340571278,4,randTest,0,1
-0.6246319699408273,-0.36856815239918245,-0.880695787482472,1,NCOPspring,0,1
-0.5461460193457535,-0.2945611322003237,-0.7977309064911833,1,NCOPsummerlag1,0,1
-0.031158306127401218,0.21325059379589925,-0.2755672060507017,1,BEUTI_33N,0,0
-0.5557609798845011,-0.1516065129842151,-0.959915446784787,1,BEUTI_39N,0,1
-0.1233789664475346,0.2066549673139889,-0.4534129002090582,1,CUTI_33N,0,0
-0.5356797881738593,-0.16922055035323721,-0.9021390259944815,1,CUTI_39N,0,1
-0.2085033794688551,0.4599962301351617,-0.8770029890728719,1,OC_LUSI_33N,0,0
0.19164184224766892,0.721610847676126,-0.3383271631807882,1,OC_STI_33N,0,0
0.27622427737187777,0.5780854482492749,-0.02563689350551944,1,RREAS_Myctophids,0,0
0.3910067164721458,0.9980447649180377,-0.21603133197374633,1,RREAS_YOYsardine,0,0
-0.0028605988128968737,0.6093199602204884,-0.6150411578462821,1,age1SprSardmeanWAA,0,0
0.03458787114518004,0.7931291039797033,-0.7239533616893431,1,meanSSBwt,0,0
-0.6684790160981956,-0.15021270455591781,-1.1867453276404734,1,ZM_NorCal,0,1
-0.4824158241625242,-0.05802548148043102,-0.9068061668446173,1,ZM_SoCal,0,1
0.16584623942072016,0.47491754750836923,-0.1432250686669289,1,sardRec,0,0
-0.2154822015106549,0.2656695797519521,-0.6966339827732619,1,anchBioSmrySeas1,0,0
0.5026377952788617,1.0891508269086057,-0.08387523635088234,1,summerSST,0,0
0.18488594110156836,0.5862184866998903,-0.21644660449675351,1,avgOffTransspring,0,0
-0.26146007317575237,0.020182216959535912,-0.5431023633110408,1,avgOffTranssummer,0,0
-0.11812524675654001,0.2034387754430624,-0.4396892689561424,1,sprRelOffTrans,0,0
-0.10306540448792156,0.40611193009779206,-0.6122427390736351,1,sumRelOffTrans,0,0
0.1885776826725098,0.6995828119750953,-0.3224274466300758,1,meanK,0,0
-0.3185928493726926,0.06392124753524847,-0.7011069462806336,1,OC_LUSI_39N,0,0
0.14978503823449946,0.6683237714542897,-0.36875369498529065,1,sardSpawnHab,0,0
0.5673264443156649,1.0574016723059043,0.07725121632542556,1,sardNurseHab,0,1
0.7076029278515317,1.303394587680409,0.11181126802265459,1,springSST,0,1
0.21919428139747443,0.5613738799587408,-0.12298531716379188,1,randTest,0,0
0.13656061295661173,0.08057847697530802,0.19254274893791543,2,NCOPspring,0,1
0.2511628891743699,0.38115836110373313,0.12116741724500668,2,NCOPsummerlag1,0,1
-0.09840590887257887,0.09317678253839735,-0.2899886002835551,2,BEUTI_33N,0,0
-0.06439504085485687,0.29642177784244345,-0.4252118595521571,2,BEUTI_39N,0,0
-0.05361046645182474,0.338166577160091,-0.44538751006374055,2,CUTI_33N,0,0
-0.059397649427096536,0.27209481710393496,-0.39089011595812806,2,CUTI_39N,0,0
-0.5710843694649546,0.12054777888671882,-1.262716517816628,2,OC_LUSI_33N,0,0
0.42632036445159394,0.9661598173132295,-0.11351908841004185,2,OC_STI_33N,0,0
-0.13342780515092606,0.18857385935105564,-0.45542946965290776,2,RREAS_Myctophids,0,0
0.41731645750561475,1.0649313745138178,-0.23029845950258832,2,RREAS_YOYsardine,0,0
0.401953362663216,0.9343863459511766,-0.13047962062474477,2,age1SprSardmeanWAA,0,0
0.6274306151730119,1.3845826270185153,-0.12972139667249155,2,meanSSBwt,0,0
-0.21819565655907586,0.2928829134428623,-0.7292742265610139,2,ZM_NorCal,0,0
-0.1735548261650028,0.28976477255771166,-0.6368744248877173,2,ZM_SoCal,0,0
-0.001925222921753813,0.3516964929787558,-0.35554693882226346,2,sardRec,0,0
-0.07023758643067292,0.5170707466193235,-0.6575459194806693,2,anchBioSmrySeas1,0,0
0.3757994975385355,1.016682946115571,-0.2650839510385001,2,summerSST,0,0
0.24476794218473633,0.6005035890750292,-0.11096770470555656,2,avgOffTransspring,0,0
0.22560654736715757,0.48982601756113275,-0.03861292282681751,2,avgOffTranssummer,0,0
-0.16545501501527193,0.11237412823379382,-0.44328415826433776,2,sprRelOffTrans,0,0
-0.4437484161974944,0.11079949042158148,-0.9982963228165702,2,sumRelOffTrans,0,0
0.315971892361674,0.8384966668470928,-0.20655288212374473,2,meanK,0,0
-0.21528802166142985,0.15768327921830574,-0.5882593225411654,2,OC_LUSI_39N,0,0
-0.46124901160100984,0.0284434525708481,-0.9509414757728676,2,sardSpawnHab,0,0
0.1791533585035649,0.6331279338262434,-0.2748212168191136,2,sardNurseHab,0,0
0.29489449523768374,0.9087767881027544,-0.3189877976273868,2,springSST,0,0
-0.30729147800993595,0.0034085871949507546,-0.6179915432148226,2,randTest,0,0
0.1985067325845803,0.11713018735564922,0.27988327781351136,3,NCOPspring,0,1
0.12637431649255915,-0.019835206312619744,0.272583839297738,3,NCOPsummerlag1,0,0
0.2519536008747159,0.31677578256047734,0.1871314191889544,3,BEUTI_33N,0,1
0.1580290797771945,0.31374900517739707,0.0023091543769919037,3,BEUTI_39N,0,1
0.25808921661082884,0.34607729528096176,0.17010113794069584,3,CUTI_33N,0,1
0.11904665720038851,0.2794496582707101,-0.04135634386993316,3,CUTI_39N,0,0
0.18101184794828942,0.6847399895763271,-0.3227162936797481,3,OC_LUSI_33N,0,0
-0.1399779365729279,0.2417802433960486,-0.5217361165419044,3,OC_STI_33N,0,0
-0.015982014750870945,0.0634653991036571,-0.09542942860539902,3,RREAS_Myctophids,0,0
-0.06436803462829063,0.36565326570270895,-0.4943893349592902,3,RREAS_YOYsardine,0,0
0.00722826218533964,0.26740870147274953,-0.2529521771020704,3,age1SprSardmeanWAA,0,0
-0.049627261772236295,0.43184949487508417,-0.5311040184195568,3,meanSSBwt,0,0
0.22324479444365491,0.5621903674386332,-0.11570077855132338,3,ZM_NorCal,0,0
0.1400338134867277,0.43879911571600755,-0.15873148874255205,3,ZM_SoCal,0,0
-0.283243345524961,-0.23393521697852127,-0.3325514740714007,3,sardRec,0,1
-0.02363994237007725,0.14627043617366392,-0.19355032091381838,3,anchBioSmrySeas1,0,0
-0.1097058771192288,0.3323988148936303,-0.5518105691320878,3,summerSST,0,0
-0.14990936926857734,0.07598117040283991,-0.37579990893999465,3,avgOffTransspring,0,0
-0.01185080619657876,0.08208785926315011,-0.10578947165630763,3,avgOffTranssummer,0,0
0.18548613536631547,0.330832152198512,0.04014011853411896,3,sprRelOffTrans,0,1
0.2001956559603625,0.5800273137347779,-0.1796360018140529,3,sumRelOffTrans,0,0
-0.020516830642517938,0.29133401863447494,-0.33236767991951077,3,meanK,0,0
0.18635215271577682,0.4298588674512562,-0.057154562019702544,3,OC_LUSI_39N,0,0
0.04379006433527925,0.3365576362826788,-0.2489775076121204,3,sardSpawnHab,0,0
-0.15037045979020658,0.11842274944226747,-0.41916366902268054,3,sardNurseHab,0,0
-0.1883483791090883,0.2312592802107965,-0.6079560384289731,3,springSST,0,0
0.027204428080596754,0.18619186651023753,-0.13178301034904408,3,randTest,0,0
0.14410814732951124,0.08503194867201357,0.20318434598700894,4,NCOPspring,0,1
0.0298748397631739,-0.1631328078019721,0.2228824873283199,4,NCOPsummerlag1,0,0
0.060467719365839875,-0.20112598697965933,0.3220614257113391,4,BEUTI_33N,0,0
0.19649202739419006,0.21036536616108886,0.1826186886272912,4,BEUTI_39N,0,1
-0.08935758148082372,-0.21023474608751797,0.03151958312587061,4,CUTI_33N,0,0
0.08151076523642879,0.027400489706262146,0.13562104076659548,4,CUTI_39N,0,1
0.06466198359660577,-0.04264165585108942,0.17196562304430096,4,OC_LUSI_33N,0,0
-0.05646146237346572,-0.1379258886833884,0.02500296393645704,4,OC_STI_33N,0,0
-0.19113333360694185,-0.29845071859632977,-0.08381594861755393,4,RREAS_Myctophids,0,1
-0.07600500966394291,-0.10769138618492657,-0.04431863314295906,4,RREAS_YOYsardine,0,1
-0.14245146286835736,-0.12098572024335164,-0.16391720549336297,4,age1SprSardmeanWAA,0,1
0.016399478882606677,-0.14749186927058633,0.18029082703579968,4,meanSSBwt,0,0
0.09138485174343175,-0.005247846112138771,0.1880175495990023,4,ZM_NorCal,0,0
-0.0916214267550492,-0.3286421044811172,0.1453992509710188,4,ZM_SoCal,0,0
0.02498744500543954,-0.0652075193152043,0.1151824093260834,4,sardRec,0,0
0.37179896911824334,0.40461694486113203,0.3389809933753546,4,anchBioSmrySeas1,0,1
-0.026388314450738748,-0.13515582287319017,0.08237919397171269,4,summerSST,0,0
-0.15172620361488476,-0.14614576959577202,-0.15730663763399744,4,avgOffTransspring,0,1
0.08952237606478734,-0.04436935800655367,0.2234141101361284,4,avgOffTranssummer,0,0
0.12168540778178145,0.060622626349612976,0.1827481892139499,4,sprRelOffTrans,0,1
-0.052595727239454354,-0.29184803273669535,0.1866565782577867,4,sumRelOffTrans,0,0
0.11001183868705303,-0.11273660160878307,0.3327602789828891,4,meanK,0,0
0.04922908521194386,-0.056657077900508876,0.15511524832439655,4,OC_LUSI_39N,0,0
-0.005607972751146301,-0.125095975214903,0.11388002971261041,4,sardSpawnHab,0,0
-0.08029726251819636,-0.1582115581662656,-0.00238296687012704,4,sardNurseHab,0,1
-0.09172434085710418,-0.17388306339023507,-0.009565618323973346,4,springSST,0,1
-0.01714838602948314,-0.11662135806516577,0.08232458600619941,4,randTest,0,0
-0.6439101019048241,-0.3769748331285861,-0.9108453706810623,1,NCOPspring,0,1
-0.5368869380065628,-0.31633027921917045,-0.7574435967939552,1,NCOPsummerlag1,0,1
-0.08130398036465938,0.03957047669122751,-0.20217843742054625,1,BEUTI_33N,0,0
-0.4246124258937573,-0.2695624297078872,-0.5796624220796273,1,BEUTI_39N,0,1
-0.08884804593696628,0.029064702141911994,-0.20676079401584457,1,CUTI_33N,0,0
-0.29850986989806055,-0.17417970182092082,-0.4228400379752003,1,CUTI_39N,0,1
-0.367589432282828,-0.22346285620566322,-0.5117160083599926,1,OC_LUSI_33N,0,1
0.3735547802769252,0.5248081562586032,0.22230140429524706,1,OC_STI_33N,0,1
0.13227660056495139,0.27786720269036275,-0.013314001560460077,1,RREAS_Myctophids,0,0
0.4729892782957452,0.6370916412520444,0.30888691533944607,1,RREAS_YOYsardine,0,1
0.015457780717637532,0.23562922763618482,-0.2047136662009097,1,age1SprSardmeanWAA,0,0
0.15529540428356123,0.3533787498568671,-0.042787941289744544,1,meanSSBwt,0,0
-0.5866948241635906,-0.44195414470572747,-0.7314355036214537,1,ZM_NorCal,0,1
-0.4614274039910705,-0.34311624627673964,-0.5797385617054014,1,ZM_SoCal,0,1
0.22650322522823158,0.34685667705177986,0.10614977340468322,1,sardRec,0,1
-0.10902831566807779,0.02341804061817282,-0.2414746719543283,1,anchBioSmrySeas1,0,0
0.4513669794638364,0.5760132503629082,0.3267207085647647,1,summerSST,0,1
0.40601481253765026,0.5448380502039297,0.2671915748713708,1,avgOffTransspring,0,1
-0.005924947681680573,0.12085956409723068,-0.13270945946059184,1,avgOffTranssummer,0,0
-0.4499951177082558,-0.3170533571148646,-0.5829368783016469,1,sprRelOffTrans,0,1
-0.38561568515803907,-0.24282280675990991,-0.528408563556168,1,sumRelOffTrans,0,1
0.13275026857144245,0.27303894657135613,-0.007538409428471237,1,meanK,0,0
-0.3895623899078833,-0.255528589217525,-0.5235961905982417,1,OC_LUSI_39N,0,1
0.18014321240891146,0.3204912111625444,0.0397952136552785,1,sardSpawnHab,0,1
0.5672509152749584,0.7467144767016831,0.3877873538482337,1,sardNurseHab,0,1
0.6736511277163447,0.8290911585776454,0.5182110968550441,1,springSST,0,1
-0.22643175690255574,-0.09760739041146564,-0.35525612339364576,1,randTest,0,1
-0.15018059570263048,-0.08792268491622282,-0.21243850648903817,2,NCOPspring,0,1
-0.0295737162994055,0.19086564619494523,-0.2500130787937562,2,NCOPsummerlag1,0,0
-0.01626879071902372,0.42092963737357636,-0.4534672188116239,2,BEUTI_33N,0,0
-0.4453253948445242,0.044659618690390646,-0.9353104083794392,2,BEUTI_39N,0,0
0.05502282232295255,0.6181075350908019,-0.5080618904448968,2,CUTI_33N,0,0
-0.40512600984499164,0.20662016293170396,-1.0168721826216873,2,CUTI_39N,0,0
-0.10198290070190073,0.13276492124118636,-0.3367307226449878,2,OC_LUSI_33N,0,0
0.07318372804853736,0.2805906222356825,-0.13422316613860774,2,OC_STI_33N,0,0
0.39877576591090375,0.8747521586291999,-0.07720062680739231,2,RREAS_Myctophids,0,0
0.15298875907071258,0.45568288336575813,-0.14970536522433303,2,RREAS_YOYsardine,0,0
0.6472950289806109,1.4881704746197522,-0.19358041665853043,2,age1SprSardmeanWAA,0,0
0.6613572104344286,1.592871587456978,-0.2701571665881203,2,meanSSBwt,0,0
-0.4137046727338496,0.19140914920637853,-1.0188184946740777,2,ZM_NorCal,0,0
-0.26605690595841186,0.32620349416441285,-0.8583173060812366,2,ZM_SoCal,0,0
0.13033082860811462,0.5033946294380817,-0.24273297222185244,2,sardRec,0,0
-0.3309797744441001,0.15212317277432985,-0.8140827216625299,2,anchBioSmrySeas1,0,0
0.28740141851671486,0.7994527138734486,-0.22464987684001872,2,summerSST,0,0
0.06750124051150387,0.39185507802956937,-0.2568525970065617,2,avgOffTransspring,0,0
-0.39553118970544493,0.12317156512476873,-0.9142339445356586,2,avgOffTranssummer,0,0
0.016379253457834128,0.46192524663562184,-0.42916673971995356,2,sprRelOffTrans,0,0
0.195321192904038,0.6268523418451222,-0.23620995603704628,2,sumRelOffTrans,0,0
0.22227554213100326,0.8851809571701321,-0.44062987290812544,2,meanK,0,0
-0.11416585606837469,0.20838447029720264,-0.43671618243395205,2,OC_LUSI_39N,0,0
-0.024404343111538586,0.5679152061970748,-0.616723892420152,2,sardSpawnHab,0,0
0.3123899814644201,0.7236330775947519,-0.09885311466591168,2,sardNurseHab,0,0
0.44099269047338874,1.0412785987342963,-0.15929321778751881,2,springSST,0,0
-0.1934019737449836,0.20004193732861641,-0.5868458848185836,2,randTest,0,0
-0.012303944610645302,-0.007203299735010151,-0.017404589486280455,3,NCOPspring,0,1
-0.0665170997719282,-0.16170651208162815,0.028672312537771763,3,NCOPsummerlag1,0,0
0.18955411892323862,0.23785328939834988,0.14125494844812736,3,BEUTI_33N,0,1
0.0644248922791952,0.5831350013766861,-0.4542852168182957,3,BEUTI_39N,0,0
0.31810706887774437,0.4695343734219596,0.1666797643335291,3,CUTI_33N,0,1
0.11398258833085131,0.5583978765879779,-0.3304326999262753,3,CUTI_39N,0,0
0.04335226205780208,0.16186668235791452,-0.07516215824231037,3,OC_LUSI_33N,0,0
0.007283677835229473,0.10387864913681616,-0.08931129346635722,3,OC_STI_33N,0,0
0.0740649766194375,0.5342539336633538,-0.38612398042447876,3,RREAS_Myctophids,0,0
0.017672074460212718,0.15923217336678183,-0.12388802444635642,3,RREAS_YOYsardine,0,0
-0.008725099227303787,0.7664848236881765,-0.7839350221427843,3,age1SprSardmeanWAA,0,0
-0.08067784986994755,0.6543068457261831,-0.8156625454660784,3,meanSSBwt,0,0
0.14085375218180052,0.5789855744479122,-0.2972780700843113,3,ZM_NorCal,0,0
0.09923151221344637,0.3670106110874569,-0.16854758666056419,3,ZM_SoCal,0,0
-0.18042884034015386,0.01852592461592465,-0.3793836052962324,3,sardRec,0,0
-0.10262872209469709,0.36453127980067523,-0.5697887239900695,3,anchBioSmrySeas1,0,0
-0.04266842110146736,0.22295939443159768,-0.30829623663453243,3,summerSST,0,0
0.004104857738989269,0.12331722944842492,-0.11510751397044638,3,avgOffTransspring,0,0
-0.018369259113022646,0.4167907106336626,-0.4535292288597078,3,avgOffTranssummer,0,0
-0.004468372002310886,0.11529339902323554,-0.12423014302785737,3,sprRelOffTrans,0,0
0.11511738978138575,0.3450058869516486,-0.11477110738887708,3,sumRelOffTrans,0,0
-0.10142121968323986,0.17344368942862237,-0.37628612879510226,3,meanK,0,0
0.11050265660569673,0.24645295265891717,-0.02544763944752375,3,OC_LUSI_39N,0,0
0.31008838461564725,0.49915671971361397,0.12102004951768068,3,sardSpawnHab,0,1
0.01918104670880541,0.28938657766808384,-0.2510244842504731,3,sardNurseHab,0,0
-0.06733119016140096,0.3517327154602764,-0.4863950957830784,3,springSST,0,0
-0.21065803693915683,-0.0367906967982293,-0.3845253770800844,3,randTest,0,1
-0.015036255218523696,-0.008802921067884764,-0.02126958936916263,4,NCOPspring,0,1
0.04436468403796771,0.15005607833671772,-0.06132671026078232,4,NCOPsummerlag1,0,0
-0.10227682053140683,-0.007788964751500371,-0.1967646763113133,4,BEUTI_33N,0,1
0.03711992571205758,0.6171451962907298,-0.5429053448666148,4,BEUTI_39N,0,0
0.07411416173608404,0.5060748852847966,-0.3578465618126285,4,CUTI_33N,0,0
0.15881303963222804,0.7230814250683332,-0.40545534580387704,4,CUTI_39N,0,0
0.015725878323317927,0.16446816647892704,-0.13301640983229115,4,OC_LUSI_33N,0,0
0.0050318867642370315,0.1451098518906624,-0.13504607836218835,4,OC_STI_33N,0,0
0.04749913020764886,0.7372120612687083,-0.6422138008534106,4,RREAS_Myctophids,0,0
-0.10266862920617678,0.09894120623056368,-0.3042784646429172,4,RREAS_YOYsardine,0,0
-0.02711472501098572,1.0756598892899087,-1.12988933931188,4,age1SprSardmeanWAA,0,0
-0.17083439401401748,0.8911053780718257,-1.2327741660998606,4,meanSSBwt,0,0
0.15372201066888674,0.6469295600564621,-0.3394855387186886,4,ZM_NorCal,0,0
0.22610900054983546,0.5765341320037,-0.124316130904029,4,ZM_SoCal,0,0
0.017940473036192117,0.22132286982916505,-0.1854419237567808,4,sardRec,0,0
-0.17035372538111565,0.4517619230326701,-0.7924693737949015,4,anchBioSmrySeas1,0,0
-0.19069158169714984,0.18976145501581557,-0.5711446184101152,4,summerSST,0,0
0.11043606451057718,0.29156413550970556,-0.07069200648855123,4,avgOffTransspring,0,0
0.05049460791960292,0.7467304918861496,-0.6457412760469435,4,avgOffTranssummer,0,0
-0.16061694248029115,0.11013419804085012,-0.43136808300143237,4,sprRelOffTrans,0,0
0.020419130873486728,0.6061925667052489,-0.5653543049582754,4,sumRelOffTrans,0,0
-0.24490842850373587,0.15478690386834182,-0.6446037608758136,4,meanK,0,0
0.03918098358239341,0.21588537857148882,-0.13752341140670196,4,OC_LUSI_39N,0,0
0.08762825561262841,0.3926042595210155,-0.2173477482957588,4,sardSpawnHab,0,0
-0.10155966207013316,0.3128665333090895,-0.5159858574493558,4,sardNurseHab,0,0
-0.17788605570878788,0.3623905163005169,-0.7181626277180926,4,springSST,0,0
-0.05717929074803562,0.39666851014299476,-0.511027091639066,4,randTest,0,0
-0.6346028811591878,-0.372997512530062,-0.8962082497883137,1,NCOPspring,0,1
-0.5613858926993142,-0.3553445041480321,-0.7674272812505961,1,NCOPsummerlag1,0,1
-0.025162788335281103,0.0763310634757147,-0.12665664014627692,1,BEUTI_33N,0,0
-0.5529643776822152,-0.504896920503672,-0.6010318348607584,1,BEUTI_39N,0,1
-0.13166048913864875,-0.12807776041044472,-0.13524321786685276,1,CUTI_33N,0,1
-0.5302256729618867,-0.4805607428006246,-0.5798906031231488,1,CUTI_39N,0,1
-0.16737417676793065,-0.2274079036451576,-0.1073404498907037,1,OC_LUSI_33N,0,1
0.1576280496648283,0.12885053924605416,0.1864055600836024,1,OC_STI_33N,0,1
0.31336917677074794,0.3393108845436518,0.28742746899784405,1,RREAS_Myctophids,0,1
0.3404478793714649,0.26736731534027625,0.4135284434026536,1,RREAS_YOYsardine,0,1
-0.014225626966715595,0.030296838246804222,-0.05874809218023544,1,age1SprSardmeanWAA,0,0
0.04089973457835939,0.042998359725929934,0.03880110943078893,1,meanSSBwt,0,1
-0.6512334400045785,-0.6371137145930892,-0.6653531654160676,1,ZM_NorCal,0,1
-0.5079555333468986,-0.47954487148604436,-0.5363661952077527,1,ZM_SoCal,0,1
0.20122019651270626,0.2190421301796978,0.1833982628457147,1,sardRec,0,1
-0.195411794448766,-0.28365007823613186,-0.1071735106614001,1,anchBioSmrySeas1,0,1
0.46528311122048344,0.4174260284932223,0.5131401939477448,1,summerSST,0,1
0.17496590594044864,0.18508657768054088,0.1648452342003564,1,avgOffTransspring,0,1
-0.3286691269021405,-0.2910433878864945,-0.3662948659177866,1,avgOffTranssummer,0,1
-0.11331407423642491,-0.06715431506767314,-0.1594738334051766,1,sprRelOffTrans,0,1
-0.026606109446467366,-0.061979808172705556,0.008767589279770942,1,sumRelOffTrans,0,0
0.1959020784798315,0.24426590878392826,0.14753824817573472,1,meanK,0,1
-0.30603392886880487,-0.28256364009198176,-0.3295042176456281,1,OC_LUSI_39N,0,1
0.2850031350715977,0.26043356415783625,0.3095727059853591,1,sardSpawnHab,0,1
0.6188407225767375,0.7178499763112367,0.5198314688422382,1,sardNurseHab,0,1
0.7060596897543211,0.6969343550415784,0.7151850244670639,1,springSST,0,1
0.1975494269995645,0.17343485975855863,0.22166399424057037,1,randTest,0,1
-0.17583486282918148,-0.10334961973627937,-0.2483201059220836,2,NCOPspring,0,1
-0.07095195494232595,0.11978432417329794,-0.26168823405794983,2,NCOPsummerlag1,0,0
-0.013053127873444828,0.0868755672887729,-0.11298182303566257,2,BEUTI_33N,0,0
-0.22293562048222376,0.0035093238984943986,-0.449380564862942,2,BEUTI_39N,0,0
0.11992533500828037,0.46036514615487356,-0.22051447613831282,2,CUTI_33N,0,0
-0.10668754009938919,0.07709513326528192,-0.2904702134640603,2,CUTI_39N,0,0
-0.03725456714870437,0.21883041155212657,-0.29333954584953525,2,OC_LUSI_33N,0,0
0.03546045717684437,0.24104383234225968,-0.17012291798857088,2,OC_STI_33N,0,0
0.23753492723945768,0.5099151351345088,-0.0348452806555934,2,RREAS_Myctophids,0,0
0.08171828979002174,0.3883700104666037,-0.22493343088656015,2,RREAS_YOYsardine,0,0
0.14820472008295443,0.4923851644561157,-0.1959757242902069,2,age1SprSardmeanWAA,0,0
-0.022798817834747714,0.30092803104601573,-0.346525666715511,2,meanSSBwt,0,0
-0.09926054171257676,0.11432644540796016,-0.3128475288331136,2,ZM_NorCal,0,0
0.05383164823811358,0.23920402836445714,-0.13154073188822996,2,ZM_SoCal,0,0
-0.04729692680124459,0.3119667370558327,-0.40656059065832195,2,sardRec,0,0
-0.40790108996050306,0.14586570045772845,-0.9616678803787344,2,anchBioSmrySeas1,0,0
0.026342124396561695,0.27559093410651425,-0.22290668531339092,2,summerSST,0,0
0.14807773324499085,0.3268981809580983,-0.03074271446811655,2,avgOffTransspring,0,0
-0.16043427168873672,0.03656692017329784,-0.3574354635507713,2,avgOffTranssummer,0,0
-0.10488285974626804,0.03841953205074368,-0.24818525154327983,2,sprRelOffTrans,0,0
0.13270283385751158,0.375642393596937,-0.11023672588191397,2,sumRelOffTrans,0,0
-0.09633663246346942,0.1294992313567173,-0.32217249628365613,2,meanK,0,0
-0.03563857788616333,0.11895876186510337,-0.19023591763743006,2,OC_LUSI_39N,0,0
0.05999776918193522,0.3791400608418904,-0.2591445224780199,2,sardSpawnHab,0,0
0.11688462811543283,0.32240810547182197,-0.08863884924095633,2,sardNurseHab,0,0
0.1252649347706826,0.37671300157075716,-0.12618313202939208,2,springSST,0,0
0.2392164335345859,0.6570007441531638,-0.17856787708399202,2,randTest,0,0
-0.17905400029579052,-0.10524171683067673,-0.25286628376090425,3,NCOPspring,0,1
-0.09661726045457043,0.05911651484939953,-0.2523510357585404,3,NCOPsummerlag1,0,0
-0.27076929744685824,0.1587469813239723,-0.7002855762176887,3,BEUTI_33N,0,0
-0.1501225829880755,0.3950542179087049,-0.6952993838848558,3,BEUTI_39N,0,0
-0.25606867254038984,0.2882000186631986,-0.8003373637439782,3,CUTI_33N,0,0
-0.10472919724266247,0.442880015435614,-0.652338409920939,3,CUTI_39N,0,0
-0.1682930192850926,0.9300947387660822,-1.2666807773362674,3,OC_LUSI_33N,0,0
0.1290195642180832,0.9677805827476724,-0.709741454311506,3,OC_STI_33N,0,0
-0.002215777032777644,0.5407551594846465,-0.5451867135502017,3,RREAS_Myctophids,0,0
0.05544569790072437,1.1609039029006556,-1.050012507099207,3,RREAS_YOYsardine,0,0
0.010014540278201665,0.8553195588510054,-0.8352904782946022,3,age1SprSardmeanWAA,0,0
0.04570611072197664,1.2046770503571198,-1.1132648289131668,3,meanSSBwt,0,0
-0.20009639314732391,0.632306200604855,-1.0324989868995027,3,ZM_NorCal,0,0
-0.09402402998532756,0.5981068955937308,-0.7861549555643859,3,ZM_SoCal,0,0
0.2692262859414138,0.6973527350403698,-0.15890016315754218,3,sardRec,0,0
0.009250807578267375,0.7883484063451157,-0.7698467911885809,3,anchBioSmrySeas1,0,0
0.09000512488864122,1.1093840045241634,-0.929373754746881,3,summerSST,0,0
0.15240723834923986,0.7611948123170966,-0.4563803356186169,3,avgOffTransspring,0,0
0.05321635310680097,0.645957120791923,-0.5395244145783209,3,avgOffTranssummer,0,0
-0.1905257380086528,0.2705224049889572,-0.6515738810062629,3,sprRelOffTrans,0,0
-0.2263427308291227,0.8596757181659267,-1.312361179824172,3,sumRelOffTrans,0,0
-0.005319138781996427,0.7970673064206764,-0.8077055839846693,3,meanK,0,0
-0.1786139334709031,0.41982620135475535,-0.7770540682965615,3,OC_LUSI_39N,0,0
-0.06038454036232742,1.1507232385993376,-1.2714923193239924,3,sardSpawnHab,0,0
0.12017532927771059,0.6598510785491927,-0.41950041999377147,3,sardNurseHab,0,0
0.14960804116444992,1.078045221437334,-0.7788291391084343,3,springSST,0,0
-0.15588587632791756,0.39121045074258987,-0.702982203398425,3,randTest,0,0
-0.018427391994830403,-0.010830980413976338,-0.026023803575684464,4,NCOPspring,0,1
-0.1068374295830349,-0.24388529146789317,0.030210432301823364,4,NCOPsummerlag1,0,0
0.1011338281872028,-0.10094079101720294,0.30320844739160857,4,BEUTI_33N,0,0
0.14613189472657337,0.32347157806561144,-0.031207788612464704,4,BEUTI_39N,0,0
0.10014442368442816,0.026159796637990895,0.17412905073086543,4,CUTI_33N,0,1
0.16232768108942724,0.21856022993065546,0.10609513224819904,4,CUTI_39N,0,1
0.48548574459520377,0.5590500188472052,0.41192147034320237,4,OC_LUSI_33N,0,1
-0.360812632761684,-0.3011114911373032,-0.4205137743860648,4,OC_STI_33N,0,1
0.16032838930145285,0.0800282012651577,0.24062857733774795,4,RREAS_Myctophids,0,1
-0.46332506911062765,-0.33046613712259615,-0.5961840010986592,4,RREAS_YOYsardine,0,1
-0.3299595001003656,-0.07619917066184739,-0.5837198295388838,4,age1SprSardmeanWAA,0,1
-0.4960553819229196,-0.45758810970958264,-0.5345226541362567,4,meanSSBwt,0,1
0.2931107607359446,0.31608228861569065,0.2701392328561985,4,ZM_NorCal,0,1
0.19668932902603287,0.07642561381419827,0.31695304423786747,4,ZM_SoCal,0,1
0.043949144523973104,0.04875436243700526,0.03914392661094093,4,sardRec,0,1
0.11393164166483911,0.3672054566536893,-0.1393421733240111,4,anchBioSmrySeas1,0,0
-0.4029072227970663,-0.401367743048736,-0.4044467025453966,4,summerSST,0,1
-0.23462043894742074,-0.045294420110895295,-0.42394645778394613,4,avgOffTransspring,0,1
-0.24651663308434044,-0.3563095706032158,-0.13672369556546518,4,avgOffTranssummer,0,1
0.14113288554095618,0.21034066650699018,0.07192510457492213,4,sprRelOffTrans,0,1
0.46224689257536405,0.2739942469767105,0.6504995381740176,4,sumRelOffTrans,0,1
-0.2785003190488275,-0.381876395790036,-0.175124242307619,4,meanK,0,1
0.21707357603319302,0.2006711433816779,0.23347600868470814,4,OC_LUSI_39N,0,1
0.5650529992638778,0.622432113477428,0.5076738850503275,4,sardSpawnHab,0,1
-0.12776566565033207,-0.0851344581104967,-0.17039687319016744,4,sardNurseHab,0,1
-0.3338018994992968,-0.2593860602814372,-0.4082177387171564,4,springSST,0,1
0.08904573548569403,0.06274262690145638,0.11534884406993168,4,randTest,0,1
-0.6328466077943439,-0.3688993624075535,-0.8967938531811344,1,NCOPspring,0,1
-0.5519105403489555,-0.23726100814596454,-0.8665600725519466,1,NCOPsummerlag1,0,1
-0.02422831949111819,0.3077334523028509,-0.3561900912850873,1,BEUTI_33N,0,0
-0.5406451865098099,-0.15484081751701123,-0.9264495555026083,1,BEUTI_39N,0,1
-0.11241371799843212,0.28786691226879785,-0.5126943482656622,1,CUTI_33N,0,0
-0.5098887269197514,-0.11572673487359912,-0.9040507189659036,1,CUTI_39N,0,1
-0.11650393484438967,0.5176696451714202,-0.7506775148601994,1,OC_LUSI_33N,0,0
0.11660766865911593,0.6242266632698276,-0.39101132595159566,1,OC_STI_33N,0,0
0.33103048445747707,0.739302054516623,-0.07724108560166881,1,RREAS_Myctophids,0,0
0.28729798552187147,0.9472665837334694,-0.37267061268972657,1,RREAS_YOYsardine,0,0
-0.044409709742180246,0.5168713234133067,-0.605690742897667,1,age1SprSardmeanWAA,0,0
-0.040683006084902024,0.727897763691934,-0.809263775861738,1,meanSSBwt,0,0
-0.613505998503634,-0.08304183318329146,-1.1439701638239765,1,ZM_NorCal,0,1
-0.4444143316605415,0.03991571748319102,-0.9287443808042741,1,ZM_SoCal,0,0
0.19056563453384584,0.5506249618555091,-0.16949369278781745,1,sardRec,0,0
-0.19956177137855666,0.29813263113403565,-0.6972561738911489,1,anchBioSmrySeas1,0,0
0.4284683981042138,1.026037834364279,-0.16910103815585142,1,summerSST,0,0
0.14017920423169763,0.5226320681387678,-0.2422736596753725,1,avgOffTransspring,0,0
-0.32804663212072993,0.07110377651788138,-0.7271970407593411,1,avgOffTranssummer,0,0
-0.08964801132437865,0.2325596668082312,-0.41185568945698847,1,sprRelOffTrans,0,0
-0.0032098072732051446,0.6294756315296708,-0.63589524607608106,1,sumRelOffTrans,0,0
0.147808033696476,0.7156527897706095,-0.4200367223776576,1,meanK,0,0
-0.28524895124482963,0.09899195919926593,-0.6694898616889252,1,OC_LUSI_39N,0,0
0.3535683202880988,1.1274085109783871,-0.4202718704021898,1,sardSpawnHab,0,0
0.6017369880394509,1.0264110857149131,0.17706289036398853,1,sardNurseHab,0,1
0.6503714627369159,1.2309061965120087,0.06983672896182319,1,springSST,0,1
-0.1261261708566369,0.11142118441403702,-0.36367352612731074,1,randTest,0,0
0.12502731786394738,0.07288100666966858,0.17717362905822617,2,NCOPspring,0,1
0.015011135114115892,0.10950572566919474,-0.07948345544096294,2,NCOPsummerlag1,0,0
0.05811625239443077,0.10616764290368627,0.010064861885175358,2,BEUTI_33N,0,1
0.19150312186822768,0.34176745853579915,0.04123878520065627,2,BEUTI_39N,0,1
-0.08708002691407526,0.21301532645576404,-0.38717538028391457,2,CUTI_33N,0,0
0.08466907623199248,0.21083706417659648,-0.04149891171261155,2,CUTI_39N,0,0
0.08158478316594775,0.3109615076275795,-0.14779194129568396,2,OC_LUSI_33N,0,0
-0.06840538009731145,0.11215246925526867,-0.24896322944989144,2,OC_STI_33N,0,0
-0.17518019603269858,0.047498363427093696,-0.39785875549249083,2,RREAS_Myctophids,0,0
-0.09637290212392785,0.18398122099723974,-0.3767270252450955,2,RREAS_YOYsardine,0,0
-0.14880053896866063,0.07974395738609508,-0.37734503532341634,2,age1SprSardmeanWAA,0,0
-0.00780025596791184,0.2587058182545906,-0.2743063301904143,2,meanSSBwt,0,0
0.08332409648257075,0.24147740434712123,-0.07482921138197965,2,ZM_NorCal,0,0
-0.09445078487161669,0.06875037050810126,-0.2576519402513346,2,ZM_SoCal,0,0
0.04541503086789383,0.3576151429996318,-0.26678508126384415,2,sardRec,0,0
0.375892362043792,0.8456470637600839,-0.09386233967249996,2,anchBioSmrySeas1,0,0
-0.033921609808231,0.1797908202679088,-0.24763403988437097,2,summerSST,0,0
-0.15463787794677025,-0.026378420396573066,-0.28289733549696744,2,avgOffTransspring,0,1
0.07216130543769797,0.20841727393420545,-0.06409466305880948,2,avgOffTranssummer,0,0
0.12103348901051901,0.2111382676869944,0.030928710334043624,2,sprRelOffTrans,0,1
-0.03109680915628954,0.17582355442047343,-0.23801717273305234,2,sumRelOffTrans,0,0
0.09980133887771447,0.26896213904081495,-0.06935946128538599,2,meanK,0,0
0.04883862933405014,0.1585237229902704,-0.06084646432217011,2,OC_LUSI_39N,0,0
0.0343081800325912,0.32112643178803235,-0.2525100717228499,2,sardSpawnHab,0,0
-0.06731230699862785,0.04276044314087235,-0.17738505713812808,2,sardNurseHab,0,0
-0.09053431023430647,0.10205498702488858,-0.28312360749350174,2,springSST,0,0
-0.018425894866043645,0.08598739050362383,-0.12283918023571114,2,randTest,0,0
0.17123176284397035,0.09981453224063033,0.2426489934473104,3,NCOPspring,0,1
0.0977069651063453,0.09858489099687079,0.09682903921581981,3,NCOPsummerlag1,0,1
0.24267542651218632,0.5265150144782296,-0.041164161453856825,3,BEUTI_33N,0,0
0.13583193000875282,0.5599157577528068,-0.28825189773530113,3,BEUTI_39N,0,0
0.24121493656673038,0.649001152397228,-0.1665712792637673,3,CUTI_33N,0,0
0.09419288507784879,0.563786875944471,-0.3754011057887735,3,CUTI_39N,0,0
0.14817120587840862,1.1928813131787608,-0.8965389014219435,3,OC_LUSI_33N,0,0
-0.11162625133682133,0.6905046053526593,-0.9137571080263022,3,OC_STI_33N,0,0
8.601373593025291e-4,0.45523260680225,-0.4535123320836449,3,RREAS_Myctophids,0,0
-0.045195804276761384,1.0481982250871669,-1.1385898336406897,3,RREAS_YOYsardine,0,0
-0.006486254505500923,0.6533689469705807,-0.6663414559815823,3,age1SprSardmeanWAA,0,0
-0.04264853849895761,1.0781383183609554,-1.1634353953588707,3,meanSSBwt,0,0
0.187491379663921,0.9356439450072325,-0.5606611856793905,3,ZM_NorCal,0,0
0.10189874174152488,0.7597105329751386,-0.5559130494920888,3,ZM_SoCal,0,0
-0.2571186471901009,0.04629038962468038,-0.5605276840048823,3,sardRec,0,0
-0.01582223456314493,0.5964660980296895,-0.6281105671559793,3,anchBioSmrySeas1,0,0
-0.07770933421276509,0.8811868763247572,-1.0366055447502875,3,summerSST,0,0
-0.1399014821504493,0.39257374247704996,-0.6723767067779486,3,avgOffTransspring,0,0
-0.029085328282658612,0.44986479442823357,-0.5080354509935509,3,avgOffTranssummer,0,0
0.17305686504523454,0.5442900221761482,-0.19817629208567916,3,sprRelOffTrans,0,0
0.18345564722869173,1.1811030963071605,-0.8141918018497771,3,sumRelOffTrans,0,0
-0.010734756836374579,0.7288091238789828,-0.7502786375517317,3,meanK,0,0
0.16095438469668125,0.6702942823170384,-0.34838551292367587,3,OC_LUSI_39N,0,0
0.03888619039777026,1.219149087575879,-1.1413767067803384,3,sardSpawnHab,0,0
-0.12386827055457672,0.27070466954485684,-0.5184412106540103,3,sardNurseHab,0,0
-0.14560760052237043,0.7185296709295752,-1.0097448719743158,3,springSST,0,0
0.0585090010792052,0.23673455282369918,-0.11971655066528879,3,randTest,0,0
-0.05460845050172212,-0.031832394017819024,-0.07738450698562521,4,NCOPspring,0,1
0.02090293931988471,-0.06611998127429213,0.10792585991406156,4,NCOPsummerlag1,0,0
-0.09756450986534429,-0.2369240606028912,0.04179504087220259,4,BEUTI_33N,0,0
-0.20268129621717393,0.06963526094118314,-0.4749978533755311,4,BEUTI_39N,0,0
-0.1215622524950256,-0.036996788850310464,-0.20612771613974076,4,CUTI_33N,0,1
-0.2267507874371596,-0.1067022052010697,-0.34679936967324954,4,CUTI_39N,0,1
-0.49643021092372164,-0.3643080429624433,-0.6285523788850002,4,OC_LUSI_33N,0,1
0.38060950001652566,0.4972608008694022,0.26395819916364904,4,OC_STI_33N,0,1
-0.1352560168035429,-0.11014857036311525,-0.16036346324397052,4,RREAS_Myctophids,0,1
0.5052683021062551,0.7181784197078036,0.29235818450470635,4,RREAS_YOYsardine,0,1
0.29368700070556325,0.6271207601854865,-0.039746758774360014,4,age1SprSardmeanWAA,0,0
0.5134659388126026,0.5944173655837551,0.43251451204145014,4,meanSSBwt,0,1
-0.36669842366761696,-0.29390043276886746,-0.43949641456636646,4,ZM_NorCal,0,1
-0.26736786881122554,-0.3389648485512933,-0.19577088907115786,4,ZM_SoCal,0,1
-0.01654599086270724,0.14671150396479216,-0.17980348569020654,4,sardRec,0,0
-0.11307671529734072,0.4115078407544037,-0.637661271349085,4,anchBioSmrySeas1,0,0
0.44332802353224854,0.5023493929331431,0.3843066541313541,4,summerSST,0,1
0.2515435768744233,0.49766449339693547,0.0054226603519111904,4,avgOffTransspring,0,1
0.20105970357920902,0.16930083737207755,0.23281856978634044,4,avgOffTranssummer,0,1
-0.16036774314576419,-0.025447764001442885,-0.2952877222900855,4,sprRelOffTrans,0,1
-0.46409023447133846,-0.5463604395628091,-0.3818200293798678,4,sumRelOffTrans,0,1
0.30865436780990413,0.23619582502386832,0.3811129105959399,4,meanK,0,1
-0.24739432258303923,-0.214346687251157,-0.28044195791492155,4,OC_LUSI_39N,0,1
-0.5414739546066143,-0.3884875765352424,-0.6944603326779861,4,sardSpawnHab,0,1
0.18940104475787106,0.2720806283392685,0.10672146117647366,4,sardNurseHab,0,1
0.41508586136484266,0.527468850552251,0.30270287217743413,4,springSST,0,1
0.047781169824061345,0.14066125619664577,-0.04509891654852306,4,randTest,0,0
-0.5541417357719994,-0.3337196990787941,-0.7745637724652047,1,NCOPspring,0,1
-0.47896661503566673,-0.30622984582389434,-0.6517033842474391,1,NCOPsummerlag1,0,1
-0.27129636811905716,-0.31325281457006793,-0.2293399216680464,1,BEUTI_33N,0,1
-0.5932380429322407,-0.6855599237412965,-0.5009161621231849,1,BEUTI_39N,0,1
-0.3648415217642215,-0.434497239053287,-0.2951858044751559,1,CUTI_33N,0,1
-0.6405717722621909,-0.8632820176893389,-0.41786152683504296,1,CUTI_39N,0,1
-0.13494234508376285,-0.632747061718393,0.3628623715508672,1,OC_LUSI_33N,0,0
0.08754950794025829,-0.3414914166760201,0.5165904325565369,1,OC_STI_33N,0,0
0.015968502202467982,-0.1846884293709197,0.21662543377585586,1,RREAS_Myctophids,0,0
0.40632433469642965,0.23180572531254856,0.5808429440803107,1,RREAS_YOYsardine,0,1
-0.0767530725866921,-0.19180183520693692,0.038295690033552765,1,age1SprSardmeanWAA,0,0
-0.15593655018239816,-0.7760215406135073,0.46414844024871077,1,meanSSBwt,0,0
-0.6582968972884047,-0.7941036516552258,-0.5224901429215836,1,ZM_NorCal,0,1
-0.47821844987698314,-0.5880131187805828,-0.3684237809733837,1,ZM_SoCal,0,1
0.24247887795444856,0.09053659818282199,0.3944211577260751,1,sardRec,0,1
-0.0383157896733401,-0.15347032554970869,0.07683874620302848,1,anchBioSmrySeas1,0,0
0.5828916300618848,0.4337376876000601,0.7320455725237095,1,summerSST,0,1
0.23873108604339396,0.059612314560936165,0.41784985752585174,1,avgOffTransspring,0,1
0.06755644568085341,-0.19683729057434418,0.33195018193605097,1,avgOffTranssummer,0,0
-0.10154717613770285,-0.3961233218817813,0.19302896960637564,1,sprRelOffTrans,0,0
-0.4312922153169429,-0.6305859820391646,-0.23199844859472118,1,sumRelOffTrans,0,1
0.11173065251337908,-0.05187752403739558,0.2753388290641537,1,meanK,0,0
-0.2915243252542212,-0.5558794414200935,-0.02716920908834887,1,OC_LUSI_39N,0,1
-0.08458305453578786,-0.27328530071247936,0.10411919164090369,1,sardSpawnHab,0,0
0.3714263891197016,0.11790048967136514,0.624952288568038,1,sardNurseHab,0,1
0.6583105166282981,0.501021972239058,0.8155990610175382,1,springSST,0,1
0.21175764399313163,-0.27716269055471476,0.700677978540978,1,randTest,0,0
-0.157174138009378,-0.09465467524546789,-0.2196936007732881,2,NCOPspring,0,1
-0.031464802095821226,0.1687426777581981,-0.23167228194984055,2,NCOPsummerlag1,0,0
0.12043073285820574,0.7694181891574666,-0.5285567234410552,2,BEUTI_33N,0,0
0.0696996145574321,0.597001431473671,-0.4576022023588068,2,BEUTI_39N,0,0
-0.009965359867572222,0.4005289874098375,-0.42045970714498193,2,CUTI_33N,0,0
0.18659028737778777,0.8538058851695676,-0.48062531041399226,2,CUTI_39N,0,0
-0.6856326859204341,-0.19365000773269087,-1.1776153641081772,2,OC_LUSI_33N,0,1
0.5999780674611236,1.0696076474444445,0.1303484874778028,2,OC_STI_33N,0,1
0.248879043897081,0.8798575720055497,-0.3820994842113876,2,RREAS_Myctophids,0,0
0.2246444398751411,0.8230286514478565,-0.3737397716975743,2,RREAS_YOYsardine,0,0
0.06321037082262318,0.6353691599157681,-0.508948418270522,2,age1SprSardmeanWAA,0,0
0.8801553060191023,1.641169267809246,0.11914134422895883,2,meanSSBwt,0,1
-0.3050966757345833,0.12148704160555124,-0.7316803930747179,2,ZM_NorCal,0,0
-0.36410716775156615,-0.0440711132101157,-0.6841432222930166,2,ZM_SoCal,0,1
0.22281874814445446,0.4718401471449858,-0.02620265085607687,2,sardRec,0,0
-0.08563090032675502,0.11204721400926203,-0.28330901466277203,2,anchBioSmrySeas1,0,0
0.11060266769227749,0.8171806205866329,-0.5959752852020777,2,summerSST,0,0
0.1625099438601037,0.5135145010323717,-0.18849461331216436,2,avgOffTransspring,0,0
-0.37516459418494685,0.545224956515187,-1.295554144885081,2,avgOffTranssummer,0,0
-0.3449633002267924,-0.039776671085651694,-0.650149929367933,2,sprRelOffTrans,0,1
0.06262367107221758,1.057469194962346,-0.9322218528179109,2,sumRelOffTrans,0,0
0.3893652428754695,0.8228086249400555,-0.044078139189116405,2,meanK,0,0
-0.43333653250589454,-0.12884198777563025,-0.7378310772361589,2,OC_LUSI_39N,0,1
-0.0063869513129511946,0.8767627850691575,-0.8895366876950599,2,sardSpawnHab,0,0
0.5315103654866727,1.027906667997527,0.03511406297581837,2,sardNurseHab,0,1
0.3888620389223423,0.7954735940317216,-0.017749516187037018,2,springSST,0,0
-0.6451324089386509,0.14287860197224117,-1.4331434198495427,2,randTest,0,0
-0.3245079759342242,-0.19542780679850383,-0.45358814506994455,3,NCOPspring,0,1
-0.2996685844333764,-0.22630202976935576,-0.37303513909739705,3,NCOPsummerlag1,0,1
0.20858928241793112,0.3101465740984181,0.10703199073744411,3,BEUTI_33N,0,1
0.0188765070701783,0.24842089372646642,-0.21066787958610989,3,BEUTI_39N,0,0
0.06955709853375627,0.2665784191738592,-0.12746422210634661,3,CUTI_33N,0,0
0.11489191921859475,0.5188334695620933,-0.2890496311249038,3,CUTI_39N,0,0
-0.057984182260105654,1.0573648352946654,-1.1733331998148766,3,OC_LUSI_33N,0,0
0.13168226245898879,1.0701666447123508,-0.8068021197943731,3,OC_STI_33N,0,0
0.5187949092360322,0.8628339824495682,0.17475583602249622,3,RREAS_Myctophids,0,1
-0.22215704702065053,0.11352377453479132,-0.5578378685760925,3,RREAS_YOYsardine,0,0
-0.453972429224528,-0.031455430186770494,-0.8764894282622855,3,age1SprSardmeanWAA,0,1
-0.17627616079027336,1.2895692363665816,-1.6421215579471284,3,meanSSBwt,0,0
-0.10644536857941503,0.3100696451451895,-0.5229603823040194,3,ZM_NorCal,0,0
-0.22360606534129815,0.19134474447061417,-0.6385568751532105,3,ZM_SoCal,0,0
0.25180496129613594,0.7110794290655826,-0.20746950647331075,3,sardRec,0,0
-0.03819736930145411,0.35173625147161014,-0.42813099007451827,3,anchBioSmrySeas1,0,0
-0.23257153860907726,0.007606012857635888,-0.47274909007579047,3,summerSST,0,0
-0.09777219407558252,0.32946076065347796,-0.5250051488046429,3,avgOffTransspring,0,0
-0.7207012372980535,-0.36238326721027553,-1.0790192073858313,3,avgOffTranssummer,0,1
-0.16753529883420515,0.5438235222755319,-0.8788941199439423,3,sprRelOffTrans,0,0
0.5875723494481748,0.7949470565644157,0.380197642331934,3,sumRelOffTrans,0,1
-0.031096804413817278,0.5071126369671553,-0.5693062457947897,3,meanK,0,0
-0.19020322755030922,0.4876835929297403,-0.8680900480303587,3,OC_LUSI_39N,0,0
0.6714658435318486,0.9835459419781752,0.35938574508552196,3,sardSpawnHab,0,1
0.43085632765509196,1.0804721455752317,-0.2187594902650479,3,sardNurseHab,0,0
0.1534205154026394,0.6417583716269464,-0.33491734082166746,3,springSST,0,0
-0.3208379439300588,0.551524670067139,-1.1932005579272567,3,randTest,0,0
-0.14481061946615248,-0.08720901753471583,-0.2024122213975891,4,NCOPspring,0,1
-0.021332770837774212,0.17421788729393056,-0.216883428969479,4,NCOPsummerlag1,0,0
-0.19572570258235322,0.25374450440212415,-0.6451959095668307,4,BEUTI_33N,0,0
-0.10462767217485877,0.46806908009444326,-0.6773244244441607,4,BEUTI_39N,0,0
-0.10364366685831497,0.2953815910958504,-0.5026689248124804,4,CUTI_33N,0,0
0.016271657677496054,0.7903195751128829,-0.7577762597578908,4,CUTI_39N,0,0
-0.16641250061687152,0.3842671845683936,-0.71709218580213685,4,OC_LUSI_33N,0,0
0.13951098124770328,0.6792881954306136,-0.40026623293520697,4,OC_STI_33N,0,0
0.13966437164139667,0.8743508724398403,-0.595022129157047,4,RREAS_Myctophids,0,0
-0.01727341883964295,0.5387783805759323,-0.5733252182552183,4,RREAS_YOYsardine,0,0
0.008568751186547735,0.5344208893435914,-0.5172833869704959,4,age1SprSardmeanWAA,0,0
0.07785906609705384,0.9054590191555725,-0.7497408869614649,4,meanSSBwt,0,0
-0.08282505251188682,0.3131632422286219,-0.4788133472523956,4,ZM_NorCal,0,0
0.010189682322718246,0.3366657767991954,-0.316286412153759,4,ZM_SoCal,0,0
0.19648826188905832,0.47475290277471516,-0.08177637899659854,4,sardRec,0,0
-0.18283777811136331,0.01876495123659136,-0.384440507459318,4,anchBioSmrySeas1,0,0
-0.06040027935209036,0.6583637113669767,-0.7791642700711574,4,summerSST,0,0
0.16670082630977978,0.4898107869625083,-0.15640913434294867,4,avgOffTransspring,0,0
-0.08484933555734392,1.0078673111246783,-1.177565982239366,4,avgOffTranssummer,0,0
-0.2369012144102916,0.11470757724803538,-0.5885100060686186,4,sprRelOffTrans,0,0
-0.015633927700520606,1.034266137929797,-1.0655339933308383,4,sumRelOffTrans,0,0
-0.0932226280320816,0.34462108744562325,-0.5310663435097864,4,meanK,0,0
-0.14147292489566293,0.20008597611947343,-0.4830318259107993,4,OC_LUSI_39N,0,0
-0.0025088424298771728,0.8596174194615885,-0.8646351043213429,4,sardSpawnHab,0,0
0.08853915780002372,0.6665455779171618,-0.4894672623171144,4,sardNurseHab,0,0
0.05656539311248457,0.4438147078498891,-0.3306839216249199,4,springSST,0,0
-0.09136905771576051,0.8484314116168065,-1.0311695270483276,4,randTest,0,0
-0.6055068263623526,-0.3531406120089479,-0.8578730407157574,1,NCOPspring,0,1
-0.4994595474819376,-0.26279044837241716,-0.7361286465914582,1,NCOPsummerlag1,0,1
-0.14192861328461776,0.07883606299012505,-0.36269328955936053,1,BEUTI_33N,0,0
-0.5211998239597422,-0.5468172699040945,-0.49558237801538974,1,BEUTI_39N,0,1
-0.29915662922185215,-0.4153337052118733,-0.18297955323183107,1,CUTI_33N,0,1
-0.5198947024865226,-0.42289968387246113,-0.6168897211005842,1,CUTI_39N,0,1
-0.24912321259111225,-0.6252715438584786,0.1270251186762541,1,OC_LUSI_33N,0,0
0.21373274724127728,-0.21027103600642838,0.637736530488983,1,OC_STI_33N,0,0
0.224266267475065,-0.1235429990213277,0.5720755339714576,1,RREAS_Myctophids,0,0
0.3330245172572609,0.4161449502020066,0.2499040843125152,1,RREAS_YOYsardine,0,1
-0.023707298551431,-0.35182834200554725,0.30441374490268525,1,age1SprSardmeanWAA,0,0
0.19196183507667913,-0.24103837311274512,0.6249620432661034,1,meanSSBwt,0,0
-0.6920133617068955,-0.7471824840748329,-0.6368442393389581,1,ZM_NorCal,0,1
-0.5755012878723067,-0.5871469540791378,-0.5638556216654755,1,ZM_SoCal,0,1
0.33417368262920866,0.20015467424387617,0.46819269101454114,1,sardRec,0,1
-0.04871205429492448,-0.03722499329397773,-0.0601991152958713,1,anchBioSmrySeas1,0,1
0.48937773067644486,0.5272651042420482,0.45149035711084157,1,summerSST,0,1
0.19616135599804574,0.3279465202601057,0.06437619173598579,1,avgOffTransspring,0,1
-0.23811514200843878,-0.5021009753895701,0.025870691372692378,1,avgOffTranssummer,0,0
-0.17352862873692423,-0.24464027841599228,-0.10241697905785618,1,sprRelOffTrans,0,1
-0.18271466883494517,0.0026318266050314176,-0.36806116427492175,1,sumRelOffTrans,0,0
0.25579478105674996,0.23145757064420752,0.28013199146929246,1,meanK,0,1
-0.3827871427990548,-0.4325654947119455,-0.3330087908861641,1,OC_LUSI_39N,0,1
0.14049949744206502,0.1531917188886121,0.12780727599551792,1,sardSpawnHab,0,1
0.6095164289643332,0.3365336472733258,0.8824992106553408,1,sardNurseHab,0,1
0.7154896906677204,0.5902612902473048,0.8407180910881358,1,springSST,0,1
0.07293291174545827,-0.1860133125502515,0.33187913604116803,1,randTest,0,0
-0.18322620274575627,-0.10686025418149596,-0.25959215131001656,2,NCOPspring,0,1
-0.06362524836277332,0.15871983152797586,-0.28597032825352253,2,NCOPsummerlag1,0,0
-0.22681930154202656,0.0732637449227616,-0.5269023480068147,2,BEUTI_33N,0,0
-0.1905656572358026,0.46744051712731677,-0.8485718315989219,2,BEUTI_39N,0,0
-0.11804391030098454,1.0716331559167276,-1.3077209765186968,2,CUTI_33N,0,0
-0.08692800660000179,0.40178745312234154,-0.5756434663223451,2,CUTI_39N,0,0
-0.1510207321194702,2.021870611185136,-2.323912075424076,2,OC_LUSI_33N,0,0
0.13388536154224856,2.330218056929457,-2.0624473338449603,2,OC_STI_33N,0,0
0.14636841633157643,1.9290986518007998,-1.636361819137647,2,RREAS_Myctophids,0,0
0.022869898685401402,0.9422940639328365,-0.8965542665620339,2,RREAS_YOYsardine,0,0
0.04292566160701197,1.998778088571029,-1.912926765357005,2,age1SprSardmeanWAA,0,0
0.013211569085285535,2.5659757300983266,-2.5395525919277553,2,meanSSBwt,0,0
-0.15275668656122027,0.8908396524093591,-1.1963530255317996,2,ZM_NorCal,0,0
-0.022441759731670036,0.892541368490525,-0.9374248879538651,2,ZM_SoCal,0,0
0.21394796341707695,1.0703784005695272,-0.6424824737353734,2,sardRec,0,0
-0.17909408879954347,0.30570767442216,-0.663895852021247,2,anchBioSmrySeas1,0,0
0.01793486897141766,0.9947738284771721,-0.9589040905343371,2,summerSST,0,0
0.1643704190363107,0.5084923768715066,-0.17975153879888517,2,avgOffTransspring,0,0
-0.06749253779972665,1.5721931613957891,-1.7071782369952424,2,avgOffTranssummer,0,0
-0.2127153675704288,0.4531957958054099,-0.8786265309462674,2,sprRelOffTrans,0,0
-0.06762048152318781,0.883858023459769,-1.0190989865061444,2,sumRelOffTrans,0,0
-0.0906506470669877,1.0583483704006877,-1.2396496645346633,2,meanK,0,0
-0.13898579376354286,0.6362846105092322,-0.914256198036318,2,OC_LUSI_39N,0,0
0.003090967784109777,1.4544601534191992,-1.4482782178509797,2,sardSpawnHab,0,0
0.12059738342924059,1.7639131814466422,-1.522718414588161,2,sardNurseHab,0,0
0.11893345062016811,1.4253630252732754,-1.1874961240329391,2,springSST,0,0
-0.05193213060552648,1.2457545335964928,-1.3496187948075455,2,randTest,0,0
-0.10869380242090625,-0.06339184669328285,-0.15399575814852964,3,NCOPspring,0,1
-0.13543894011275937,-0.17180890690877249,-0.09906897331674623,3,NCOPsummerlag1,0,1
0.16820822441331845,0.4675741716759831,-0.13115772284934615,3,BEUTI_33N,0,0
-0.0683911082303488,0.5521792719453925,-0.6889614884060901,3,BEUTI_39N,0,0
0.28817032446915924,0.7861104285942437,-0.20976977965592528,3,CUTI_33N,0,0
0.021676315096593998,0.589256205548151,-0.545903575354963,3,CUTI_39N,0,0
0.14871633366732878,2.1736358894060883,-1.8762032220714304,3,OC_LUSI_33N,0,0
-0.05561676340100158,1.7947265217746602,-1.9059600485766632,3,OC_STI_33N,0,0
0.4329752539450531,1.1835543350487432,-0.31760382715863705,3,RREAS_Myctophids,0,0
-0.26153726411569367,0.8584585002826852,-1.3815330285140726,3,RREAS_YOYsardine,0,0
0.07204637000659578,1.3495104940578715,-1.2054177540446802,3,age1SprSardmeanWAA,0,0
0.03198033135747916,1.9242920242512007,-1.8603313615362422,3,meanSSBwt,0,0
0.027297605742168052,1.1400672557002605,-1.0854720442159242,3,ZM_NorCal,0,0
-0.019210813528982906,0.8671517907975225,-0.9055734178554884,3,ZM_SoCal,0,0
0.11695619606864086,0.7688196895927741,-0.5349072974554924,3,sardRec,0,0
-0.05427815707336079,0.4262438857978764,-0.5348001999445979,3,anchBioSmrySeas1,0,0
-0.16155542875211026,0.964307034512692,-1.2874178920169124,3,summerSST,0,0
-0.15237559012905827,0.23157444726961599,-0.5363256275277325,3,avgOffTransspring,0,0
-0.4875571341338652,0.17774379755879088,-1.1528580658265213,3,avgOffTranssummer,0,0
0.045948333955568646,0.8271824842791021,-0.7352858163679648,3,sprRelOffTrans,0,0
0.5247764736170768,1.46680671966676,-0.41725377243260675,3,sumRelOffTrans,0,0
-0.02053960609714972,0.9815216563697872,-1.0226008685640866,3,meanK,0,0
0.059370083600527465,0.9153954242477501,-0.796655257046695,3,OC_LUSI_39N,0,0
0.6503024191142769,1.6219429823072202,-0.32133814407866645,3,sardSpawnHab,0,0
0.24287903623112445,1.2385271791134032,-0.7527691066511545,3,sardNurseHab,0,0
0.006921668240140427,1.273027647636769,-1.2591843111564882,3,springSST,0,0
-0.08581837109740431,0.6649947364466953,-0.8366314786415039,3,randTest,0,0
-0.15366450565939954,-0.08961943154070894,-0.21770957977809016,4,NCOPspring,0,1
-0.1846475569310605,-0.22430536606115706,-0.1449897478009639,4,NCOPsummerlag1,0,1
-0.012840987418079278,-0.49674632808189806,0.47106435324573953,4,BEUTI_33N,0,0
0.06066626672529661,-0.04990868807109217,0.17124122152168542,4,BEUTI_39N,0,0
-0.21456334124769805,-0.37268945784682445,-0.05643722464857165,4,CUTI_33N,0,1
0.03841543951487046,-0.3434925723509499,0.4203234513806908,4,CUTI_39N,0,0
0.7383774913043663,0.08207491721969795,1.3946800653890346,4,OC_LUSI_33N,0,1
-0.7056016498372468,-1.188866873474228,-0.2223364262002654,4,OC_STI_33N,0,1
-0.21416048261049286,-0.1819538712273271,-0.24636709399365886,4,RREAS_Myctophids,0,1
-0.3114019231953262,-1.2430500804022102,0.6202462340115578,4,RREAS_YOYsardine,0,0
-0.5787587541075299,-0.7435992439711897,-0.4139182642438701,4,age1SprSardmeanWAA,0,1
-0.7758472449915095,-1.30451682494919,-0.24717766503382954,4,meanSSBwt,0,1
0.21445508921207265,-0.3051795950131815,0.7340897734373268,4,ZM_NorCal,0,0
0.17359561928070616,-0.3588475210934371,0.7060387596548494,4,ZM_SoCal,0,0
-0.11899029880106964,-0.1364209381730011,-0.10155965942913836,4,sardRec,0,1
0.035373921583647765,-0.14529961071859904,0.21604745388589458,4,anchBioSmrySeas1,0,0
-0.27702223188305164,-1.1360265644211327,0.5819821006550298,4,summerSST,0,0
-0.020482158634021842,-0.36995142477775933,0.3289871075097157,4,avgOffTransspring,0,0
0.13319887041807993,0.043286715011299215,0.22311102582486075,4,avgOffTranssummer,0,1
0.18221753483488404,0.049878132463255176,0.31455693720651295,4,sprRelOffTrans,0,1
0.16369732567408155,-0.9352607904806634,1.2626554418288267,4,sumRelOffTrans,0,0
-0.32671387498247695,-0.9222931345202181,0.2688653845552642,4,meanK,0,0
0.19781619943098552,-0.136677041096466,0.5323094399584369,4,OC_LUSI_39N,0,0
0.0851954963548551,-0.6999477601349208,0.8703387528446308,4,sardSpawnHab,0,0
-0.2809028231113937,-0.3954024531580411,-0.1664031930647465,4,sardNurseHab,0,1
-0.2885037540625527,-0.8583592148687257,0.2813517067436203,4,springSST,0,0
0.3648843727201563,0.36296923450148955,0.366799510938823,4,randTest,0,1
-0.616467847746755,-0.3685718094899139,-0.8643638860035963,1,NCOPspring,0,1
-0.514105071901353,-0.2960037797075729,-0.732206364095133,1,NCOPsummerlag1,0,1
-0.16301371405687215,-0.1495812548125986,-0.1764461733011457,1,BEUTI_33N,0,1
-0.5731031723296882,-0.9746188618117214,-0.17158748284765485,1,BEUTI_39N,0,1
-0.32051747771437283,-0.10197447541256965,-0.5390604800161759,1,CUTI_33N,0,1
-0.5813709704180288,-1.666369133644419,0.5036271928083618,1,CUTI_39N,0,0
-0.14215776836567784,7.321417423345986,-7.605732960077341,1,OC_LUSI_33N,0,0
0.10740982952721274,6.257088485700315,-6.04226882664589,1,OC_STI_33N,0,0
0.12501828086907363,-2.3382995742180337,2.58833613595618,1,RREAS_Myctophids,0,0
0.3844463915257751,0.6063423657462748,0.16255041730527564,1,RREAS_YOYsardine,0,1
-0.11808418268483922,2.9571750665063634,-3.193343431876042,1,age1SprSardmeanWAA,0,0
0.06909101110636275,7.169139298288336,-7.03095727607561,1,meanSSBwt,0,0
-0.7056910309411988,2.9407247148295115,-4.352106776711909,1,ZM_NorCal,0,0
-0.5726888314581632,3.3046816213298484,-4.450059284246175,1,ZM_SoCal,0,0
0.25528616900822193,0.1385184916413582,0.3720538463750853,1,sardRec,0,1
-0.0678245369427863,0.9816300785992176,-1.1172791524847903,1,anchBioSmrySeas1,0,0
0.5398457305562476,1.1971588598373368,-0.11746739872484202,1,summerSST,0,0
0.2514162123654661,-0.6891605408515254,1.1919929655824575,1,avgOffTransspring,0,0
-0.09530049597372897,-2.43032500774494,2.2397240157974814,1,avgOffTranssummer,0,0
-0.15614318596168986,0.587084777307729,-0.899371149231109,1,sprRelOffTrans,0,0
-0.2819090287480814,-3.8750894176444453,3.3112713601482837,1,sumRelOffTrans,0,0
0.22082950015170166,5.572652024334114,-5.130993024030709,1,meanK,0,0
-0.3483906140368371,3.072257836373441,-3.769039064447115,1,OC_LUSI_39N,0,0
0.06507830892995817,-5.387275194236641,5.517431812096557,1,sardSpawnHab,0,0
0.5647143114806609,3.0867527200338127,-1.957324097072492,1,sardNurseHab,0,0
0.7238372114911584,5.253082313958188,-3.805407890975872,1,springSST,0,0
-0.13230068616815477,2.22184370971185,-2.486445082048159,1,randTest,0,0
-0.19817991935041832,-0.11848717130427727,-0.27787266739655936,2,NCOPspring,0,1
-0.07309345422619183,0.14774386407357146,-0.2939307725259551,2,NCOPsummerlag1,0,0
-0.25196397926677305,0.1109035881217022,-0.6148315466552484,2,BEUTI_33N,0,0
-0.20750866655355243,0.5559658987436396,-0.9709832318507443,2,BEUTI_39N,0,0
-0.16963883929778595,-0.552238759677572,0.21296108108200018,2,CUTI_33N,0,0
-0.11745690051248518,1.11586287124666,-1.3507766722716306,2,CUTI_39N,0,0
-0.05680917339862242,-11.102426337929513,10.988807991132266,2,OC_LUSI_33N,0,0
0.03232030115370112,-9.306964783252942,9.371605385560347,2,OC_STI_33N,0,0
0.03760155907234192,2.1662778451457037,-2.0910747270010193,2,RREAS_Myctophids,0,0
0.05390366537802478,-1.2813152242430137,1.3891225549990631,2,RREAS_YOYsardine,0,0
-0.005373569892913233,-4.011022147183311,4.0002750073974855,2,age1SprSardmeanWAA,0,0
-0.09820926871509653,-10.75589068618618,10.559472148755987,2,meanSSBwt,0,0
-0.15032613700188352,-5.268201542658754,4.967549268654986,2,ZM_NorCal,0,0
-0.010435389281950902,-5.409505837988154,5.388635059424251,2,ZM_SoCal,0,0
0.15588185979855929,-0.6969079695186355,1.0086716891157534,2,sardRec,0,0
-0.17998094114833746,-1.594866360112129,1.2349044778154539,2,anchBioSmrySeas1,0,0
0.04241113423480211,-1.8154177950630386,1.9002400635326442,2,summerSST,0,0
0.20806485745156839,1.3486182042865034,-0.9324884893833661,2,avgOffTransspring,0,0
0.06312804548790191,1.5987145674101768,-1.4724584764343724,2,avgOffTranssummer,0,0
-0.1953385407350371,-1.3887505791492598,0.9980734976791856,2,sprRelOffTrans,0,0
-0.1577229472478408,3.622391922139254,-3.9378378166349366,2,sumRelOffTrans,0,0
-0.12846994365534536,-7.5251887998759415,7.268248912565251,2,meanK,0,0
-0.11137378201976522,-5.140745072939331,4.917997508899801,2,OC_LUSI_39N,0,0
-0.09570405184023378,6.371299906529806,-6.562708010210273,2,sardSpawnHab,0,0
0.05072050233555796,-4.264571394993513,4.36601239966463,2,sardNurseHab,0,0
0.10320628191732537,-6.2562421625555515,6.462654726390202,2,springSST,0,0
-0.06293159295441875,-5.083335424605087,4.95747223869625,2,randTest,0,0
-0.12508145625513703,-0.07478329783798857,-0.17537961467228552,3,NCOPspring,0,1
-0.13120679386882803,-0.13092980518840158,-0.13148378254925447,3,NCOPsummerlag1,0,1
0.03840405011566935,0.5930208734384396,-0.5162127732071009,3,BEUTI_33N,0,0
-0.09909354894158437,2.2187473967570823,-2.416934494640252,3,BEUTI_39N,0,0
0.05454070366083429,3.940737578260345,-3.8316561709386767,3,CUTI_33N,0,0
-0.08298283924521588,6.484396035384758,-6.650361713875191,3,CUTI_39N,0,0
0.8528248628009031,14.747793505456348,-13.042143779854541,3,OC_LUSI_33N,0,0
-0.7646658300565173,13.528615950225904,-15.05794761033894,3,OC_STI_33N,0,0
-0.196442098907451,18.298031266782598,-18.690915464597502,3,RREAS_Myctophids,0,0
-0.21758369338291605,13.224468748231848,-13.659636134997678,3,RREAS_YOYsardine,0,0
-0.3174265623689633,2.44335157358862,-3.078204698326547,3,age1SprSardmeanWAA,0,0
-0.8304478273633945,14.818380960725996,-16.47927661545279,3,meanSSBwt,0,0
0.21254432543499852,5.106238204582431,-4.681149553712434,3,ZM_NorCal,0,0
0.20900505924127938,4.442352090963275,-4.024341972480716,3,ZM_SoCal,0,0
-0.28904472017812244,14.25919056762527,-14.837280007981512,3,sardRec,0,0
-0.0835464138182876,2.306694080671143,-2.4737869083077184,3,anchBioSmrySeas1,0,0
-0.17353850749421268,12.184573407844873,-12.531650422833298,3,summerSST,0,0
0.045789840779629526,5.5371613619842925,-5.445581680425032,3,avgOffTransspring,0,0
0.2944982795810537,23.867103477443077,-23.27810691828097,3,avgOffTranssummer,0,0
0.18137884886164987,5.218156688437636,-4.855398990714336,3,sprRelOffTrans,0,0
0.10073742953668466,18.163841514179865,-17.9623666551065,3,sumRelOffTrans,0,0
-0.4007831726889683,4.723417174560909,-5.5249835199388455,3,meanK,0,0
0.340488248177566,7.207704139387389,-6.526727643032258,3,OC_LUSI_39N,0,0
0.08703147572699972,20.096386157717408,-19.92232320626341,3,sardSpawnHab,0,0
-0.3311844321812137,13.19811396313029,-13.860482827492714,3,sardNurseHab,0,0
-0.26879441853096786,5.0753209832088935,-5.612909820270829,3,springSST,0,0
-0.7336257507683993,23.15285460592371,-24.62010610746051,3,randTest,0,0
0.13032603570509418,0.07791891009246318,0.18273316131772518,4,NCOPspring,0,1
0.16341888250363856,0.20680508517276905,0.12003267983450806,4,NCOPsummerlag1,0,1
-0.0875204110743986,-0.05036804920745493,-0.12467277294134232,4,BEUTI_33N,0,1
0.034991384481760805,0.2967911395248418,-0.22680837056132028,4,BEUTI_39N,0,0
-0.09461099591019839,3.0139088190941123,-3.203130810914509,4,CUTI_33N,0,0
-0.03728419662714626,1.7830561216149454,-1.8576245148692383,4,CUTI_39N,0,0
-0.0074825840310200065,29.48897274700827,-29.503937915070303,4,OC_LUSI_33N,0,0
-0.0529916572945688,26.42522822200581,-26.53121153659495,4,OC_STI_33N,0,0
-0.479121474487958,7.280369485455041,-8.238612434430959,4,RREAS_Myctophids,0,0
0.29374251532518764,10.73272983986201,-10.145244809211636,4,RREAS_YOYsardine,0,0
0.11287120451548913,9.588433071451105,-9.362690662420128,4,age1SprSardmeanWAA,0,0
-0.1092202175020369,29.70347254816749,-29.921912983171566,4,meanSSBwt,0,0
0.03939348357596138,12.69600655293325,-12.617219585781326,4,ZM_NorCal,0,0
0.09225062843471711,12.905020205642789,-12.720518948773355,4,ZM_SoCal,0,0
-0.28939141232456833,10.424481840700077,-11.003264665349214,4,sardRec,0,0
-0.01116644163462496,4.1538607920650366,-4.176193675334288,4,anchBioSmrySeas1,0,0
0.1894830264067156,10.912661271553542,-10.533695218740112,4,summerSST,0,0
0.17361164928783196,1.6255123730709766,-1.2782890744953126,4,avgOffTransspring,0,0
0.6211716716171188,12.590517505962454,-11.348174162728217,4,avgOffTranssummer,0,0
0.010513604639962662,5.477833193119741,-5.456805983839815,4,sprRelOffTrans,0,0
-0.5415060622557418,3.7740681158748357,-4.85708024038632,4,sumRelOffTrans,0,0
-0.06043162533089546,17.18701145268439,-17.30787470334618,4,meanK,0,0
0.07013871970294157,13.850248317951053,-13.709970878545171,4,OC_LUSI_39N,0,0
-0.7046026723172434,0.4217890460619266,-1.8309943906964135,4,sardSpawnHab,0,0
-0.3601409347620945,16.149525159709746,-16.869807029233936,4,sardNurseHab,0,0
-0.06078038607944184,15.230049187670616,-15.3516099598295,4,springSST,0,0
-0.3457869948411626,23.863113641592314,-24.55468763127464,4,randTest,0,0
-0.6410390099572936,-0.37586637037969634,-0.9062116495348908,1,NCOPspring,0,1
-0.5576153205646585,-0.246141997278014,-0.8690886438513029,1,NCOPsummerlag1,0,1
-0.030025378282038467,0.29125178301342325,-0.3513025395775002,1,BEUTI_33N,0,0
-0.5477219932807764,-0.2580201698613712,-0.8374238167001818,1,BEUTI_39N,0,1
-0.12483636925686456,0.1924675476106318,-0.44214028612436096,1,CUTI_33N,0,0
-0.5190930379350492,-0.21121678463042026,-0.8269692912396781,1,CUTI_39N,0,1
-0.12075213681089797,0.33033746258561775,-0.5718417362074137,1,OC_LUSI_33N,0,0
0.11071949626949062,0.4629377270629894,-0.24149873452400816,1,OC_STI_33N,0,0
0.32683891326965087,0.6374991678143974,0.016178658724904253,1,RREAS_Myctophids,0,1
0.2821911337829282,0.7119409951171985,-0.1475587275513423,1,RREAS_YOYsardine,0,0
-0.012733802385975653,0.40015237592359393,-0.4256199806955453,1,age1SprSardmeanWAA,0,0
-0.017838491274890032,0.5427670535505978,-0.578444036100378,1,meanSSBwt,0,0
-0.6216012578701035,-0.21341355141121762,-1.0297889643289893,1,ZM_NorCal,0,1
-0.45386336090961804,-0.05028912532088027,-0.8574375964983558,1,ZM_SoCal,0,1
0.1903985964558203,0.4504814236824646,-0.069684230770824,1,sardRec,0,0
-0.198502868009912,0.1132584720794928,-0.5102642080993167,1,anchBioSmrySeas1,0,0
0.43327524645023235,0.8767805213941232,-0.010230028493658422,1,summerSST,0,0
0.1470637275563207,0.415744461132928,-0.12161700602028672,1,avgOffTransspring,0,0
-0.32632454251901194,0.0011260972637796075,-0.6537751823018034,1,avgOffTranssummer,0,0
-0.08409149392479466,0.16430603637509805,-0.3324890242246874,1,sprRelOffTrans,0,0
-0.006007448925349448,0.4859501726198875,-0.49796507047058647,1,sumRelOffTrans,0,0
0.14734769716160362,0.6103090100680493,-0.3156136157448421,1,meanK,0,0
-0.2947713891464491,0.01628888898452721,-0.6058316672774254,1,OC_LUSI_39N,0,0
0.32506098167814695,0.870701215300699,-0.22057925194440522,1,sardSpawnHab,0,0
0.6065807302933461,0.9644835530091628,0.24867790757752953,1,sardNurseHab,0,1
0.6577085631934817,1.0914231128888565,0.22399401349810688,1,springSST,0,1
0.27385022292642136,0.6134477548699694,-0.06574730901712662,1,randTest,0,0
0.11103775305397834,0.06510579944003145,0.1569697066679252,2,NCOPspring,0,1
-0.0025547828666306893,0.0904076281904371,-0.09551719392369848,2,NCOPsummerlag1,0,0
0.04798085989812438,0.08540867497835095,0.010553044817897816,2,BEUTI_33N,0,1
0.18853471473275624,-0.11577522872187224,0.49284465818738465,2,BEUTI_39N,0,0
-0.09123323778714974,-0.16365100311044314,-0.018815472463856384,2,CUTI_33N,0,1
0.08151578430954483,-0.15447763520428706,0.3175092038233766,2,CUTI_39N,0,0
0.07463882453982623,-0.3064241532236058,0.4557018023032584,2,OC_LUSI_33N,0,0
-0.050725753427687315,-0.32329877584199984,0.22184726898662538,2,OC_STI_33N,0,0
-0.17698585409441836,-0.25267970545934104,-0.10129200272949568,2,RREAS_Myctophids,0,1
-0.08259807497734531,-0.5009285302549551,0.3357323803002644,2,RREAS_YOYsardine,0,0
-0.1867466454515827,-0.6070631952234511,0.23356990432028565,2,age1SprSardmeanWAA,0,0
-0.019703524933241096,-0.3927866052398931,0.3533795553734109,2,meanSSBwt,0,0
0.07668967679401606,-0.21881800606788998,0.37219735965592204,2,ZM_NorCal,0,0
-0.1000716596514883,-0.2175434673411404,0.017400148038163768,2,ZM_SoCal,0,0
0.05934092807054132,-0.04142121821163544,0.16010307435271814,2,sardRec,0,0
0.37957534681855226,0.043639187466054274,0.7155115061710503,2,anchBioSmrySeas1,0,1
-0.031997140365044696,-0.3756746148792216,0.3116803341491322,2,summerSST,0,0
-0.14560803133122346,-0.434579633346845,0.143363570684398,2,avgOffTransspring,0,0
0.07650336004866323,-0.01040501203814137,0.16341173213546784,2,avgOffTranssummer,0,0
0.0984135781405578,-0.03649157255626817,0.23331872883738375,2,sprRelOffTrans,0,0
-0.052792508262978294,-0.24839403592016074,0.1428090193942042,2,sumRelOffTrans,0,0
0.09001263012942727,-0.08565603335140126,0.2656812936102559,2,meanK,0,0
0.04531074507852974,-0.14140068106588963,0.23202217122294905,2,OC_LUSI_39N,0,0
0.03837744667383719,-0.3620686271220031,0.43882352046967743,2,sardSpawnHab,0,0
-0.06599913889554668,-0.2676725418158941,0.13567426402480082,2,sardNurseHab,0,0
-0.08460707647745372,-0.44170459810748064,0.27249044515257326,2,springSST,0,0
-0.13289437080925112,-0.5112743965427072,0.245485654924205,2,randTest,0,0
0.19401722044717892,0.11375992304352402,0.2742745178508338,3,NCOPspring,0,1
0.10959865521349829,0.10300851729872665,0.11618879312826993,3,NCOPsummerlag1,0,1
0.2602058123261917,0.5102341420123868,0.010177482639996627,3,BEUTI_33N,0,1
0.1653158421335122,0.38257697450099115,-0.05194529023396677,3,BEUTI_39N,0,0
0.2567089586466398,0.5219418804556815,-0.008523963162401775,3,CUTI_33N,0,0
0.12049757090078528,0.4050665989517678,-0.16407145715019728,3,CUTI_39N,0,0
0.17121049650406422,0.7840211654964347,-0.44160017248830624,3,OC_LUSI_33N,0,0
-0.12943136256544888,0.3152607593648344,-0.5741234844957321,3,OC_STI_33N,0,0
-0.007842742526829788,0.2478651457941618,-0.2635506308478214,3,RREAS_Myctophids,0,0
-0.06642491117873052,0.5120947856457418,-0.6449446080032029,3,RREAS_YOYsardine,0,0
-0.020385509014581252,0.29024323274659003,-0.33101425077575264,3,age1SprSardmeanWAA,0,0
-0.05835303192532673,0.5835553528908773,-0.7002614167415308,3,meanSSBwt,0,0
0.21644241771530168,0.6913878402506377,-0.2585030048200343,3,ZM_NorCal,0,0
0.12196682937748078,0.6033242464737693,-0.3593905877188077,3,ZM_SoCal,0,0
-0.26931674917621745,-0.14851602733563546,-0.3901174710167994,3,sardRec,0,1
-0.007755510370253668,0.22518463008465162,-0.24069565082515904,3,anchBioSmrySeas1,0,0
-0.1023975745136241,0.5047001186247458,-0.7094952676519942,3,summerSST,0,0
-0.15823941009421968,0.10470475675111762,-0.421183576939557,3,avgOffTransspring,0,0
-0.03369423939219945,0.2766057174351492,-0.3439941962195481,3,avgOffTranssummer,0,0
0.1883823254703898,0.3789532535262593,-0.002188602585479635,3,sprRelOffTrans,0,0
0.20881117044609776,0.8682051605225204,-0.4505828196303249,3,sumRelOffTrans,0,0
-0.015240066365688337,0.4914204508949982,-0.5219005836263749,3,meanK,0,0
0.18285339650340426,0.525929417300547,-0.1602226242937385,3,OC_LUSI_39N,0,0
0.05620374386165505,0.7018778540945557,-0.5894703663712457,3,sardSpawnHab,0,0
-0.1476461093003954,0.11502428362682712,-0.41031650222761784,3,sardNurseHab,0,0
-0.17678151747079485,0.35800690632406623,-0.7115699412656561,3,springSST,0,0
-0.1431708158667421,0.2728557735236755,-0.5591974052571598,3,randTest,0,0
0.013723132064814899,0.008046411777322003,0.019399852352307793,4,NCOPspring,0,1
-0.08486060391924392,0.051911711704794465,-0.22163291954328232,4,NCOPsummerlag1,0,0
0.10324347417731024,0.26590755490654067,-0.059420606551920205,4,BEUTI_33N,0,0
0.19756728030735562,0.6108600477542618,-0.21572548713955061,4,BEUTI_39N,0,0
0.13272853916690436,0.5465547738614469,-0.2810976955276382,4,CUTI_33N,0,0
0.21871286988012478,0.5947226191131937,-0.15729687935294406,4,CUTI_39N,0,0
0.4949119592495718,1.1003091328079408,-0.11048521430879708,4,OC_LUSI_33N,0,0
-0.354805046270525,0.09332686639785376,-0.8029369589389037,4,OC_STI_33N,0,0
0.13503572619199014,0.5013201814798733,-0.23124872909589317,4,RREAS_Myctophids,0,0
-0.46925468450658525,0.18084461458779708,-1.1193539836009676,4,RREAS_YOYsardine,0,0
-0.32601957547493243,0.26247982475402765,-0.9145189757038925,4,age1SprSardmeanWAA,0,0
-0.5140659737309718,0.16280231398845985,-1.1909342614504035,4,meanSSBwt,0,0
0.34808184574920464,0.8396307038590045,-0.14346701236059525,4,ZM_NorCal,0,0
0.2587854191123864,0.6555547337806429,-0.13798389555586998,4,ZM_SoCal,0,0
0.024646906335132484,0.45549709450552917,-0.4062032818352642,4,sardRec,0,0
0.09648020181098467,0.8194801321120657,-0.6265197284900964,4,anchBioSmrySeas1,0,0
-0.44467505116987466,0.15630680857911572,-1.0456569109188651,4,summerSST,0,0
-0.2403080861270861,0.1226040854489555,-0.6032202577031277,4,avgOffTransspring,0,0
-0.2232608165914411,0.09187396334668066,-0.5383955965295628,4,avgOffTranssummer,0,0
0.1291179107359709,0.3812687731373098,-0.12303295166536798,4,sprRelOffTrans,0,0
0.4570557673577831,0.9899980229548127,-0.07588648823924653,4,sumRelOffTrans,0,0
-0.323436879512029,0.142454844118891,-0.789328603142949,4,meanK,0,0
0.251067652715632,0.5929792906395062,-0.09084398520824216,4,OC_LUSI_39N,0,0
0.5511609850865467,1.233093918257281,-0.13077194808418804,4,sardSpawnHab,0,0
-0.185281374656734,0.17387508323107534,-0.5444378325445434,4,sardNurseHab,0,0
-0.39938307918321325,0.17107021731537203,-0.9698363756817987,4,springSST,0,0
-0.3648884879701463,0.13907544697740354,-0.8688524229176959,4,randTest,0,0
-0.6542653768525488,-0.38515076291957695,-0.9233799907855207,1,NCOPspring,0,1
-0.5592078689133262,-0.3283643265800381,-0.7900514112466143,1,NCOPsummerlag1,0,1
-0.03972094393004678,0.1798792298790221,-0.2593211177391157,1,BEUTI_33N,0,0
-0.5776083304045572,-0.25092826866713397,-0.9042883921419804,1,BEUTI_39N,0,1
-0.12562095632989642,0.12756394951767286,-0.3788058621774657,1,CUTI_33N,0,0
-0.5449830396569095,-0.24073614875710364,-0.8492299305567154,1,CUTI_39N,0,1
-0.15764396126135738,0.325280999740554,-0.6405689222632689,1,OC_LUSI_33N,0,0
0.15107447426238818,0.5510108965851036,-0.24886194806032727,1,OC_STI_33N,0,0
0.33855800765732946,0.6015737258091673,0.0755422895054917,1,RREAS_Myctophids,0,1
0.3303612173190471,0.8027198853852991,-0.141997450747205,1,RREAS_YOYsardine,0,0
-0.00959469744744175,0.4390605031446765,-0.45824989803955996,1,age1SprSardmeanWAA,0,0
0.010237694043280121,0.5365585516702887,-0.5160831635837284,1,meanSSBwt,0,0
-0.6662230494313685,-0.2761673422922799,-1.056278756570457,1,ZM_NorCal,0,1
-0.4786156136760653,-0.17530383941544136,-0.7819273879366894,1,ZM_SoCal,0,1
0.20480593365915778,0.4492474230478336,-0.039635555729518,1,sardRec,0,0
-0.219259815049762,0.16732890056073924,-0.6058485306602632,1,anchBioSmrySeas1,0,0
0.4703122288413549,0.8809235119177292,0.05970094576498047,1,summerSST,0,1
0.17174473623452116,0.4764756142846153,-0.13298614181557306,1,avgOffTransspring,0,0
-0.3254576971581409,-0.0636922591721969,-0.587223135144085,1,avgOffTranssummer,0,1
-0.11483868563848804,0.1521200799228155,-0.3817974511997916,1,sprRelOffTrans,0,0
-0.03931410413672018,0.3712269261709376,-0.449855134444378,1,sumRelOffTrans,0,0
0.1564788297629606,0.5416546653554932,-0.228697005829572,1,meanK,0,0
-0.3129170285304151,-0.03541468311774206,-0.5904193739430881,1,OC_LUSI_39N,0,1
0.29018784593438857,0.8055554394395469,-0.2251797475707697,1,sardSpawnHab,0,0
0.6233986906953728,0.9663567897988101,0.2804405915919356,1,sardNurseHab,0,1
0.7045926168684064,1.1242701691695103,0.2849150645673025,1,springSST,0,1
0.0770542442438751,0.35953469644222963,-0.20542620795447944,1,randTest,0,0
-0.04817372617552008,-0.028358748675404666,-0.06798870367563549,2,NCOPspring,0,1
0.05262250853084074,0.2215740936089409,-0.11632907654725941,2,NCOPsummerlag1,0,0
-0.039523009549174246,0.3146904354331091,-0.3937364545314576,2,BEUTI_33N,0,0
-0.13574606978397308,-0.006795418941821785,-0.26469672062612437,2,BEUTI_39N,0,1
0.11320435903095948,0.3960085041563094,-0.16959978609439047,2,CUTI_33N,0,0
-0.042754060931691804,0.20469361698195515,-0.29020173884533873,2,CUTI_39N,0,0
-0.11490608024464519,0.49884308232970725,-0.7286552428189975,2,OC_LUSI_33N,0,0
0.09723402850636742,0.57202806642079,-0.3775600094080551,2,OC_STI_33N,0,0
0.13577879710528312,0.4816734884924323,-0.21011589428186608,2,RREAS_Myctophids,0,0
0.10487520431572708,0.6656135809092318,-0.45586317227777773,2,RREAS_YOYsardine,0,0
0.16919967526533808,0.4009408440238632,-0.06254149349318691,2,age1SprSardmeanWAA,0,0
0.047055488264840795,0.7290055551700463,-0.6348945786403647,2,meanSSBwt,0,0
-0.04147575010498583,0.40769194438481626,-0.4906434445947879,2,ZM_NorCal,0,0
0.13265206721771644,0.6506095657449841,-0.3853054313095512,2,ZM_SoCal,0,0
-0.09078223771181601,0.06667426675876567,-0.2482387421823977,2,sardRec,0,0
-0.36829860836340367,-0.2575886943476883,-0.47900852237911895,2,anchBioSmrySeas1,0,1
0.024906349230813474,0.6086496935812623,-0.5588369951196352,2,summerSST,0,0
0.13311878989428289,0.32289360747614304,-0.05665602768757719,2,avgOffTransspring,0,0
-0.031906326757737836,0.34159707960336594,-0.40540973311884154,2,avgOffTranssummer,0,0
-0.10731855663829565,0.08920038594975227,-0.30383749922634357,2,sprRelOffTrans,0,0
0.004392698096355729,0.7383397709509799,-0.7295543747582685,2,sumRelOffTrans,0,0
-0.08043802564470504,0.5245526565434185,-0.6854287078328286,2,meanK,0,0
-0.02293097825346556,0.3157094431543093,-0.3615713996612404,2,OC_LUSI_39N,0,0
-0.09389183136338675,0.5520314537336548,-0.7398151164604283,2,sardSpawnHab,0,0
0.019132408203047985,0.28949691101985264,-0.2512320946137567,2,sardNurseHab,0,0
0.046183435485416785,0.5361179261508957,-0.4437510551800621,2,springSST,0,0
-0.18083267122268076,-0.10486865151658128,-0.2567966909287801,2,randTest,0,1
0.18788095403702346,0.11060113425767573,0.2651607738163712,3,NCOPspring,0,1
0.10060336018705748,-0.06285697278792235,0.2640636931620373,3,NCOPsummerlag1,0,0
0.25336811293819617,0.28529497181455765,0.2214412540618347,3,BEUTI_33N,0,1
0.15977242103340972,0.35945937710226744,-0.039914535035447965,3,BEUTI_39N,0,0
0.24080983339821413,0.31060424308528223,0.17101542371114614,3,CUTI_33N,0,1
0.10842733386757505,0.30663045341419426,-0.08977578567904415,3,CUTI_39N,0,0
0.16470364272870933,0.7180217275802147,-0.38861444212279606,3,OC_LUSI_33N,0,0
-0.1266879476263127,0.31032145960055124,-0.5636973548531766,3,OC_STI_33N,0,0
-0.015459212596034326,0.09538322606359077,-0.12630165125565945,3,RREAS_Myctophids,0,0
-0.06126897225295766,0.4715718257160735,-0.5941097702219889,3,RREAS_YOYsardine,0,0
-0.02085526530917889,0.27024159460994746,-0.31195212522830523,3,age1SprSardmeanWAA,0,0
-0.04943515172992015,0.4172782564543024,-0.5161485599141427,3,meanSSBwt,0,0
0.20353061905651693,0.5479337483367632,-0.14087251022372924,3,ZM_NorCal,0,0
0.10056677850868076,0.3181320452635959,-0.11699848824623449,3,ZM_SoCal,0,0
-0.25863870223762686,-0.23415487331576618,-0.2831225311594875,3,sardRec,0,1
0.019086325502650013,0.2909720562792324,-0.25279940527393235,3,anchBioSmrySeas1,0,0
-0.085624140570096,0.354266501539223,-0.525514782679415,3,summerSST,0,0
-0.16022174291485733,0.10702562812833508,-0.42746911395804976,3,avgOffTransspring,0,0
-0.02226136681177765,0.11843517998560339,-0.16295791360915873,3,avgOffTranssummer,0,0
0.1927659732775972,0.37651080558445793,0.009021140970736446,3,sprRelOffTrans,0,1
0.18957761442077647,0.6120278698446829,-0.23287264100313,3,sumRelOffTrans,0,0
-0.0022634771993827046,0.27981603324535104,-0.28434298764411653,3,meanK,0,0
0.1728966373731842,0.39009250467769,-0.04429922993132175,3,OC_LUSI_39N,0,0
0.05674954541730409,0.545707188907773,-0.43220809807316496,3,sardSpawnHab,0,0
-0.13172922708216941,0.032597015244194075,-0.29605546940853295,3,sardNurseHab,0,0
-0.16271953636837241,0.23585289382380115,-0.5612919665605458,3,springSST,0,0
-0.04002887304497991,0.1505006256341626,-0.23055837172412236,3,randTest,0,0
0.02768334711130984,0.016296540574072583,0.039070153648547094,4,NCOPspring,0,1
0.09302000342588221,0.19561603056626675,-0.009576023714502349,4,NCOPsummerlag1,0,0
-0.0844030867777773,0.07224648754536614,-0.24105266110092072,4,BEUTI_33N,0,0
-0.11385666998359809,0.3444923484996494,-0.5722056884668456,4,BEUTI_39N,0,0
-0.10447319286804418,0.3781028137660626,-0.587049199502151,4,CUTI_33N,0,0
-0.1529439502906197,0.2584980894722073,-0.5643859900534468,4,CUTI_39N,0,0
-0.5204520980134014,0.33895423539804825,-1.379858431424851,4,OC_LUSI_33N,0,0
0.4067487856593309,1.101430001210535,-0.28793242989187307,4,OC_STI_33N,0,0
-0.17728506759966678,0.2429899097424859,-0.5975600449418195,4,RREAS_Myctophids,0,0
0.47212565387310124,1.3627638716430304,-0.418512563896828,4,RREAS_YOYsardine,0,0
0.2686696388893913,0.9183111841346027,-0.38097190635581996,4,age1SprSardmeanWAA,0,0
0.5032565648989258,1.3300042943916348,-0.3234911645937834,4,meanSSBwt,0,0
-0.28968180841281466,0.28703251902733745,-0.8663961358529668,4,ZM_NorCal,0,0
-0.2031631569580523,0.21984505883390187,-0.6261713727500064,4,ZM_SoCal,0,0
-0.047645783883494844,0.447236735827332,-0.5425283035943218,4,sardRec,0,0
-0.08131251649724408,0.8116231505318223,-0.9742481835263106,4,anchBioSmrySeas1,0,0
0.39612297194650165,1.1165117900497585,-0.3242658461567553,4,summerSST,0,0
0.20420767690832872,0.6473383476819417,-0.23892299386528418,4,avgOffTransspring,0,0
0.233473629363594,0.579357645550953,-0.11241038682376502,4,avgOffTranssummer,0,0
-0.14692587007113683,0.19287182565549757,-0.4867235657977713,4,sprRelOffTrans,0,0
-0.47772114238414587,0.19496458393012644,-1.1504068686984184,4,sumRelOffTrans,0,0
0.3186572008276149,0.8513399072095909,-0.21402550555436106,4,meanK,0,0
-0.21011428816264527,0.1690643436520947,-0.5892929199773852,4,OC_LUSI_39N,0,0
-0.541369431747215,0.29797438572939655,-1.3807132492238265,4,sardSpawnHab,0,0
0.1310288665747171,0.5219497611548212,-0.2598920280053869,4,sardNurseHab,0,0
0.3284292470733705,0.9939421639150203,-0.3370836697682793,4,springSST,0,0
-0.1438081724859343,0.38040778509491097,-0.6680241300667795,4,randTest,0,0
-0.6342885577945276,-0.3658537001429086,-0.9027234154461468,1,NCOPspring,0,1
-0.5244909099837902,-0.23189861910633208,-0.8170832008612483,1,NCOPsummerlag1,0,1
-0.09762621319248588,0.15059770710478504,-0.34585013348975674,1,BEUTI_33N,0,0
-0.4650925485450937,-0.15479788254206062,-0.7753872145481266,1,BEUTI_39N,0,1
-0.09009025109506626,0.2220463037535463,-0.4022268059436788,1,CUTI_33N,0,0
-0.33480079011421743,-0.017866111981177765,-0.6517354682472571,1,CUTI_39N,0,1
-0.35349441567340095,-0.14420687097570428,-0.5627819603710978,1,OC_LUSI_33N,0,1
0.34448977115343266,0.5508106858957014,0.13816885641116392,1,OC_STI_33N,0,1
0.15409114294277343,0.4550389377863903,-0.14685665190084338,1,RREAS_Myctophids,0,0
0.4732267601008415,0.7286955421532537,0.2177579780484295,1,RREAS_YOYsardine,0,1
0.09447799066310127,0.6013864873588429,-0.4124305060326403,1,age1SprSardmeanWAA,0,0
0.22468416635712893,0.715773247744121,-0.2664049150298632,1,meanSSBwt,0,0
-0.6178520186039969,-0.28456315902149526,-0.9511408781864985,1,ZM_NorCal,0,1
-0.481652401136485,-0.17931063470555725,-0.7839941675674128,1,ZM_SoCal,0,1
0.24004502136284808,0.4747070300310333,0.00538301269466285,1,sardRec,0,1
-0.12524711795283766,0.18146147774517235,-0.43195571365084773,1,anchBioSmrySeas1,0,0
0.48477456301934924,0.7797014645186746,0.18984766152002386,1,summerSST,0,1
0.3978084637117807,0.6315228890778536,0.16409403834570788,1,avgOffTransspring,0,1
-0.020240662988478392,0.2769901134289083,-0.3174714394058651,1,avgOffTranssummer,0,0
-0.41324207678481617,-0.139814171874663,-0.6866699816949694,1,sprRelOffTrans,0,1
-0.35578772116779556,-0.057455306086292124,-0.6541201362492988,1,sumRelOffTrans,0,1
0.15055965922114145,0.5020099392989422,-0.20089062085665935,1,meanK,0,0
-0.38603907337123694,-0.1581730500762724,-0.6139050966662015,1,OC_LUSI_39N,0,1
0.18371262783287254,0.525290957298568,-0.15786570163282287,1,sardSpawnHab,0,0
0.5943552385430769,0.9091947267175424,0.2795157503686113,1,sardNurseHab,0,1
0.7041059542706238,1.053265487181849,0.3549464213593988,1,springSST,0,1
-0.04473689958177717,0.19674618470543445,-0.2862199838689887,1,randTest,0,0
0.08812214535110274,0.050828306052583656,0.12541598464962184,2,NCOPspring,0,1
-0.030992747354799968,0.1090089562822619,-0.17099445099186183,2,NCOPsummerlag1,0,0
0.019280922060903136,0.088993899035442,-0.050432054913635706,2,BEUTI_33N,0,0
0.4010962768923812,0.23306667627278554,0.569125877511977,2,BEUTI_39N,0,1
-0.0674870619542606,0.0580599910142515,-0.19303411492277284,2,CUTI_33N,0,0
0.3542604852193787,0.27204046487514805,0.43648050556360934,2,CUTI_39N,0,1
0.08666757206440796,0.05569044436696886,0.1176446997618471,2,OC_LUSI_33N,0,1
-0.041693660186217583,-0.05205808490907156,-0.031329235463363615,2,OC_STI_33N,0,1
-0.367710505953096,-0.4459810349148382,-0.28943997699135376,2,RREAS_Myctophids,0,1
-0.1279490544364297,-0.13785804259273515,-0.11804006628012424,2,RREAS_YOYsardine,0,1
-0.6398005458146143,-0.7644950693329302,-0.5151060222962981,2,age1SprSardmeanWAA,0,1
-0.6066973994316763,-0.7066809778597706,-0.5067138210035823,2,meanSSBwt,0,1
0.3534864635961982,0.2477733168408181,0.45919961035157836,2,ZM_NorCal,0,1
0.21214438847844902,0.20815848612005694,0.2161302908368411,2,ZM_SoCal,0,1
-0.08306206565461925,-0.08377713394681906,-0.08234699736241938,2,sardRec,0,1
0.34903319471582783,0.2658741601056011,0.4321922293260547,2,anchBioSmrySeas1,0,1
-0.2652735051845902,-0.2803969450763253,-0.25015006529285516,2,summerSST,0,1
-0.05593780586589899,-0.05287695243590376,-0.05899865929589424,2,avgOffTransspring,0,1
0.36350453174293734,0.31607566944517457,0.4109333940407002,2,avgOffTranssummer,0,1
-0.06043868058876095,0.0172318103756696,-0.13810917155319147,2,sprRelOffTrans,0,0
-0.21692413655612083,-0.13308247086887393,-0.3007658022433678,2,sumRelOffTrans,0,1
-0.21197584851961734,-0.19439737250924527,-0.22955432452998945,2,meanK,0,1
0.11043856177190695,0.08026540684812843,0.14061171669568548,2,OC_LUSI_39N,0,1
0.09230730439455107,0.1173952711473973,0.0672193376417049,2,sardSpawnHab,0,1
-0.25769337087704175,-0.2818191756732066,-0.23356756608087703,2,sardNurseHab,0,1
-0.37618666702029563,-0.45527801584537225,-0.29709531819521895,2,springSST,0,1
-0.25862136935129015,-0.3648201345201112,-0.152422604182469,2,randTest,0,1
0.015601371180248964,0.008998773986154769,0.02220396837434316,3,NCOPspring,0,1
-0.049609382082992044,0.051921832480805195,-0.1511405966467893,3,NCOPsummerlag1,0,0
0.19273323477143575,0.5239452845957879,-0.1384788150529164,3,BEUTI_33N,0,0
0.0943453904275265,0.37587823087108624,-0.18718745001603326,3,BEUTI_39N,0,0
0.3167208286175536,0.6846377814052149,-0.051196124170107826,3,CUTI_33N,0,0
0.13830298222370022,0.5264196055163174,-0.24981364106891701,3,CUTI_39N,0,0
0.061498805418523816,0.21436252556701058,-0.09136491472996291,3,OC_LUSI_33N,0,0
-0.021365743128206202,0.10169529359902746,-0.14442677985543984,3,OC_STI_33N,0,0
0.0423196943098365,0.25763368913400686,-0.17299430051433384,3,RREAS_Myctophids,0,0
0.0025215471236877188,0.18881587569514194,-0.1837727814477665,3,RREAS_YOYsardine,0,0
0.006521572183297526,0.4170534030252008,-0.40401025865860546,3,age1SprSardmeanWAA,0,0
-0.08123317585458956,0.4022661434397865,-0.5647324951489654,3,meanSSBwt,0,0
0.16916995725609774,0.5753562707462394,-0.23701635623404393,3,ZM_NorCal,0,0
0.1181464580878071,0.539276277533236,-0.3029833613576219,3,ZM_SoCal,0,0
-0.20218767001546095,0.076534372508129625,-0.4809097125390515,3,sardRec,0,0
-0.08704112879740067,0.18297778571508938,-0.3570600433098907,3,anchBioSmrySeas1,0,0
-0.05206306423098038,0.27799194333332494,-0.3821180717952857,3,summerSST,0,0
-0.01651149045288703,0.19096431257613403,-0.22398729348190805,3,avgOffTransspring,0,0
0.005378957898921365,0.25484535583953793,-0.2440874400416953,3,avgOffTranssummer,0,0
0.03361049363709735,0.3029080337803963,-0.23568704650620162,3,sprRelOffTrans,0,0
0.12596579075716,0.3121881891236869,-0.06025660760936685,3,sumRelOffTrans,0,0
-0.10709541456466312,0.3534269189607892,-0.5676177480901156,3,meanK,0,0
0.1250387165949538,0.3540245072603209,-0.10394707407041337,3,OC_LUSI_39N,0,0
0.3215381218021254,0.80266437693681425,-0.1595881333325636,3,sardSpawnHab,0,0
0.0068435585769129476,0.22493478264268085,-0.21124766548885493,3,sardNurseHab,0,0
-0.10107573687572788,0.2814370240284981,-0.483588497779954,3,springSST,0,0
-0.06016056973243213,0.13589049489292934,-0.2562116343577936,3,randTest,0,0
0.02911882004919895,0.0167955545277958,0.041442085570602104,4,NCOPspring,0,1
-0.023178395930809132,0.045585967415204404,-0.09194275927682267,4,NCOPsummerlag1,0,0
0.1001762246113902,0.27297537915782366,-0.07262292993504321,4,BEUTI_33N,0,0
-0.05107465589252014,0.7439754833171393,-0.8461247951021794,4,BEUTI_39N,0,0
-0.07635640585070724,0.45229991440304373,-0.6050127261044582,4,CUTI_33N,0,0
-0.17605086588267457,0.5929719244974274,-0.9450736562627766,4,CUTI_39N,0,0
-0.015603950873787326,0.21851547229214302,-0.24972337403971764,4,OC_LUSI_33N,0,0
-0.00552523335785151,0.18311832157251734,-0.19416878828822037,4,OC_STI_33N,0,0
-0.02686844571325367,0.7732455722672389,-0.8269824636937462,4,RREAS_Myctophids,0,0
0.09667763026382309,0.4179875565346961,-0.22463229600704993,4,RREAS_YOYsardine,0,0
0.03765251495463705,1.4324519811460648,-1.3571469512367904,4,age1SprSardmeanWAA,0,0
0.18403469893237592,1.5026966819997696,-1.1346272841350178,4,meanSSBwt,0,0
-0.16149720438556614,0.5814789243892536,-0.9044733331603858,4,ZM_NorCal,0,0
-0.22984099817370562,0.3211416479982689,-0.7808236443456801,4,ZM_SoCal,0,0
-0.01210483303486537,0.29986015144931083,-0.32406981751904157,4,sardRec,0,0
0.1548625109059728,0.9840082553623539,-0.6742832335504082,4,anchBioSmrySeas1,0,0
0.19168820189015134,0.7925617781240658,-0.40918537434376306,4,summerSST,0,0
-0.11822807853645366,0.14226884438181062,-0.37872500145471794,4,avgOffTransspring,0,0
-0.07762648392831657,0.7255520011010961,-0.8808049689577291,4,avgOffTranssummer,0,0
0.17069536959911782,0.5408080454824965,-0.19941730628426088,4,sprRelOffTrans,0,0
-0.0020003267698139107,0.6212225059967614,-0.6252231595363893,4,sumRelOffTrans,0,0
0.25864859569593684,0.8833146826894201,-0.3660174912975467,4,meanK,0,0
-0.04144081053020329,0.25583903913371825,-0.33872066019412483,4,OC_LUSI_39N,0,0
-0.12147894703111775,0.3740597453583642,-0.6170176394205997,4,sardSpawnHab,0,0
0.09413465174183364,0.6474179303682636,-0.45914862688459634,4,sardNurseHab,0,0
0.18368253080038016,0.9667875996374086,-0.5994225380366482,4,springSST,0,0
0.01831523760590626,0.5879778850478843,-0.5513474098360718,4,randTest,0,0
-0.5758873338292039,-0.3364462784108978,-0.8153283892475099,1,NCOPspring,0,1
-0.5261924897944678,-0.204084144643135,-0.8483008349458006,1,NCOPsummerlag1,0,1
-0.05941489362073197,0.32488394417933075,-0.4437137314207947,1,BEUTI_33N,0,0
-0.44989615181252357,-0.0027864398269854262,-0.8970058637980618,1,BEUTI_39N,0,1
-0.14505464011603325,0.32901373583990623,-0.6191230160719728,1,CUTI_33N,0,0
-0.41297834039170767,0.03620644434082278,-0.8621631251242382,1,CUTI_39N,0,0
0.03453131469069386,0.7694362680652627,-0.7003736386838749,1,OC_LUSI_33N,0,0
-0.025579482638330483,0.5800968778050086,-0.6312558430816695,1,OC_STI_33N,0,0
0.3219735144986286,0.8003037428930907,-0.15635671389583353,1,RREAS_Myctophids,0,0
0.07354730061597167,0.8246854907592257,-0.6775908895272825,1,RREAS_YOYsardine,0,0
0.05437649584286791,0.7260178204121917,-0.6172648287264559,1,age1SprSardmeanWAA,0,0
-0.04414659133118367,0.7275278764271015,-0.8158210590894688,1,meanSSBwt,0,0
-0.4727486608434144,0.12502775943502403,-1.070525081121853,1,ZM_NorCal,0,0
-0.33898452353106123,0.23581469713600392,-0.9137837441981264,1,ZM_SoCal,0,0
0.26510483694660597,0.7381518735303577,-0.20794219963714566,1,sardRec,0,0
-0.09454393469772356,0.5968214597832954,-0.7859093291787425,1,anchBioSmrySeas1,0,0
0.26404474132115213,0.9401957593897168,-0.4121062767474125,1,summerSST,0,0
0.054037319181130195,0.4859976290400603,-0.3779229906777999,1,avgOffTransspring,0,0
-0.3527615080145583,0.1331525059777483,-0.8386755220068649,1,avgOffTranssummer,0,0
-0.03428475884364829,0.3811521863111771,-0.44972170399847367,1,sprRelOffTrans,0,0
0.12419533505999836,0.9376238200236657,-0.6892331499036691,1,sumRelOffTrans,0,0
0.08147892082015526,0.6832461428848341,-0.5202883012445236,1,meanK,0,0
-0.20470618499461968,0.24729565259166006,-0.6567080225808994,1,OC_LUSI_39N,0,0
0.5253661495573686,1.4510015832616834,-0.40026928414694624,1,sardSpawnHab,0,0
0.5332669891450498,0.9776284680671945,0.08890551022290491,1,sardNurseHab,0,1
0.4888451269407742,1.1330249075084773,-0.15533465362692875,1,springSST,0,0
0.1488517173969295,0.6662685262387864,-0.36856509144492744,1,randTest,0,0
0.12091834245067166,0.07064320383404811,0.1711934810672952,2,NCOPspring,0,1
0.01146070717494474,0.10381095418739994,-0.08088953983751046,2,NCOPsummerlag1,0,0
0.019594767540579816,0.031696470250287656,0.007493064830872004,2,BEUTI_33N,0,1
0.24352246140886652,-0.03225890850285376,0.5193038313205867,2,BEUTI_39N,0,0
-0.07171555774041383,-0.06338558255958594,-0.08004553292124172,2,CUTI_33N,0,1
0.1605041883841679,-0.0626923084186039,0.3837006851869398,2,CUTI_39N,0,0
0.10269707707554744,-0.19907902398403488,0.4044731781351298,2,OC_LUSI_33N,0,0
-0.03310469199261096,-0.2052419930478879,0.13903260906266587,2,OC_STI_33N,0,0
-0.15670586000349068,-0.17045567349292007,-0.14295604651406138,2,RREAS_Myctophids,0,1
-0.15442448449986634,-0.5133404786306986,0.20449150963096607,2,RREAS_YOYsardine,0,0
-0.31717098830333607,-0.6574393076316271,0.02309733102495501,2,age1SprSardmeanWAA,0,0
-0.15185409296358393,-0.5091559516683004,0.20544776574113255,2,meanSSBwt,0,0
0.1400037777344601,-0.1127736287215804,0.3927811841905005,2,ZM_NorCal,0,0
-0.08178094889874604,-0.13660654243727283,-0.02695535536021931,2,ZM_SoCal,0,1
0.10245482134322742,0.12144112810702094,0.08346851457943388,2,sardRec,0,1
0.4264756765312575,0.208039765013267,0.6449115880492481,2,anchBioSmrySeas1,0,1
-0.12408328371776506,-0.40328193172559,0.15511536429005993,2,summerSST,0,0
-0.13236505775954127,-0.3916836155654617,0.12695350004637915,2,avgOffTransspring,0,0
0.09011280500112118,0.049772229171132956,0.13045338083110947,2,avgOffTranssummer,0,1
0.026766424957515904,-0.04319731893479695,0.09673016884982864,2,sprRelOffTrans,0,0
-0.06694319350610087,-0.1580031159214652,0.02411672890926354,2,sumRelOffTrans,0,0
-0.00398261916009611,-0.14689935023127113,0.13893411191107888,2,meanK,0,0
0.045893615368748406,-0.07772013656729797,0.16950736730479465,2,OC_LUSI_39N,0,0
0.10090824939491642,-0.30039681908088095,0.5022133178707139,2,sardSpawnHab,0,0
-0.09781558109891983,-0.2407376962561837,0.04510653405834397,2,sardNurseHab,0,0
-0.16919960949303603,-0.46786102732810975,0.1294618083420377,2,springSST,0,0
-0.21974886957517004,-0.17344701801132503,-0.26605072113901507,2,randTest,0,1
0.21112653944716883,0.12334485288721142,0.29890822600712624,3,NCOPspring,0,1
0.1069423190271122,0.12774066624941233,0.08614397180481206,3,NCOPsummerlag1,0,1
0.29269425387692005,0.6470160629877728,-0.06162755523393271,3,BEUTI_33N,0,0
0.18055915077586118,0.4249196896781876,-0.06380138812646526,3,BEUTI_39N,0,0
0.26051865615903597,0.6213806950531211,-0.1003433827350492,3,CUTI_33N,0,0
0.12548778362151272,0.447234188949291,-0.19625862170626554,3,CUTI_39N,0,0
0.25817216793360026,1.105035037668123,-0.5886907018009226,3,OC_LUSI_33N,0,0
-0.22805464989171587,0.46555137275516806,-0.9216606725385998,3,OC_STI_33N,0,0
-9.30015192277367e-4,0.38150738798062805,-0.3833674183651828,3,RREAS_Myctophids,0,0
-0.14398845977014138,0.6746182185163346,-0.9625951380566174,3,RREAS_YOYsardine,0,0
-0.037871965766692606,0.291002806508169,-0.3667467380415542,3,age1SprSardmeanWAA,0,0
-0.09678111978969778,0.5967277320199454,-0.7902899715993409,3,meanSSBwt,0,0
0.2608748965633234,0.843002477480408,-0.32125268435376114,3,ZM_NorCal,0,0
0.14150019467490949,0.708655152085069,-0.42565476273525016,3,ZM_SoCal,0,0
-0.2845768856072825,-0.07765847088014377,-0.4914953003344214,3,sardRec,0,1
0.019940106395415456,0.38675172362189325,-0.3468715108310623,3,anchBioSmrySeas1,0,0
-0.14137245925906497,0.5911116739987412,-0.873856592516871,3,summerSST,0,0
-0.22514221091091952,0.16162582974923173,-0.6119102515710708,3,avgOffTransspring,0,0
-0.0741155359575854,0.3799125048509839,-0.5281435767661546,3,avgOffTranssummer,0,0
0.2748085048421722,0.6323560459860447,-0.08273903630170032,3,sprRelOffTrans,0,0
0.3125511641627913,1.2836605164865698,-0.6585581881609875,3,sumRelOffTrans,0,0
-0.007728226920147754,0.5361267866329995,-0.551583240473295,3,meanK,0,0
0.23134456495587724,0.6799860224299037,-0.21729689251814932,3,OC_LUSI_39N,0,0
0.11961871540818186,1.0876912338032567,-0.8484538029868931,3,sardSpawnHab,0,0
-0.1672247046980112,0.07472390248867763,-0.40917331188469996,3,sardNurseHab,0,0
-0.21619375633500731,0.4124244068431119,-0.8448119195131266,3,springSST,0,0
0.16638236865046813,0.3995377035926974,-0.0667729662917612,3,randTest,0,0
0.19909753764547408,0.11631724062446545,0.2818778346664827,4,NCOPspring,0,1
0.1318284673758603,0.10139149977960112,0.16226543497211948,4,NCOPsummerlag1,0,1
0.08187626994091186,0.0863817318518023,0.07737080803002142,4,BEUTI_33N,0,1
0.28588918676809716,0.6763797063295944,-0.1046013327934,4,BEUTI_39N,0,0
0.18721379035240687,0.44637382328425257,-0.07194624257943882,4,CUTI_33N,0,0
0.3405178972165691,0.6547751490342871,0.02626064539885098,4,CUTI_39N,0,1
0.4588978469130621,0.8911817467675092,0.02661394705861521,4,OC_LUSI_33N,0,1
-0.3564959702838698,-0.06865576638822603,-0.6443361741795136,4,OC_STI_33N,0,1
0.08435021470769999,0.3353907746427148,-0.16669034522731485,4,RREAS_Myctophids,0,0
-0.5182410380779345,0.008688848819746686,-1.0451709249756158,4,RREAS_YOYsardine,0,0
-0.18737165516709636,0.4477104311283803,-0.8224537414625731,4,age1SprSardmeanWAA,0,0
-0.41961526514159353,0.08268642250559596,-0.921916952788783,4,meanSSBwt,0,0
0.4901527101049721,0.8250271602208045,0.15527825998913963,4,ZM_NorCal,0,1
0.3951716264886771,0.6413761720435415,0.14896708093381272,4,ZM_SoCal,0,1
-0.045774158667140685,0.3376102355017908,-0.4291585528360721,4,sardRec,0,0
0.059180336131585826,0.8812798790211075,-0.7629192067579358,4,anchBioSmrySeas1,0,0
-0.5224661466537255,-0.09782316768024764,-0.9471091256272033,4,summerSST,0,1
-0.21976929230383413,0.06946082682775728,-0.5089994114354255,4,avgOffTransspring,0,0
-0.1103510990984781,0.08940931321393847,-0.31011151141089466,4,avgOffTranssummer,0,0
0.12961084026999625,0.30094980716952874,-0.04172812662953623,4,sprRelOffTrans,0,0
0.4368424014808839,0.7658362313824767,0.10784857157929102,4,sumRelOffTrans,0,1
-0.3414123961706126,-0.09011040649420486,-0.5927143858470204,4,meanK,0,1
0.2939407402876494,0.4894915519040905,0.09838992867120833,4,OC_LUSI_39N,0,1
0.3985998694279706,0.9715441122367621,-0.17434437338082082,4,sardSpawnHab,0,0
-0.3127289759288606,-0.13104288674337183,-0.4944150651143495,4,sardNurseHab,0,1
-0.5393827626854459,-0.13007419438268628,-0.9486913309882055,4,springSST,0,1
-0.021644858479068635,0.47291260887971187,-0.5162023258378491,4,randTest,0,0
-0.6470055437968385,-0.37615592442520823,-0.9178551631684688,1,NCOPspring,0,1
-0.5492163328639604,-0.2520970208873765,-0.8463356448405444,1,NCOPsummerlag1,0,1
-0.060229118879197865,0.20638248096442657,-0.3268407187228223,1,BEUTI_33N,0,0
-0.5400489989329065,-0.17815259747595447,-0.9019454003898587,1,BEUTI_39N,0,1
-0.08677660749638279,0.5595945793523568,-0.7331477943451223,1,CUTI_33N,0,0
-0.48220104119169477,-0.1383834868673281,-0.8260185955160615,1,CUTI_39N,0,1
-0.18427867863104724,0.5245985334503489,-0.8931558907124436,1,OC_LUSI_33N,0,0
0.20618866530289393,0.8562125029475777,-0.4438351723417899,1,OC_STI_33N,0,0
0.36510881847114895,0.9015082487703194,-0.17129061182802158,1,RREAS_Myctophids,0,0
0.31082930150639987,0.8527661299055325,-0.2311075268927327,1,RREAS_YOYsardine,0,0
-0.2786655375246504,0.2962657419829175,-0.8535968170322182,1,age1SprSardmeanWAA,0,0
-0.12588932749498513,0.8255087803577196,-1.07728743534769,1,meanSSBwt,0,0
-0.6373612477531908,-0.16818987747577258,-1.1065326180306094,1,ZM_NorCal,0,1
-0.5826007779093669,-0.12091010574493687,-1.044291450073797,1,ZM_SoCal,0,1
0.31392754172220194,0.6304547192524624,-0.0025996358080585397,1,sardRec,0,0
-0.0824944946667037,0.2355762519885496,-0.400565241321957,1,anchBioSmrySeas1,0,0
0.451640443614273,1.0305491006556968,-0.1272682134271509,1,summerSST,0,0
0.25344322601220254,0.777117832953973,-0.27023138092956783,1,avgOffTransspring,0,0
-0.32410174250491663,0.039123826526544433,-0.6873273115363776,1,avgOffTranssummer,0,0
-0.2698384710909003,0.3403926021006043,-0.8800695442824048,1,sprRelOffTrans,0,0
-0.07061771451299029,0.4773798852632711,-0.6186153142892516,1,sumRelOffTrans,0,0
0.1502053670532661,0.7304565698661784,-0.4300458357596463,1,meanK,0,0
-0.3212957472379507,0.03992076324141961,-0.6825122577173209,1,OC_LUSI_39N,0,0
0.2350168256152664,1.0881303418864474,-0.6180966906559148,1,sardSpawnHab,0,0
0.6026275242525727,1.2946867174184056,-0.08943166891326007,1,sardNurseHab,0,0
0.7225070149853593,1.3422355507278847,0.10277847924283376,1,springSST,0,1
-0.055493429977714614,0.5195574558003833,-0.6305443157558124,1,randTest,0,0
0.1756167612674222,0.10210002960940795,0.2491334929254365,2,NCOPspring,0,1
0.05952806428115097,0.13417791879001845,-0.015121790227716536,2,NCOPsummerlag1,0,0
0.19996563588247454,0.3058457708676165,0.09408550089733256,2,BEUTI_33N,0,1
0.17664424069628612,0.47935538036245384,-0.12606689896988166,2,BEUTI_39N,0,0
0.04320114905874596,1.2665702193706458,-1.180167921253154,2,CUTI_33N,0,0
0.05354892520394318,0.34240928344013605,-0.2353114330322497,2,CUTI_39N,0,0
0.12086730903483342,0.9993461579470164,-0.7576115398773495,2,OC_LUSI_33N,0,0
-0.1134006660386633,0.7554310502328729,-0.9822323823101996,2,OC_STI_33N,0,0
-0.16051775425607828,0.6998953704896191,-1.0209308790017757,2,RREAS_Myctophids,0,0
-0.019403938196970477,0.6052052475746704,-0.6440131239686114,2,RREAS_YOYsardine,0,0
0.01959056221164447,0.4998502878718862,-0.46066916344859743,2,age1SprSardmeanWAA,0,0
0.06617724761051028,1.246441924504289,-1.1140874292832688,2,meanSSBwt,0,0
0.12356558414428642,0.5361971895298545,-0.2890660212412818,2,ZM_NorCal,0,0
0.017106619499506065,0.4751272422266191,-0.4409140032276069,2,ZM_SoCal,0,0
-0.19737278749891735,0.06824163571428826,-0.462987210712123,2,sardRec,0,0
0.17027144516681436,0.4958847707036742,-0.15534188037004548,2,anchBioSmrySeas1,0,0
-0.013013548754166576,0.6575809976153546,-0.6836080951236877,2,summerSST,0,0
-0.19844516801543693,0.5547014351482904,-0.9515917711791643,2,avgOffTransspring,0,0
0.048422545465315533,0.3892526471604312,-0.2924075562298001,2,avgOffTranssummer,0,0
0.2443308202383182,1.1980451120674442,-0.7093834715908078,2,sprRelOffTrans,0,0
0.06243391906493201,0.6387405117208963,-0.5138726735910322,2,sumRelOffTrans,0,0
0.10523150924470613,0.7507306823709006,-0.5402676638814883,2,meanK,0,0
0.11318722616550443,0.426354369283761,-0.1999799169527522,2,OC_LUSI_39N,0,0
-0.036757465061406924,1.5103896578744558,-1.5839045879972697,2,sardSpawnHab,0,0
-0.11302769405461421,0.8350656006334117,-1.0611209887426403,2,sardNurseHab,0,0
-0.1106259994238363,0.616529423835938,-0.8377814226836104,2,springSST,0,0
0.02458737234469131,1.0914415699522846,-1.0422668252629017,2,randTest,0,0
0.03265739157162013,0.018986346305242888,0.04632843683799736,3,NCOPspring,0,1
0.017626749426419296,0.020136845726214464,0.015116653126624132,3,NCOPsummerlag1,0,1
-0.080679147635459,0.30275247554066465,-0.4641107708115826,3,BEUTI_33N,0,0
0.06365334095343411,0.5215098785076907,-0.3942031966008225,3,BEUTI_39N,0,0
-0.34026331612443333,-0.11159702046007107,-0.5689296117887955,3,CUTI_33N,0,1
-0.04537581283963388,0.516157539958851,-0.606909165638119,3,CUTI_39N,0,0
0.020234960461080437,2.114678909416305,-2.074208988494144,3,OC_LUSI_33N,0,0
-0.08353308249987776,1.6385974789117148,-1.8056636439114704,3,OC_STI_33N,0,0
-0.24331734271340724,0.22835354333328758,-0.7149882287601022,3,RREAS_Myctophids,0,0
-0.023853426675272377,1.6559314367417248,-1.7036382900922693,3,RREAS_YOYsardine,0,0
0.03306314238741947,1.263110686271733,-1.196984401496894,3,age1SprSardmeanWAA,0,0
-0.08606488816552449,2.5160843984595553,-2.688214174790604,3,meanSSBwt,0,0
-0.030606474175946814,1.2852403073299323,-1.346453255681826,3,ZM_NorCal,0,0
0.051565272476067174,1.338771670993522,-1.2356411260413878,3,ZM_SoCal,0,0
-0.03232411834452626,0.3601756670557001,-0.42482390374475265,3,sardRec,0,0
0.0356673776310482,0.642043220966629,-0.5707084657045326,3,anchBioSmrySeas1,0,0
-0.031837878312093976,1.842226467493021,-1.905902224117209,3,summerSST,0,0
-0.15464691415466428,0.638587408757496,-0.9478812370668246,3,avgOffTransspring,0,0
0.09559962243271973,0.827989467308155,-0.6367902224427155,3,avgOffTranssummer,0,0
0.2151334434111771,0.987018057872094,-0.5567511710497397,3,sprRelOffTrans,0,0
-0.08885653364914589,1.6544602880256833,-1.8321733553239752,3,sumRelOffTrans,0,0
0.11744648427587975,1.5776599324899185,-1.342766963938159,3,meanK,0,0
-0.035420116290852656,0.8933851303624462,-0.9642253629441514,3,OC_LUSI_39N,0,0
-0.45665707452018467,0.1634517130931162,-1.0767658621334857,3,sardSpawnHab,0,0
-0.20979469741417955,1.1490955435979526,-1.5686849384263117,3,sardNurseHab,0,0
-0.09405760193021946,1.60032112292666,-1.7884363267870989,3,springSST,0,0
0.2880344424921827,0.6273297863285991,-0.051260901344233764,3,randTest,0,0
0.027399620619398334,0.015929584718096412,0.038869656520700256,4,NCOPspring,0,1
0.08287380983415542,-0.03309819812215129,0.19884581779046212,4,NCOPsummerlag1,0,0
-0.12007046204957114,-0.24866891775361666,0.008527993654474427,4,BEUTI_33N,0,0
-0.09961859422853714,0.14655354915488866,-0.345790737611963,4,BEUTI_39N,0,0
-0.01219119845772032,0.858452648381471,-0.8828350452969114,4,CUTI_33N,0,0
-0.07728011015726893,0.021858943785153212,-0.17641916409969108,4,CUTI_39N,0,0
-0.5830074708204855,-0.4059662731062337,-0.7600486685347375,4,OC_LUSI_33N,0,1
0.47495242045027,0.844111801069921,0.10579303983061905,4,OC_STI_33N,0,1
-0.08876777730729339,0.5454851138948222,-0.7230206685094092,4,RREAS_Myctophids,0,0
0.39304263388889626,0.38906212664961703,0.39702314112817555,4,RREAS_YOYsardine,0,1
0.3653129336842751,0.36784585342286835,0.3627800139456819,4,age1SprSardmeanWAA,0,1
0.6755099310044395,0.9168303148862007,0.4341895471226784,4,meanSSBwt,0,1
-0.289406704209345,-0.37041003692159813,-0.2084033714970919,4,ZM_NorCal,0,1
-0.23008293423994294,-0.24190962101925237,-0.2182562474606335,4,ZM_SoCal,0,1
0.11825990157253286,0.3751888567317959,-0.13866905358673023,4,sardRec,0,0
0.06132465368737079,0.1675503924002758,-0.04490108502553425,4,anchBioSmrySeas1,0,0
0.41238206298755503,0.37103968561466916,0.4537244403604409,4,summerSST,0,1
0.2481201059520755,0.9440764511416674,-0.44783623923751636,4,avgOffTransspring,0,0
0.2298508128331061,0.23169025409638613,0.22801137156982615,4,avgOffTranssummer,0,1
-0.24866367898618388,0.6811156070579214,-1.178442965030289,4,sprRelOffTrans,0,0
-0.48182562401482587,-0.6322842023519828,-0.3313670456776691,4,sumRelOffTrans,0,1
0.29102024038150903,0.35971681990708165,0.2223236608559364,4,meanK,0,1
-0.2423364797823026,-0.2709945389140744,-0.21367842065053091,4,OC_LUSI_39N,0,1
-0.1734552383913528,0.8853266638374325,-1.2322371406201382,4,sardSpawnHab,0,0
0.297869725239626,0.9147501386978654,-0.3190106882186134,4,sardNurseHab,0,0
0.3648253582219411,0.5592145575709587,0.17043615887292352,4,springSST,0,1
-0.06786779308369965,0.7588524794532674,-0.8945880656206664,4,randTest,0,0
-0.6272508339966133,-0.3673096539333637,-0.8871920140598629,1,NCOPspring,0,1
-0.5532140061554288,-0.34856017813371076,-0.7578678341771469,1,NCOPsummerlag1,0,1
-0.020001831892846288,0.16851114640275935,-0.2085148101884519,1,BEUTI_33N,0,0
-0.5455314929641373,-0.37622234289037254,-0.7148406430379021,1,BEUTI_39N,0,1
-0.12673931458694482,-0.009061043065241914,-0.24441758610864775,1,CUTI_33N,0,1
-0.5248147970979661,-0.35243277670090534,-0.6971968174950269,1,CUTI_39N,0,1
-0.14194674048388495,0.07668912519154408,-0.3605826061593141,1,OC_LUSI_33N,0,0
0.13469156408729044,0.31729440459639935,-0.04791127642181847,1,OC_STI_33N,0,0
0.3148735481197284,0.4645020773703372,0.1652450188691196,1,RREAS_Myctophids,0,1
0.31921239894722553,0.5215142893153455,0.11691050857910552,1,RREAS_YOYsardine,0,1
-0.030835121142880895,0.20690152936368666,-0.2685717716494485,1,age1SprSardmeanWAA,0,0
-0.028979661233678233,0.26453833132423493,-0.32249765379159134,1,meanSSBwt,0,0
-0.6324275810093103,-0.4176203554062401,-0.8472348066123806,1,ZM_NorCal,0,1
-0.46422801893756727,-0.27104142232070266,-0.657414615554432,1,ZM_SoCal,0,1
0.18262844175204856,0.27719302781948985,0.08806385568460728,1,sardRec,0,1
-0.20533880777933375,-0.11594635241447976,-0.29473126314418774,1,anchBioSmrySeas1,0,1
0.45419882640363407,0.6551252472609388,0.2532724055463295,1,summerSST,0,1
0.15666024111347368,0.3173054743525776,-0.003984992125630166,1,avgOffTransspring,0,0
-0.3161963069900958,-0.14597012438337717,-0.4864224895968144,1,avgOffTranssummer,0,1
-0.09683872323606062,0.056183770930701996,-0.2498612174028232,1,sprRelOffTrans,0,0
-0.030363133174001133,0.19394202416109335,-0.2546682905090956,1,sumRelOffTrans,0,0
0.16691081854087478,0.40186999172690374,-0.0680483546451542,1,meanK,0,0
-0.29724133851579715,-0.13179201426511522,-0.46269066276647913,1,OC_LUSI_39N,0,1
0.2905354338603353,0.5591280183819698,0.02194284933870099,1,sardSpawnHab,0,1
0.590568655133653,0.8065306740962777,0.3746066361710283,1,sardNurseHab,0,1
0.6741046226983305,0.8920885964391055,0.45612064895755566,1,springSST,0,1
-0.11332816403266122,0.011010155877140815,-0.23766648394246323,1,randTest,0,0
-0.13697213673104386,-0.08020904144619238,-0.19373523201589532,2,NCOPspring,0,1
-0.025167078291457784,0.16843191259156548,-0.21876606917448105,2,NCOPsummerlag1,0,0
-0.05282521946860942,0.2792558530617714,-0.3849062919989903,2,BEUTI_33N,0,0
-0.1971999979513221,0.34682954340810657,-0.7412295393107509,2,BEUTI_39N,0,0
0.0843444223415042,0.6468399351932336,-0.4781510905102252,2,CUTI_33N,0,0
-0.08911065970755752,0.4350358532846097,-0.6132571726997248,2,CUTI_39N,0,0
-0.07571928102227601,0.9455731861268033,-1.0970117481713553,2,OC_LUSI_33N,0,0
0.06044372446450705,0.8522104735680796,-0.7313230246390654,2,OC_STI_33N,0,0
0.18253075529509566,0.7288108395049429,-0.36374932891475165,2,RREAS_Myctophids,0,0
0.09284655057126984,1.1631061633731876,-0.9774130622306478,2,RREAS_YOYsardine,0,0
0.15101566739860173,0.9680510634710515,-0.666019728673848,2,age1SprSardmeanWAA,0,0
-0.003209883032836397,1.1649963692192569,-1.1714161352849297,2,meanSSBwt,0,0
-0.0935140612924929,0.6892564692807799,-0.8762845918657656,2,ZM_NorCal,0,0
0.08858655749755134,0.7582927741693308,-0.5811196591742281,2,ZM_SoCal,0,0
-0.04232216560367056,0.4818977666983354,-0.5665420979056766,2,sardRec,0,0
-0.3797555774978991,0.5129717284819563,-1.2724828834777546,2,anchBioSmrySeas1,0,0
0.038663672225991264,0.9947942277743824,-0.9174668833223998,2,summerSST,0,0
0.15304296986769766,0.7213257144765377,-0.4152397747411424,2,avgOffTransspring,0,0
-0.08418702562972882,0.44664377446099324,-0.6150178257204508,2,avgOffTranssummer,0,0
-0.11419487592035428,0.31258346458349506,-0.5409732164242036,2,sprRelOffTrans,0,0
0.043355079216003845,0.9943476857810913,-0.9076375273490835,2,sumRelOffTrans,0,0
-0.09467712884921099,0.6817321817390058,-0.8710864394374278,2,meanK,0,0
-0.05269464885521161,0.49507207606325454,-0.6004613737736779,2,OC_LUSI_39N,0,0
-0.0206139830640783,1.099698790336252,-1.1409267564644086,2,sardSpawnHab,0,0
0.07862331034521018,0.6255974457544162,-0.4683508250639959,2,sardNurseHab,0,0
0.0990125032200983,0.98612457687005906,-0.7880995704298626,2,springSST,0,0
0.014568029556955991,0.29784954085561244,-0.26871348174170046,2,randTest,0,0
0.2132972302761274,0.12490398990540418,0.3016904706468506,3,NCOPspring,0,1
0.1335774684058465,-0.020940022676641454,0.2880949594883344,3,NCOPsummerlag1,0,0
0.25306284508688115,0.31225755586477233,0.19386813430898994,3,BEUTI_33N,0,1
0.17487731993083847,0.23150586032744552,0.11824877953423144,3,BEUTI_39N,0,1
0.2506768975868088,0.24739089864480335,0.2539628965288142,3,CUTI_33N,0,1
0.13053616478798113,0.22199325703201184,0.03907907254395043,3,CUTI_39N,0,1
0.17002231462472023,0.5071059017866708,-0.1670612725372304,3,OC_LUSI_33N,0,0
-0.13364958555786177,0.11454553402663528,-0.3818447051423588,3,OC_STI_33N,0,0
-0.01587220647096843,0.04268169688651896,-0.07442610982845582,3,RREAS_Myctophids,0,0
-0.07416021299030834,0.24025150114886618,-0.38857192712948274,3,RREAS_YOYsardine,0,0
-0.0027146812276446185,0.10554401947080543,-0.11097338192609468,3,age1SprSardmeanWAA,0,0
-0.05157691844113893,0.2736553245402822,-0.37680916142256,3,meanSSBwt,0,0
0.23513738362583544,0.45902749497185297,0.011247272279817925,3,ZM_NorCal,0,1
0.1391397297985884,0.3320824182796527,-0.05380295868247585,3,ZM_SoCal,0,0
-0.2761909621976062,-0.35988712588031824,-0.19249479851489412,3,sardRec,0,1
-0.009443776726080367,-0.026052090737644945,0.007164537285484218,3,anchBioSmrySeas1,0,0
-0.11313227963092246,0.18680050557726635,-0.4130650648391113,3,summerSST,0,0
-0.15569472494074477,-0.015394249349051002,-0.29599520053243855,3,avgOffTransspring,0,1
-0.01637387686091556,0.09423357925254902,-0.12698133297438013,3,avgOffTranssummer,0,0
0.18882675826446418,0.26856445055714484,0.10908906597178344,3,sprRelOffTrans,0,1
0.20139117853835303,0.5237312070246656,-0.12094884994795968,3,sumRelOffTrans,0,0
-0.020110982737544705,0.18380526958407037,-0.2240272350591599,3,meanK,0,0
0.1861331210681718,0.3362347194006413,0.0360315227357023,3,OC_LUSI_39N,0,1
0.02884293713521411,0.34668053235542556,-0.28899465808499725,3,sardSpawnHab,0,0
-0.16509078124062254,-0.08451684864367211,-0.24566471383757293,3,sardNurseHab,0,1
-0.19650142201371373,0.06105739911620474,-0.45406024314363197,3,springSST,0,0
-0.03994369096963114,-0.0315035192898976,-0.0483838626493647,3,randTest,0,1
-0.0011222631795407673,-6.571822272005163e-4,-0.0015873441318810186,4,NCOPspring,0,1
-0.09381418730893264,-0.23797659319931871,0.05034821858145346,4,NCOPsummerlag1,0,0
0.09732768271394339,-0.11811123722060175,0.3127666026484885,4,BEUTI_33N,0,0
0.14621829793052382,0.26628189726659335,0.026154698594454323,4,BEUTI_39N,0,1
0.09882182720138126,0.025269057728547317,0.17237459667421517,4,CUTI_33N,0,1
0.16347445448847314,0.18593385829371137,0.14101505068323494,4,CUTI_39N,0,1
0.4913575570106471,0.4882174626978276,0.49449765132346657,4,OC_LUSI_33N,0,1
-0.3704116130030737,-0.37302060058091013,-0.36780262542523723,4,OC_STI_33N,0,1
0.16370947465114336,0.04126258683429085,0.2861563624679959,4,RREAS_Myctophids,0,1
-0.4711350231028617,-0.4086665580917635,-0.53360348811396,4,RREAS_YOYsardine,0,1
-0.3080472705460893,-0.15131009477369206,-0.46478444631848664,4,age1SprSardmeanWAA,0,1
-0.5357608577561228,-0.6067259912532271,-0.4647957242590186,4,meanSSBwt,0,1
0.3099792495327841,0.28527640316781644,0.3346820958977519,4,ZM_NorCal,0,1
0.22257358081771755,0.03125702168448924,0.4138901399509458,4,ZM_SoCal,0,1
0.029549805675381874,0.04412529771733323,0.014974313633430575,4,sardRec,0,1
0.08742771710979665,0.2775357030963224,-0.10268026887672921,4,anchBioSmrySeas1,0,0
-0.40817746103462615,-0.44986069470220663,-0.3664942273670456,4,summerSST,0,1
-0.2327778376420098,-0.12144040059776728,-0.3441152746862523,4,avgOffTransspring,0,1
-0.23562857784715818,-0.3561393547959134,-0.11511780089840293,4,avgOffTranssummer,0,1
0.14466625309316708,0.1559008338038148,0.13343167238251935,4,sprRelOffTrans,0,1
0.4592005182328306,0.2606504186384355,0.6577506178272255,4,sumRelOffTrans,0,1
-0.29831367099538963,-0.4649540858850964,-0.13167325610568303,4,meanK,0,1
0.22418754408574632,0.18031245390492492,0.26806263426656773,4,OC_LUSI_39N,0,1
0.5470608989529873,0.5364762947645569,0.5576455031414174,4,sardSpawnHab,0,1
-0.1557042350323063,-0.16661770606782395,-0.14479076399678864,4,sardNurseHab,0,1
-0.35358933618268207,-0.35317358581486513,-0.3540050865504989,4,springSST,0,1
-0.07374647328809295,-0.08715017742973492,-0.060342769146450946,4,randTest,0,1
-0.4919451139711281,-0.2888543808722598,-0.6950358470699964,1,NCOPspring,0,1
-0.48006753687972736,-0.37269155007312293,-0.5874435236863318,1,NCOPsummerlag1,0,1
0.055353624471109635,0.14950927254224627,-0.03880202360002701,1,BEUTI_33N,0,0
-0.36555547412603484,-0.02487862378825842,-0.7062323244638112,1,BEUTI_39N,0,1
0.045450015020982816,0.23861536130719369,-0.14771533126522796,1,CUTI_33N,0,0
-0.29673128820056227,-0.013746096756375892,-0.5797164796447486,1,CUTI_39N,0,1
0.17393634319958393,0.615952732554613,-0.26808004615544534,1,OC_LUSI_33N,0,0
-0.08880730458716925,0.25728121454542624,-0.4348958237197647,1,OC_STI_33N,0,0
0.4061749390518586,0.5903787831134508,0.22197109499026627,1,RREAS_Myctophids,0,1
-0.040902545379011834,0.4364627697959652,-0.5182678605539889,1,RREAS_YOYsardine,0,0
-0.12835095656956436,0.3599525201000374,-0.6166544332391661,1,age1SprSardmeanWAA,0,0
-0.30639608589648326,0.18118418915872062,-0.7939763609516872,1,meanSSBwt,0,0
-0.2961076102290048,0.06466183354847715,-0.6568770540064865,1,ZM_NorCal,0,0
-0.17077306784225765,0.0394474348693267,-0.38099357055384186,1,ZM_SoCal,0,0
0.12702288817488086,0.33973069745865836,-0.08568492110889657,1,sardRec,0,0
-0.2044806856002435,0.21008757879444068,-0.6190489499949277,1,anchBioSmrySeas1,0,0
0.05095994867346518,0.4435714707219778,-0.3416515733750474,1,summerSST,0,0
-0.02816058358972136,0.31829152437594366,-0.37461269155538635,1,avgOffTransspring,0,0
-0.44246522048168013,-0.24083826735921446,-0.6440921736041457,1,avgOffTranssummer,0,1
-0.003095473249553472,0.22785148371355807,-0.23404243021266496,1,sprRelOffTrans,0,0
0.3116424632662258,0.6203829199891329,0.0029020065433186123,1,sumRelOffTrans,0,1
-0.09312488378313316,0.1898197794636315,-0.3760695470298978,1,meanK,0,0
-0.07816431550949572,0.16777349289937277,-0.3241021239183642,1,OC_LUSI_39N,0,0
0.5771877345618455,1.0739381338765532,0.0804373352471377,1,sardSpawnHab,0,1
0.3805543159021418,0.6785452359509299,0.08256339585335362,1,sardNurseHab,0,1
0.2874290892109759,0.6941862346034231,-0.11932805618147135,1,springSST,0,0
-0.22319353821776317,-0.06918585738557423,-0.377201219049952,1,randTest,0,1
-0.10806654502123006,-0.06345320660496205,-0.15267988343749805,2,NCOPspring,0,1
0.029543202321593673,0.2594944099091526,-0.20040800526596522,2,NCOPsummerlag1,0,0
-0.0901608208632567,0.3078277278999071,-0.4881493696264205,2,BEUTI_33N,0,0
-0.22547865189504399,0.23173638390341528,-0.6826936876935032,2,BEUTI_39N,0,0
0.037878322733405016,0.6236105417241696,-0.5478538962573597,2,CUTI_33N,0,0
-0.13288486746736142,0.33821473691377874,-0.6039844718485017,2,CUTI_39N,0,0
-0.26030951915376904,0.6150447487929653,-1.1356637871005035,2,OC_LUSI_33N,0,0
0.19572782510394363,0.8476309778138635,-0.45617532760597634,2,OC_STI_33N,0,0
0.09890302700500253,0.651975402121477,-0.4541693481114718,2,RREAS_Myctophids,0,0
0.2576592188142003,1.1834526385807593,-0.668134200952359,2,RREAS_YOYsardine,0,0
0.27157865010234494,0.9456705436603058,-0.4025132434556158,2,age1SprSardmeanWAA,0,0
0.21250006761056667,1.2063008674110132,-0.7813007321898799,2,meanSSBwt,0,0
-0.1922929411645059,0.5027454066040453,-0.887331288933057,2,ZM_NorCal,0,0
0.004569349416763818,0.6648011138707011,-0.6556624150371735,2,ZM_SoCal,0,0
-0.051832684593694334,0.4285143360749383,-0.5321797052623269,2,sardRec,0,0
-0.37833108177608704,0.3690715852056001,-1.125733748757774,2,anchBioSmrySeas1,0,0
0.18495256204163052,1.0879160654484998,-0.7180109413652386,2,summerSST,0,0
0.2309047642540951,0.7356149816777484,-0.27380545316955823,2,avgOffTransspring,0,0
0.025440423700978897,0.5871685862794515,-0.5362877388774936,2,avgOffTranssummer,0,0
-0.15928753482557326,0.22451966025786957,-0.5430947299090161,2,sprRelOffTrans,0,0
-0.13915435053535374,0.7941321395007479,-1.0724408405714556,2,sumRelOffTrans,0,0
0.024110017809885892,0.7669536739462672,-0.7187336383264955,2,meanK,0,0
-0.12935106013820177,0.3784101692241807,-0.6371122895005843,2,OC_LUSI_39N,0,0
-0.2397013737087493,0.7686065920570342,-1.2480093394745326,2,sardSpawnHab,0,0
0.1156605710468474,0.5966053365468809,-0.3652841944531862,2,sardNurseHab,0,0
0.21181305097840494,1.007759524763606,-0.584133422806796,2,springSST,0,0
5.7260928913491216e-5,0.4100127419497266,-0.4098982200918997,2,randTest,0,0
0.2394563638350808,0.14060109096960005,0.3383116367005615,3,NCOPspring,0,1
0.1559494257227758,-0.015128509626490136,0.3270273610720417,3,NCOPsummerlag1,0,0
0.26411394796354337,0.3163160903357456,0.21191180559134118,3,BEUTI_33N,0,1
0.1963857459377231,0.23804419298690785,0.1547272988885383,3,BEUTI_39N,0,1
0.277951449205145,0.28204445233336695,0.27385844607692306,3,CUTI_33N,0,1
0.15728304059228457,0.2395719186198655,0.07499416256470369,3,CUTI_39N,0,1
0.17742243605366723,0.4823225160383924,-0.12747764393105815,3,OC_LUSI_33N,0,0
-0.13392623321189948,0.07551673933690324,-0.3433692057607022,3,OC_STI_33N,0,0
-0.01735103107361291,0.027590954980231404,-0.06229301712745718,3,RREAS_Myctophids,0,0
-0.09445428477922274,0.19474897688874115,-0.38365754644718675,3,RREAS_YOYsardine,0,0
0.002206491206307514,0.07106884321039288,-0.066655860797777855,3,age1SprSardmeanWAA,0,0
-0.053467831340841494,0.21272456138375717,-0.31966022406544015,3,meanSSBwt,0,0
0.26566458348237504,0.4648535099194795,0.06647565704527067,3,ZM_NorCal,0,1
0.16363575728246912,0.3360712642264799,-0.008799749661541716,3,ZM_SoCal,0,0
-0.2898090880627562,-0.37869977321200743,-0.20091840291350496,3,sardRec,0,1
-0.004103494318660809,-0.02485285705523091,0.016645868417909188,3,anchBioSmrySeas1,0,0
-0.14763388170956834,0.14826639844264558,-0.4435341618617822,3,summerSST,0,0
-0.17472615043599612,-0.024273537935537416,-0.32517876293645476,3,avgOffTransspring,0,1
-0.01830764908739448,0.09158551802447047,-0.12820081619925938,3,avgOffTranssummer,0,0
0.1959679674923356,0.2680407033225601,0.12389523166211121,3,sprRelOffTrans,0,1
0.21990816449158695,0.5243820101928753,-0.08456568120970148,3,sumRelOffTrans,0,0
-0.03051272577847349,0.14488626411542804,-0.205911715672375,3,meanK,0,0
0.2055873545190184,0.34506006035498854,0.06611464868304825,3,OC_LUSI_39N,0,1
0.03325913516046567,0.32916592286254,-0.2626476525416086,3,sardSpawnHab,0,0
-0.1862159831710119,-0.13797836570959643,-0.23445360063242748,3,sardNurseHab,0,1
-0.2319841622418654,0.007692477949206043,-0.47166080243293673,3,springSST,0,0
-0.04636118910309731,0.011918005911804492,-0.10464038411799914,3,randTest,0,0
0.3902576077838426,0.22914674112142308,0.5513684744462622,4,NCOPspring,0,1
0.3148188140636105,0.12872445768455976,0.5009131704426611,4,NCOPsummerlag1,0,1
0.04895471671422049,-0.15207805936651572,0.24998749279495674,4,BEUTI_33N,0,0
0.417713724521498,0.5110588514183946,0.32436859762460146,4,BEUTI_39N,0,1
0.16055109379840302,0.15534329397645275,0.1657588936203533,4,CUTI_33N,0,1
0.4456078058971288,0.46739358390513897,0.4238220278891186,4,CUTI_39N,0,1
0.38846756434898677,0.4858333381057369,0.2911017905922367,4,OC_LUSI_33N,0,1
-0.3064534257683763,-0.23617323478445482,-0.3767336167522978,4,OC_STI_33N,0,1
-0.07010527677027908,-0.12310063961157358,-0.01710991392898456,4,RREAS_Myctophids,0,1
-0.5032740926729364,-0.350386998297203,-0.6561611870486699,4,RREAS_YOYsardine,0,1
-0.1498154353201615,-6.833875666000799e-4,-0.2989474830737228,4,age1SprSardmeanWAA,0,1
-0.3282739370225916,-0.28195377703583313,-0.3745940970093501,4,meanSSBwt,0,1
0.6079940333883342,0.634415597034711,0.5815724697419576,4,ZM_NorCal,0,1
0.4858022821682022,0.3880382821809494,0.583566282155455,4,ZM_SoCal,0,1
-0.10005551922524956,-0.030371585258936684,-0.16973945319156242,4,sardRec,0,1
0.10857959900791446,0.3842116230839996,-0.16705242506817058,4,anchBioSmrySeas1,0,0
-0.5762162482142061,-0.519533658179212,-0.6328988382492001,4,summerSST,0,1
-0.218573772112146,-0.13074830128596646,-0.3063992429383255,4,avgOffTransspring,0,1
0.04245806857501819,-0.03747312809717506,0.1223892652472115,4,avgOffTranssummer,0,0
0.1176476878316213,0.11516988955574245,0.12012548610750012,4,sprRelOffTrans,0,1
0.32030255099934324,0.2512732976263859,0.3893318043723005,4,sumRelOffTrans,0,1
-0.3324169037206068,-0.41810315040242607,-0.24673065703878747,4,meanK,0,1
0.3300229347604717,0.3155525917267431,0.34449327779420025,4,OC_LUSI_39N,0,1
0.1432861075568941,0.20437731351209631,0.08219490160169199,4,sardSpawnHab,0,1
-0.4874721009226775,-0.5103408150311518,-0.4646033868142031,4,sardNurseHab,0,1
-0.6689682634220793,-0.6069631077873909,-0.7309734190567678,4,springSST,0,1
-0.024154751319504855,-0.08326341986617872,0.03495391722716898,4,randTest,0,0
-0.5683262890330434,-0.33018905017654204,-0.8064635278895448,1,NCOPspring,0,1
-0.4761880100289501,-0.21196502028725298,-0.7404109997706473,1,NCOPsummerlag1,0,1
-0.037514162012034905,0.24926608064950156,-0.32429440467357146,1,BEUTI_33N,0,0
-0.5405573077000869,-0.053657217901419973,-1.027457397498754,1,BEUTI_39N,0,1
-0.1532571640643942,0.29434213998353287,-0.6008564681123213,1,CUTI_33N,0,0
-0.5357533309166872,-0.113745847860771,-0.9577608139726035,1,CUTI_39N,0,1
-0.27711513105322716,0.4964337152651944,-1.0506639773716486,1,OC_LUSI_33N,0,0
0.23639915655717164,0.8590288751539434,-0.38623056203960027,1,OC_STI_33N,0,0
0.2273791554054533,0.6609283565734607,-0.20617004576255415,1,RREAS_Myctophids,0,0
0.4452733453848103,1.2128269550761737,-0.3222802643065531,1,RREAS_YOYsardine,0,0
0.017434649055618534,0.8343210607705385,-0.7994517626593014,1,age1SprSardmeanWAA,0,0
0.13012467736476946,1.0637941522851388,-0.8035447975556,1,meanSSBwt,0,0
-0.6872990951107948,-0.08958835131036486,-1.2850098389112246,1,ZM_NorCal,0,1
-0.5184448960700652,-0.023848965189310234,-1.01304082695082,1,ZM_SoCal,0,1
0.16449138598848084,0.5974244399209263,-0.2684416679439646,1,sardRec,0,0
-0.1838684994249507,0.550559173242947,-0.9182961720928484,1,anchBioSmrySeas1,0,0
0.5513087107131571,1.2040891071439237,-0.10147168571760962,1,summerSST,0,0
0.2051112570633413,0.690117915667648,-0.2798954015409655,1,avgOffTransspring,0,0
-0.22040880828446233,0.16045813566803035,-0.601275752236955,1,avgOffTranssummer,0,0
-0.12689396115518187,0.26139525286266263,-0.5151831751730265,1,sprRelOffTrans,0,0
-0.1757842498112091,0.4337202860264264,-0.7852887856488446,1,sumRelOffTrans,0,0
0.2603486281296198,0.8634562833173987,-0.34275902705815914,1,meanK,0,0
-0.3422850167764353,0.1212276889327541,-0.8057977224856245,1,OC_LUSI_39N,0,0
0.0897485577239393,0.8835492769247892,-0.7040521614769106,1,sardSpawnHab,0,0
0.5905292594811754,1.0962729050521665,0.0847856139101846,1,sardNurseHab,0,1
0.7379769567083353,1.4084098608059235,0.06754405261074728,1,springSST,0,1
0.08101407061324249,0.4214005059201866,-0.2593723646937015,1,randTest,0,0
0.18721718303616108,0.10877037546268373,0.2656639906096384,2,NCOPspring,0,1
0.06491083372903508,0.12766589991109278,0.002155767546977383,2,NCOPsummerlag1,0,1
0.05489420629829175,0.09523040157739218,0.014558011019191353,2,BEUTI_33N,0,1
0.24586828671387073,0.35862584553248444,0.13311072789525694,2,BEUTI_39N,0,1
-0.07039027561139946,0.19962424391569283,-0.34040479513849187,2,CUTI_33N,0,0
0.1360626488845268,0.23111041538810173,0.04101488238095177,2,CUTI_39N,0,1
0.09655242402296471,0.33721501778000956,-0.1441101697340802,2,OC_LUSI_33N,0,0
-0.07817928059744983,0.10954520467437301,-0.2659037658692727,2,OC_STI_33N,0,0
-0.20436359733930606,-0.003171544302968496,-0.4055556503756437,2,RREAS_Myctophids,0,1
-0.13284991566561413,0.12609576112008408,-0.39179559245131246,2,RREAS_YOYsardine,0,0
-0.14477299418125478,0.07719057350217107,-0.3667365618646806,2,age1SprSardmeanWAA,0,0
-0.002851305603835924,0.28500984535440166,-0.29071245656207356,2,meanSSBwt,0,0
0.15697416626250416,0.3100177036515161,0.003930628873492326,2,ZM_NorCal,0,1
-0.045418050291813186,0.11796931561003117,-0.20880541619365747,2,ZM_SoCal,0,0
0.02862197888247982,0.3010046061242591,-0.2437606483592995,2,sardRec,0,0
0.3999209461445452,0.8188381163773404,-0.018996224088249802,2,anchBioSmrySeas1,0,0
-0.08598587128535518,0.12054842733264448,-0.2925201699033548,2,summerSST,0,0
-0.1726418247712787,-0.069927226487868,-0.27535642305468944,2,avgOffTransspring,0,1
0.10459761960970931,0.2263321004915624,-0.017136861272143762,2,avgOffTranssummer,0,0
0.12726733837143817,0.20129501069995642,0.05323966604291999,2,sprRelOffTrans,0,1
-0.027575050040540505,0.17327924393745026,-0.2284293440185312,2,sumRelOffTrans,0,0
0.07269299881164641,0.24820650484744688,-0.10282050722415398,2,meanK,0,0
0.08088633688998827,0.2017829386083919,-0.040010264828415354,2,OC_LUSI_39N,0,0
0.015541415836946987,0.2570188431287641,-0.22593601145487016,2,sardSpawnHab,0,0
-0.13006214855433212,-0.021676470190717362,-0.23844782691794686,2,sardNurseHab,0,1
-0.16376316826285586,0.024468638637272666,-0.3519949751629844,2,springSST,0,0
-0.06713709561031037,0.031095363617523096,-0.16536955483814378,2,randTest,0,0
0.21005921476757114,0.1220412533140833,0.298077176221059,3,NCOPspring,0,1
0.12899201309622493,0.10791570060522762,0.15006832558722222,3,NCOPsummerlag1,0,1
0.25206925099064625,0.5100049537694065,-0.005866451788113937,3,BEUTI_33N,0,0
0.17432554294577965,0.5205900104198167,-0.17193892452825732,3,BEUTI_39N,0,0
0.25032667883541204,0.5737348604124867,-0.0730815027416626,3,CUTI_33N,0,0
0.1282098569522097,0.4722080927434041,-0.21578837883898455,3,CUTI_39N,0,0
0.17818389911382643,1.1852033325333657,-0.8288355343057131,3,OC_LUSI_33N,0,0
-0.13964087297544076,0.6436029404028633,-0.9228846863537448,3,OC_STI_33N,0,0
-0.019603082442101533,0.36399925316882265,-0.40320541805302573,3,RREAS_Myctophids,0,0
-0.07341455061208278,0.8656757279791981,-1.0125048292033636,3,RREAS_YOYsardine,0,0
-0.011140137234093343,0.7407339714797364,-0.763014245947923,3,age1SprSardmeanWAA,0,0
-0.05843300390106096,1.0802769779592656,-1.1971429857613873,3,meanSSBwt,0,0
0.23557164663389252,0.9083845701015685,-0.43724127683378367,3,ZM_NorCal,0,0
0.13837503384894084,0.7318833737977057,-0.45513330609982394,3,ZM_SoCal,0,0
-0.27782047576154606,-0.025312100157774478,-0.5303288513653176,3,sardRec,0,1
-0.005283778271837333,0.531536973783733,-0.5421045303274076,3,anchBioSmrySeas1,0,0
-0.11211817605866267,0.7221921739921191,-0.9464285261094446,3,summerSST,0,0
-0.15768556093920116,0.302359865365698,-0.6177309872441004,3,avgOffTransspring,0,0
-0.011112337702929277,0.36317813562369505,-0.38540281102955365,3,avgOffTranssummer,0,0
0.19182974257788898,0.5329262100232481,-0.14926672486747017,3,sprRelOffTrans,0,0
0.19599947534934115,1.0354664012623347,-0.6434674505636524,3,sumRelOffTrans,0,0
-0.02398970197952642,0.6923011817880248,-0.7402805857470776,3,meanK,0,0
0.1920379829883539,0.7302931736466141,-0.34621720766990627,3,OC_LUSI_39N,0,0
0.03173378687215979,0.963094715691498,-0.8996271419471783,3,sardSpawnHab,0,0
-0.1630695980240535,0.280868933248746,-0.6070081292968531,3,sardNurseHab,0,0
-0.1981254719978574,0.5874340671679574,-0.9836850111636721,3,springSST,0,0
-0.03889419317354113,0.30471285375755797,-0.38250124010464015,3,randTest,0,0
0.17420973660578304,0.10121324417217772,0.24720622903938838,4,NCOPspring,0,1
0.21163580008309024,0.023666851755676135,0.39960474841050436,4,NCOPsummerlag1,0,1
-0.06836329643632448,-0.3199870114657701,0.18326041859312117,4,BEUTI_33N,0,0
0.022793428072458266,0.13789698991069765,-0.09231013376578107,4,BEUTI_39N,0,0
-0.03712920872448591,-0.09492943404549398,0.020671016596522207,4,CUTI_33N,0,0
0.014193386341863776,-0.011615947431468918,0.04000272011519651,4,CUTI_39N,0,0
-0.4373305162858455,-0.5559807706314563,-0.31868026194023463,4,OC_LUSI_33N,0,1
0.3324662891091376,0.23733557995656585,0.42759699826170927,4,OC_STI_33N,0,1
-0.22603687941634515,-0.3413526678182226,-0.11072109101446773,4,RREAS_Myctophids,0,1
0.33271717803460366,0.29654593835023485,0.3688884177189724,4,RREAS_YOYsardine,0,1
0.3934556946965538,0.5035339849815521,0.2833774044115554,4,age1SprSardmeanWAA,0,1
0.5576566768618559,0.3342120613651969,0.7811012923585148,4,meanSSBwt,0,1
-0.1105776226959193,-0.21970895454067374,-0.0014462908511647665,4,ZM_NorCal,0,1
-0.08220492890411774,-0.32465496253728643,0.1602451047290509,4,ZM_SoCal,0,0
-0.05642970776816834,-0.06703007429288865,-0.045829341243448035,4,sardRec,0,1
-0.013437246938727221,0.26931424973887713,-0.2961887436163316,4,anchBioSmrySeas1,0,0
0.23461005457419817,0.08262465354660975,0.38659545560178654,4,summerSST,0,1
0.1630178275831491,0.26197040988997855,0.0640652452763196,4,avgOffTransspring,0,1
0.26498825094362505,0.11384073497088137,0.41613576691636867,4,avgOffTranssummer,0,1
-0.11163537432342241,-0.10487212469687446,-0.11839862394997042,4,sprRelOffTrans,0,1
-0.3740343119429099,-0.6661003284603786,-0.08196829542544126,4,sumRelOffTrans,0,1
0.26121817490800536,-0.014137253986303888,0.5365736038023147,4,meanK,0,0
-0.16191503480688002,-0.2770474631890234,-0.04678260642473664,4,OC_LUSI_39N,0,1
-0.5317674621667654,-0.6349042460330194,-0.42863067830051127,4,sardSpawnHab,0,1
0.021868695743099117,-0.051684747625663996,0.09542213911186218,4,sardNurseHab,0,0
0.14879157271223614,0.046315461872575514,0.2512676835518967,4,springSST,0,1
-0.20045821501453626,-0.31843539112945546,-0.082481038899617,4,randTest,0,1
-0.6282100517475876,-0.3710570858123269,-0.8853630176828483,1,NCOPspring,0,1
-0.5267004747092467,-0.306653549504608,-0.7467473999138855,1,NCOPsummerlag1,0,1
-0.031985754929132915,0.16490619269950024,-0.22887770255776613,1,BEUTI_33N,0,0
-0.5706003755649598,-0.4491481249822636,-0.6920526261476558,1,BEUTI_39N,0,1
-0.10174318500833318,-0.04896572340770852,-0.15452064660895787,1,CUTI_33N,0,1
-0.5323977437113165,-0.3804423950836058,-0.6843530923390272,1,CUTI_39N,0,1
-0.25649465084774825,-0.1367904515103348,-0.37619885018516164,1,OC_LUSI_33N,0,1
0.23971896528454523,0.3386553935746434,0.14078253699444698,1,OC_STI_33N,0,1
0.30071705206283766,0.4203578487144167,0.1810762554112586,1,RREAS_Myctophids,0,1
0.42360456998624446,0.5261354337139171,0.32107370625857184,1,RREAS_YOYsardine,0,1
-0.07985077437102085,0.07746184883949381,-0.2371633975815356,1,age1SprSardmeanWAA,0,0
0.044579803147927144,0.2543568754508865,-0.16519726915503208,1,meanSSBwt,0,0
-0.6897170302720895,-0.5237721437355343,-0.8556619168086449,1,ZM_NorCal,0,1
-0.5199869840199383,-0.3474242521739556,-0.6925497158659207,1,ZM_SoCal,0,1
0.19182204528249594,0.27799986688346606,0.10564422368152585,1,sardRec,0,1
-0.21096983456319102,-0.20704093401172088,-0.21489873511466118,1,anchBioSmrySeas1,0,1
0.5376433273214449,0.6714582244447135,0.4038284301981764,1,summerSST,0,1
0.22142151820158382,0.3032503035255167,0.1395927328776509,1,avgOffTransspring,0,1
-0.2706110265362472,-0.12412435152336589,-0.41709770154912845,1,avgOffTranssummer,0,1
-0.16078380253705923,-0.060284413375047224,-0.2612831916990712,1,sprRelOffTrans,0,1
-0.13244044611712077,0.036291525094928445,-0.3011724173291699,1,sumRelOffTrans,0,0
0.2162529145114897,0.42773981614655776,0.004766012876421616,1,meanK,0,1
-0.3474528913261858,-0.22059862510488887,-0.47430715754748254,1,OC_LUSI_39N,0,1
0.17044214349455822,0.35340133009485974,-0.012517043105743399,1,sardSpawnHab,0,0
0.6241861765353716,0.7877052950121674,0.46066705805857583,1,sardNurseHab,0,1
0.7547635853348577,0.9053489602498577,0.6041782104198574,1,springSST,0,1
0.03573857227382499,0.08135463193669923,-0.009877487389049255,1,randTest,0,0
-0.1703443461027684,-0.10061519466883057,-0.24007349753670626,2,NCOPspring,0,1
-0.05459583126204802,0.1493793922561527,-0.2585710547802487,2,NCOPsummerlag1,0,0
-0.0639351406131759,0.283993104898977,-0.4118633861253288,2,BEUTI_33N,0,0
-0.20212858818631624,0.2894466378020789,-0.6937038141747114,2,BEUTI_39N,0,0
0.10886203955997384,0.778746014252836,-0.5610219351328882,2,CUTI_33N,0,0
-0.06892904123458712,0.3788916458583589,-0.5167497283275332,2,CUTI_39N,0,0
-0.08914718770302488,1.1213096556231372,-1.2996040310291872,2,OC_LUSI_33N,0,0
0.09189434757614681,1.070138188720628,-0.8863494935683343,2,OC_STI_33N,0,0
0.20804419798409823,0.7971470688228182,-0.38105867285462175,2,RREAS_Myctophids,0,0
0.085649800559949,1.2275540042452835,-1.0562544031253855,2,RREAS_YOYsardine,0,0
0.0874615660121966,1.1482103301968678,-0.9732871981724746,2,age1SprSardmeanWAA,0,0
-0.0340488863769019,1.308626182505019,-1.3767239552588229,2,meanSSBwt,0,0
-0.10108113075255926,0.7094536534802481,-0.9116159149853665,2,ZM_NorCal,0,0
0.06399936888021535,0.7378290491955936,-0.6098303114351629,2,ZM_SoCal,0,0
0.013686139226999345,0.4894580244163753,-0.4620857459623766,2,sardRec,0,0
-0.34556616187307315,0.48634858869345804,-1.1774809124396044,2,anchBioSmrySeas1,0,0
0.044360339642286056,1.0910162599778477,-1.0022955806932756,2,summerSST,0,0
0.17298848895141117,0.77640479523243,-0.4304278173296078,2,avgOffTransspring,0,0
-0.09256590390372443,0.4684414619878587,-0.6535732697953076,2,avgOffTranssummer,0,0
-0.15995949885392596,0.3242990473608165,-0.6442180450686685,2,sprRelOffTrans,0,0
0.02777674553433382,1.084173590655588,-1.0286200995869206,2,sumRelOffTrans,0,0
-0.10919600219683168,0.7453345132885083,-0.9637265176821717,2,meanK,0,0
-0.071834562435941,0.5385597735129033,-0.6822288983847852,2,OC_LUSI_39N,0,0
0.05663005389158415,0.9955089920564564,-0.8822488842732881,2,sardSpawnHab,0,0
0.12057724881757288,0.7833657006968907,-0.5422112030617449,2,sardNurseHab,0,0
0.1211987067827828,1.0588702209919085,-0.816472807426343,2,springSST,0,0
0.21320246366126472,1.0298139693605586,-0.6034090420380291,2,randTest,0,0
0.17211628305223084,0.10166180281984896,0.24257076328461272,3,NCOPspring,0,1
0.10899752506342647,-0.009043095543182764,0.22703814567003572,3,NCOPsummerlag1,0,0
0.23791636939798122,0.32378325884659065,0.1520494799493718,3,BEUTI_33N,0,1
0.1338687851928447,0.22065775979265048,0.04707981059303892,3,BEUTI_39N,0,1
0.2636086444664725,0.24679165199159764,0.2804256369413473,3,CUTI_33N,0,1
0.10786085082117133,0.21019633230614004,0.005525369336202646,3,CUTI_39N,0,1
0.12586811740132545,0.5700972058376615,-0.3183609710350106,3,OC_LUSI_33N,0,0
-0.0898920354273854,0.25399000614502437,-0.43377407699979537,3,OC_STI_33N,0,0
0.004026849671791892,0.0906842763004667,-0.08263057695688289,3,RREAS_Myctophids,0,0
-0.029227311737850134,0.35162156085992985,-0.4100761843356301,3,RREAS_YOYsardine,0,0
0.03383929997061547,0.3152307767639178,-0.24755217682268676,3,age1SprSardmeanWAA,0,0
-0.01107887744314423,0.4336685364901777,-0.455826291376466,3,meanSSBwt,0,0
0.1867686049737968,0.46467140204784546,-0.09113419210025187,3,ZM_NorCal,0,0
0.1061316538252145,0.32976568455448213,-0.11750237690405312,3,ZM_SoCal,0,0
-0.2548478367130493,-0.27625226996153396,-0.2334434034645647,3,sardRec,0,1
-0.03002259681175319,0.04315753091057546,-0.10320272453408176,3,anchBioSmrySeas1,0,0
-0.06698909307467277,0.3048501330539819,-0.4388283192033274,3,summerSST,0,0
-0.11619666705566892,0.07551960087347054,-0.30791293498480843,3,avgOffTransspring,0,0
-0.01612734005886741,0.13678337648264882,-0.16903805660038365,3,avgOffTranssummer,0,0
0.150072118392567,0.2972554925127473,0.002888744272386709,3,sprRelOffTrans,0,1
0.16794104909553184,0.5709666042305097,-0.23508450603944606,3,sumRelOffTrans,0,0
-0.010299096939650261,0.2712990934231798,-0.29189728730248043,3,meanK,0,0
0.15475740843948405,0.3619019294720078,-0.05238711259303962,3,OC_LUSI_39N,0,0
0.05884020955581026,0.3680878231715028,-0.25040740405988227,3,sardSpawnHab,0,0
-0.10132343680457898,0.06470788827254075,-0.2673547618816987,3,sardNurseHab,0,0
-0.13618798014546785,0.17788768185995155,-0.45026364215088727,3,springSST,0,0
-0.023340609214990107,0.21328647318515925,-0.2599676916151395,3,randTest,0,0
-0.11940813872484558,-0.07052933306982126,-0.16828694437986988,4,NCOPspring,0,1
-0.17261348426247125,-0.249376465693138,-0.09585050283180446,4,NCOPsummerlag1,0,1
0.07572476771647192,-0.08360206535791327,0.23505160079085713,4,BEUTI_33N,0,0
0.015365989418451464,0.19860012648241304,-0.1678681476455101,4,BEUTI_39N,0,0
0.0362506944201696,0.10790420590904026,-0.035402817068701076,4,CUTI_33N,0,0
0.018725801950972093,0.03905321654859936,-0.0016016126466551761,4,CUTI_39N,0,0
0.48920363945634765,0.5635393578725443,0.41486792104015086,4,OC_LUSI_33N,0,1
-0.3781808679631904,-0.2782858282704393,-0.4780759076559415,4,OC_STI_33N,0,1
0.2000775652159575,0.16882727406412348,0.23132785636779146,4,RREAS_Myctophids,0,1
-0.38306336627606896,-0.2956433473915816,-0.47048338516055627,4,RREAS_YOYsardine,0,1
-0.43950048211616366,-0.21404355154803234,-0.664957412684295,4,age1SprSardmeanWAA,0,1
-0.5623647844667408,-0.5889936250455684,-0.5357359438879132,4,meanSSBwt,0,1
0.177919395923815,0.17278548749011424,0.1830533043575157,4,ZM_NorCal,0,1
0.10233674653743394,-0.02903837776516871,0.23371187084003653,4,ZM_SoCal,0,0
0.026578970230255704,0.06297322379519735,-0.00981528333468587,4,sardRec,0,0
0.01630865143332029,0.3138800068574233,-0.28126270399078274,4,anchBioSmrySeas1,0,0
-0.31644288619706185,-0.339906228818847,-0.2929795435752765,4,summerSST,0,1
-0.1915201342518711,0.02946877165201539,-0.4125090401557576,4,avgOffTransspring,0,0
-0.2822425314279541,-0.34753569268816953,-0.21694937016773871,4,avgOffTranssummer,0,1
0.13645530825347918,0.3006905914813619,-0.027779974974403626,4,sprRelOffTrans,0,0
0.45072062939660995,0.31801194813158323,0.5834293106616367,4,sumRelOffTrans,0,1
-0.26918190373968326,-0.42122983387173696,-0.11713397360762967,4,meanK,0,1
0.17899897972138157,0.19034193165010843,0.16765602779265462,4,OC_LUSI_39N,0,1
0.4478640723065551,0.38900333853922847,0.5067248060738817,4,sardSpawnHab,0,1
-0.09277898692828647,-0.004321597891580764,-0.1812363759649922,4,sardNurseHab,0,1
-0.21023806778003967,-0.16728338809970505,-0.25319274746037435,4,springSST,0,1
-0.307828504912626,0.06372281736475127,-0.6793798271900032,4,randTest,0,0
-0.5638627802624173,-0.33172894984427864,-0.7959966106805558,1,NCOPspring,0,1
-0.47796440300283327,-0.30061142995721146,-0.6553173760484551,1,NCOPsummerlag1,0,1
-0.05072758275004547,0.010443834980620306,-0.11189900048071126,1,BEUTI_33N,0,0
-0.5468142976415059,-0.2973560374017254,-0.7962725578812865,1,BEUTI_39N,0,1
-0.16631490609843458,0.08507977078503508,-0.4177095829819042,1,CUTI_33N,0,0
-0.5498418366482375,-0.4317267650618084,-0.6679569082346667,1,CUTI_39N,0,1
-0.2502744161053207,-0.19022132879875114,-0.3103275034118902,1,OC_LUSI_33N,0,1
0.21463789940165146,0.291031472111664,0.13824432669163894,1,OC_STI_33N,0,1
0.23266155448451115,0.4320397364062153,0.033283372562807,1,RREAS_Myctophids,0,1
0.4204963671223899,0.4796610955633646,0.3613316386814152,1,RREAS_YOYsardine,0,1
0.05505060659314584,0.3432249480405401,-0.23312373485424845,1,age1SprSardmeanWAA,0,0
0.20521944047894705,0.33165454647120385,0.07878433448669035,1,meanSSBwt,0,1
-0.6880040901994242,-0.5688696151112353,-0.8071385652876131,1,ZM_NorCal,0,1
-0.530663045018247,-0.3010375005722566,-0.7602885894642375,1,ZM_SoCal,0,1
0.18079940606594969,0.41753063242181143,-0.05593182028991206,1,sardRec,0,0
-0.15697900315277022,0.3550283080024204,-0.668986314307961,1,anchBioSmrySeas1,0,0
0.5459293595917818,0.5703247082429059,0.5215340109406578,1,summerSST,0,1
0.1896071015997119,0.3806111032521222,-0.0013969000526984493,1,avgOffTransspring,0,0
-0.22601325588310894,-0.1390817102403683,-0.31294480152584975,1,avgOffTranssummer,0,1
-0.11414412184309451,0.060426049995318885,-0.2887142936815079,1,sprRelOffTrans,0,0
-0.1651128057567095,-0.12322223092441306,-0.20700338058900594,1,sumRelOffTrans,0,1
0.290940837027046,0.5274718405411056,0.054409833512986255,1,meanK,0,1
-0.337937832964288,-0.20605471168643205,-0.4698209542421438,1,OC_LUSI_39N,0,1
0.10346541329368161,0.18517661962382517,0.021754206963538025,1,sardSpawnHab,0,1
0.6140898476435636,0.8729435493715163,0.3552361459156111,1,sardNurseHab,0,1
0.7378897499692394,0.8500211580435505,0.6257583418949283,1,springSST,0,1
-0.05310935879971301,0.09690777820146257,-0.20312649580088862,1,randTest,0,0
-0.2268060824101653,-0.13343342772368097,-0.3201787370966496,2,NCOPspring,0,1
-0.10943800928099566,0.10329755248850712,-0.3221735710504984,2,NCOPsummerlag1,0,0
-0.05958983471713053,0.5331595648051016,-0.6523392342393626,2,BEUTI_33N,0,0
-0.2851972343966433,0.2918445183655031,-0.8622389871587897,2,BEUTI_39N,0,0
0.06226954385174218,0.6085675504145642,-0.48402846271107974,2,CUTI_33N,0,0
-0.18686139785818637,0.6368951507766366,-1.0106179464930092,2,CUTI_39N,0,0
-0.0962346260780374,0.9633963847908594,-1.155865636946934,2,OC_LUSI_33N,0,0
0.08395310308916602,0.8937393392288943,-0.7258331330505622,2,OC_STI_33N,0,0
0.2221906100352753,0.9988630211706572,-0.5544818011001067,2,RREAS_Myctophids,0,0
0.15578199284620434,1.6129816393370047,-1.3014176536445963,2,RREAS_YOYsardine,0,0
0.12472967867575628,0.7910811439510397,-0.541621786599527,2,age1SprSardmeanWAA,0,0
0.015040311983461487,1.105524469994733,-1.07544384602781,2,meanSSBwt,0,0
-0.19641935680278994,0.7142628698667005,-1.1071015834722804,2,ZM_NorCal,0,0
0.005047068309420505,0.6949569418031201,-0.6848628051842791,2,ZM_SoCal,0,0
-0.027550554245301825,0.5818942609097193,-0.6369953694003232,2,sardRec,0,0
-0.40353963298164586,0.2151173608872604,-1.022196626850552,2,anchBioSmrySeas1,0,0
0.12108585382285475,1.5082151725980404,-1.2660434649523309,2,summerSST,0,0
0.17231236870169045,0.7553325713927528,-0.41070783398937183,2,avgOffTransspring,0,0
-0.11711526961436561,0.9229129858778561,-1.1571435251065871,2,avgOffTranssummer,0,0
-0.12416908268734181,0.22738551259673462,-0.47572367797141824,2,sprRelOffTrans,0,0
0.016596827908246785,1.6465901635768676,-1.6133965077603742,2,sumRelOffTrans,0,0
-0.06204720373355746,0.6440900844627339,-0.7681844919298487,2,meanK,0,0
-0.09298147297660528,0.39020141850384027,-0.5761643644570508,2,OC_LUSI_39N,0,0
0.010000406776953664,1.7087794015090403,-1.688778587955133,2,sardSpawnHab,0,0
0.1674256508366197,0.5206309048365504,-0.18577960316331102,2,sardNurseHab,0,0
0.20656947405533338,1.1760679828742397,-0.7629290347635732,2,springSST,0,0
0.08580090526550599,1.2158456738562808,-1.0442438633252686,2,randTest,0,0
0.20783097042031212,0.12227008409840726,0.293391856742217,3,NCOPspring,0,1
0.11833820408261068,-0.04577128740238755,0.2824476955676089,3,NCOPsummerlag1,0,0
0.25905521178106816,0.2998430964803125,0.21826732708182392,3,BEUTI_33N,0,1
0.185920432421826,0.524962978178877,-0.15312211333522502,3,BEUTI_39N,0,0
0.24686203368519605,0.3866293225865972,0.10709474478379494,3,CUTI_33N,0,1
0.13460770013461634,0.420727055608748,-0.15151165533951527,3,CUTI_39N,0,0
0.1320380020642017,0.4744845640360591,-0.2104085599076559,3,OC_LUSI_33N,0,0
-0.10233283334116298,0.16175496445131335,-0.36642063113363926,3,OC_STI_33N,0,0
-0.031785948666499406,0.17887129135807925,-0.24244318869107814,3,RREAS_Myctophids,0,0
-0.05324245858798074,0.471329098558091,-0.5778140157340527,3,RREAS_YOYsardine,0,0
-0.005926117277313639,0.32057926334757725,-0.3324314979022045,3,age1SprSardmeanWAA,0,0
-0.02220023779047839,0.2625422858169265,-0.3069427613978833,3,meanSSBwt,0,0
0.22048374398583376,0.48926761935157875,-0.04830013137991132,3,ZM_NorCal,0,0
0.11147297779821704,0.36120474323120455,-0.13825878763477045,3,ZM_SoCal,0,0
-0.26916748588651274,0.021442222582652104,-0.5597771943556776,3,sardRec,0,0
0.0214951267007814,0.6378784359916512,-0.5948881825900884,3,anchBioSmrySeas1,0,0
-0.09444553340707218,0.3225572278128614,-0.5114482946270056,3,summerSST,0,0
-0.15548823829311434,0.17787503409816693,-0.4888515106843956,3,avgOffTransspring,0,0
-0.008347142415733061,0.25010613135018855,-0.2668004161816546,3,avgOffTranssummer,0,0
0.1821908629165533,0.32963923685419133,0.03474248897891523,3,sprRelOffTrans,0,1
0.1800253968180624,0.6231209527794284,-0.26307015914330345,3,sumRelOffTrans,0,0
0.007012293549311474,0.22785188622852925,-0.21382729912990633,3,meanK,0,0
0.1703546955693788,0.2945159763137174,0.046193414825040136,3,OC_LUSI_39N,0,1
0.039645830039064994,0.5650932011552436,-0.4858015410771139,3,sardSpawnHab,0,0
-0.1492720180153616,-0.08799923857617811,-0.21054479745454507,3,sardNurseHab,0,1
-0.17772756560703146,0.11975284386360163,-0.4752079750776645,3,springSST,0,0
-0.00831169044332572,0.5013124259323258,-0.5179358068189772,3,randTest,0,0
0.18591884008965884,0.10937884843278005,0.2624588317465376,4,NCOPspring,0,1
0.21302021158936973,0.249171606362435,0.17686881681630445,4,NCOPsummerlag1,0,1
-0.17354205686441554,-0.1678300260874392,-0.1792540876413919,4,BEUTI_33N,0,1
-0.0067092855885474145,0.15032843931957937,-0.16374701049667417,4,BEUTI_39N,0,0
-0.1261495982165446,0.30724671663209485,-0.559545913065184,4,CUTI_33N,0,0
-0.0981077606431736,0.022133844912203667,-0.2183493661985509,4,CUTI_39N,0,0
-0.33306616219195784,-0.1754963320722309,-0.49063599231168475,4,OC_LUSI_33N,0,1
0.23910938257579306,0.36375907992388556,0.1144596852277004,4,OC_STI_33N,0,1
-0.3629796035708316,0.027774796398229856,-0.7537340035398931,4,RREAS_Myctophids,0,0
0.40007019723426396,0.6224816243676932,0.1776587701008347,4,RREAS_YOYsardine,0,1
0.19693330515756657,0.39142465293531803,0.0024419573798151184,4,age1SprSardmeanWAA,0,1
0.31258261919273794,0.49562796638951934,0.1295372719959565,4,meanSSBwt,0,1
-0.08537222878209993,0.05660070509594668,-0.22734516266014657,4,ZM_NorCal,0,0
-0.013964403011661547,0.3514327442976176,-0.37936155032094065,4,ZM_SoCal,0,0
-0.1747581189469865,0.13903161334377284,-0.4885478512377458,4,sardRec,0,0
-0.04745454411937591,0.6173945857545162,-0.712303673993268,4,anchBioSmrySeas1,0,0
0.31787658596206525,0.5193200974993434,0.11643307442478722,4,summerSST,0,1
0.16545756843411785,0.30510236473541924,0.025812772132816436,4,avgOffTransspring,0,1
0.4891126636843908,0.7130608145907715,0.2651645127780102,4,avgOffTranssummer,0,1
-0.031531365965600834,0.06866494633746195,-0.13172767826866358,4,sprRelOffTrans,0,0
-0.600058995329303,-0.27304502522769847,-0.9270729654309074,4,sumRelOffTrans,0,1
0.0850350275035664,0.3753511903221903,-0.20528113531505748,4,meanK,0,0
-0.04907453049929212,0.0681705916063105,-0.16631965260489479,4,OC_LUSI_39N,0,0
-0.7153275941235042,-0.45146103834286294,-0.9791941499041455,4,sardSpawnHab,0,1
-0.1961226929206599,-0.0852016450949844,-0.30704374074633545,4,sardNurseHab,0,1
0.07624674573255988,0.2152643522544232,-0.06277086078930347,4,springSST,0,0
0.4729711974519824,0.708273534914854,0.23766885998911078,4,randTest,0,1
-0.1743660383841594,-0.10243201516976655,-0.24630006159855225,1,NCOPspring,0,1
-0.07353809260885663,0.11106773636551136,-0.2581439215832246,1,NCOPsummerlag1,0,0
-0.03384345581468279,0.31380914410006755,-0.381496055729433,1,BEUTI_33N,0,0
-0.23269032148539118,0.368265266585556,-0.8336459095563382,1,BEUTI_39N,0,0
0.05411958344685913,0.5645479119806786,-0.45630874508696023,1,CUTI_33N,0,0
-0.14895974015002847,0.4403120642343136,-0.7382315445343705,1,CUTI_39N,0,0
-0.04940408924667283,1.0798228336035922,-1.1786310120969377,1,OC_LUSI_33N,0,0
0.03548740016253957,0.9036979861975468,-0.8327231858724677,1,OC_STI_33N,0,0
0.19621048728279236,0.738030025441073,-0.34560905087548827,1,RREAS_Myctophids,0,0
0.11271663673826804,1.28713060800287,-1.0616973345263339,1,RREAS_YOYsardine,0,0
0.1258546530428496,1.0296766173288174,-0.7779673112431184,1,age1SprSardmeanWAA,0,0
-0.06681682737046712,1.2172873913061364,-1.3509210460470706,1,meanSSBwt,0,0
-0.12672347398777695,0.7505924917400788,-1.004039439715633,1,ZM_NorCal,0,0
0.05720417663410718,0.7803401158172483,-0.6659317625490341,1,ZM_SoCal,0,0
-0.07563866776214913,0.52935383821227,-0.6806311737365682,1,sardRec,0,0
-0.4085272743464622,0.5902147917179418,-1.407269340410866,1,anchBioSmrySeas1,0,0
0.03872514119527898,1.116531487193955,-1.0390812048033973,1,summerSST,0,0
0.13605691598594655,0.7577291000858026,-0.4856152681139096,1,avgOffTransspring,0,0
-0.12351004942368099,0.44980188375769403,-0.696821982605056,1,avgOffTranssummer,0,0
-0.09130038223247752,0.36091702914103024,-0.5435177936059853,1,sprRelOffTrans,0,0
0.07528641329029681,1.1281852451643712,-0.9776124185837776,1,sumRelOffTrans,0,0
-0.09035310531121236,0.7719164279553921,-0.9526226385778169,1,meanK,0,0
-0.05278212773814296,0.5583027578512785,-0.6638670133275645,1,OC_LUSI_39N,0,0
-0.0309870470688344,1.177751618998431,-1.2397257131360997,1,sardSpawnHab,0,0
0.08362066139128603,0.6942014254816373,-0.5269601026990653,1,sardNurseHab,0,0
0.12033927758599722,1.1094724528598778,-0.8687938976878834,1,springSST,0,0
-0.14041410221838585,0.33447827830847965,-0.6153064827452513,1,randTest,0,0
0.11608001024690238,0.06819165865500078,0.16396836183880398,2,NCOPspring,0,1
0.19681042586848888,0.30472133855966327,0.08889951317731445,2,NCOPsummerlag1,0,1
-0.08466820970404872,0.12213025150877387,-0.2914666709168713,2,BEUTI_33N,0,0
-0.04651530834532212,-0.17729509541219263,0.08426447872154838,2,BEUTI_39N,0,0
-0.06098699330443616,0.034975419195714674,-0.15694940580458705,2,CUTI_33N,0,0
-0.05481060144907731,-0.11222044816520799,0.0025992452670533517,2,CUTI_39N,0,0
-0.45846727411246413,-0.41550527143923877,-0.5014292767856894,2,OC_LUSI_33N,0,1
0.3395884634393635,0.3829443347301116,0.2962325921486154,2,OC_STI_33N,0,1
-0.20333932034403032,-0.0649800725768305,-0.34169856811123017,2,RREAS_Myctophids,0,1
0.39231653612490963,0.3390400557163019,0.44559301653351724,2,RREAS_YOYsardine,0,1
0.32858637608953883,0.17479531564884837,0.4823774365302293,2,age1SprSardmeanWAA,0,1
0.5446125012951754,0.6854175210522526,0.4038074815380981,2,meanSSBwt,0,1
-0.1931283500902603,-0.16467459681882046,-0.22158210336170014,2,ZM_NorCal,0,1
-0.12572873319553826,0.09060243165129117,-0.34205989804236764,2,ZM_SoCal,0,0
-0.05004630653008112,-0.048025797971394835,-0.05206681508876737,2,sardRec,0,1
-0.05590111977651954,-0.20010818066576716,0.08830594111272816,2,anchBioSmrySeas1,0,0
0.33462740924976386,0.4346333876379076,0.23462143086162013,2,summerSST,0,1
0.20466186371435208,0.10837900515029139,0.3009447222784127,2,avgOffTransspring,0,1
0.28817034914170536,0.4249667043404736,0.15137399394293716,2,avgOffTranssummer,0,1
-0.12039259249585468,-0.11338417882897119,-0.1274010061627382,2,sprRelOffTrans,0,1
-0.44663181432969445,-0.20498991312807763,-0.6882737155313113,2,sumRelOffTrans,0,1
0.2701938710419454,0.45891995184211587,0.08146779024177503,2,meanK,0,1
-0.1717109822602092,-0.11201429212494701,-0.23140767239547133,2,OC_LUSI_39N,0,1
-0.5553439931190814,-0.6196097899293457,-0.49107819630881727,2,sardSpawnHab,0,1
0.06708495363174642,0.11270495702520333,0.021464950238289482,2,sardNurseHab,0,1
0.23223468135382458,0.26833980484806674,0.19612955785958242,2,springSST,0,1
0.13852298783362627,0.21032091056389499,0.06672506510335752,2,randTest,0,1
0.2304889129338533,0.13540161860010638,0.32557620726760017,3,NCOPspring,0,1
0.13653979287881568,-0.046085347487516734,0.3191649332451481,3,NCOPsummerlag1,0,0
0.26010291945220754,0.2867751020711282,0.2334307368332868,3,BEUTI_33N,0,1
0.18684533362737074,0.1873855827522113,0.18630508450253025,3,BEUTI_39N,0,1
0.2300019917614347,0.20291383578362707,0.25709014773924244,3,CUTI_33N,0,1
0.12143042842680328,0.14561783311016602,0.0972430237434406,3,CUTI_39N,0,1
0.18036018283537888,0.4462656788872652,-0.08554531321650734,3,OC_LUSI_33N,0,0
-0.1455756199374645,0.04786683503125188,-0.33901807490618074,3,OC_STI_33N,0,0
-0.040735719812177835,-0.01856174446877154,-0.06290969515558407,3,RREAS_Myctophids,0,1
-0.07049155730210932,0.14036049551009205,-0.28134361011431064,3,RREAS_YOYsardine,0,0
-0.014085702086921555,0.022130620022479258,-0.05030202419632246,3,age1SprSardmeanWAA,0,0
-0.041383673254061046,0.19698660825391479,-0.2797539547620368,3,meanSSBwt,0,0
0.24330578551323917,0.4114444590122225,0.07516711201425573,3,ZM_NorCal,0,1
0.13071879466855116,0.2780779839287859,-0.01664039459168358,3,ZM_SoCal,0,0
-0.2969096633310504,-0.46219727105185826,-0.13162205561024248,3,sardRec,0,1
0.008228547586937609,-0.11310340503226846,0.12956050020614368,3,anchBioSmrySeas1,0,0
-0.12427952380376361,0.11593141100412437,-0.3644904586116516,3,summerSST,0,0
-0.17529212752489753,-0.07403802176447019,-0.2765462332853249,3,avgOffTransspring,0,1
-0.012892359866709918,0.06216017545723025,-0.08794489519064999,3,avgOffTranssummer,0,0
0.2083119677367656,0.25409057998836304,0.16253335548516826,3,sprRelOffTrans,0,1
0.20437233492117085,0.46791509202792914,-0.05917042218558742,3,sumRelOffTrans,0,0
-0.005851320924138537,0.14279251296111725,-0.15449515480939435,3,meanK,0,0
0.19595974587341622,0.3132579446174561,0.0786615471293764,3,OC_LUSI_39N,0,1
-0.004695966564880798,0.19270500491275222,-0.20209693804251383,3,sardSpawnHab,0,0
-0.1875487891235663,-0.12622776272553832,-0.24886981552159426,3,sardNurseHab,0,1
-0.2101721393834353,-0.012845470575595402,-0.40749880819127515,3,springSST,0,1
-0.08055617989741928,-0.1264118360725725,-0.034700523722266036,3,randTest,0,1
0.6090855918499875,0.3578097269527233,0.8603614567472515,4,NCOPspring,0,1
0.5340543080988316,0.32188402781894404,0.7462245883787192,4,NCOPsummerlag1,0,1
0.046059951362128725,-0.1515767778841952,0.24369668060845265,4,BEUTI_33N,0,0
0.546179065924341,0.4631934598694033,0.6291646719792785,4,BEUTI_39N,0,1
0.19035129332830625,0.09073414902006355,0.2899684376365489,4,CUTI_33N,0,1
0.5559211391099316,0.45633562083251344,0.6555066573873496,4,CUTI_39N,0,1
0.21794034447622934,0.09401476177736903,0.3418659271750897,4,OC_LUSI_33N,0,1
-0.1878977778307343,-0.3010027138534607,-0.07479284180800783,4,OC_STI_33N,0,1
-0.24520321184847294,-0.37450723141520254,-0.11589919228174338,4,RREAS_Myctophids,0,1
-0.39803406916939515,-0.4684022342939499,-0.3276659040448403,4,RREAS_YOYsardine,0,1
0.014233960514547166,-0.1160897458485208,0.14455766687761523,4,age1SprSardmeanWAA,0,0
-0.013559622836203877,-0.2288113818381342,0.2016921361657265,4,meanSSBwt,0,0
0.6747424232620356,0.5331193223108127,0.8163655242132587,4,ZM_NorCal,0,1
0.5152334977516758,0.3399276897123795,0.690539305790972,4,ZM_SoCal,0,1
-0.17051354495167312,-0.1924511136634168,-0.1485759762399294,4,sardRec,0,1
0.17989011678784556,0.23212016871081842,0.1276600648648727,4,anchBioSmrySeas1,0,1
-0.4990701804318507,-0.6226016105100104,-0.37553875035369094,4,summerSST,0,1
-0.1776020366745114,-0.2646641573350437,-0.09053991601397901,4,avgOffTransspring,0,1
0.2584291270629423,0.11011530527462562,0.40674294885125906,4,avgOffTranssummer,0,1
0.11263602556907797,-0.003637532194202403,0.22890958333235834,4,sprRelOffTrans,0,0
0.12163541246431143,-0.059292439967704,0.3025632648963268,4,sumRelOffTrans,0,0
-0.21665804768906782,-0.41250457999174744,-0.020811515386388257,4,meanK,0,1
0.32910667427772033,0.2035088995297441,0.45470444902569657,4,OC_LUSI_39N,0,1
-0.14721519284020196,-0.2672537776287991,-0.02717660805160485,4,sardSpawnHab,0,1
-0.5786894113256826,-0.7543597221843189,-0.40301910046704614,4,sardNurseHab,0,1
-0.7096027355760174,-0.8444232319426609,-0.574782239209374,4,springSST,0,1
0.19924125133982545,0.11451596160001279,0.2839665410796382,4,randTest,0,1
-0.6026576733752952,-0.3522828524097511,-0.8530324943408393,1,NCOPspring,0,1
-0.5307725488091446,-0.22557211656188336,-0.835972981056406,1,NCOPsummerlag1,0,1
-0.031001995633152677,0.283294087144704,-0.34529807841100935,1,BEUTI_33N,0,0
-0.5202200103078565,-0.06313240764099391,-0.977307612974719,1,BEUTI_39N,0,1
-0.14789508214678748,0.2926649318507097,-0.5884550961442847,1,CUTI_33N,0,0
-0.5187062878735328,-0.08944611864123561,-0.9479664571058299,1,CUTI_39N,0,1
-0.1898250700269729,0.5077064903725322,-0.8873566304264782,1,OC_LUSI_33N,0,0
0.17762374229885503,0.7316807325178253,-0.3764332479201153,1,OC_STI_33N,0,0
0.27055133410183396,0.7036689657006111,-0.16256629749694332,1,RREAS_Myctophids,0,0
0.3570578666941463,1.0864888230592544,-0.37237308967096183,1,RREAS_YOYsardine,0,0
-0.034486323015910654,0.631019547894188,-0.6999921939260093,1,age1SprSardmeanWAA,0,0
0.036109106321017645,0.8685035329530195,-0.7962853203109842,1,meanSSBwt,0,0
-0.6479678665707318,-0.06868358585206871,-1.2272521472893947,1,ZM_NorCal,0,1
-0.4981003373697405,-0.015613103835045404,-0.9805875709044358,1,ZM_SoCal,0,1
0.18991584905001513,0.6085835652871253,-0.228751867187095,1,sardRec,0,0
-0.14537730803532145,0.501639102818542,-0.7923937188891848,1,anchBioSmrySeas1,0,0
0.4869595129023314,1.1347862106551148,-0.1608671848504517,1,summerSST,0,0
0.1444225012285752,0.586496456646724,-0.29765145418957367,1,avgOffTransspring,0,0
-0.2778738112907828,0.12420339063658177,-0.6799510132181473,1,avgOffTranssummer,0,0
-0.09109063537072559,0.26777840120741114,-0.44995967194886227,1,sprRelOffTrans,0,0
-0.09077305203915152,0.5354857315195097,-0.7170318355978128,1,sumRelOffTrans,0,0
0.1982833790791562,0.7910873920781792,-0.39452063391986686,1,meanK,0,0
-0.30859524148213463,0.10575922155381576,-0.7229497045180848,1,OC_LUSI_39N,0,0
0.24943846020873495,1.0554690545492778,-0.5565921341318079,1,sardSpawnHab,0,0
0.5989157938431363,1.0706079230947383,0.12722366459153409,1,sardNurseHab,0,1
0.6863385601127865,1.3273838233138209,0.04529329691175222,1,springSST,0,1
-0.09545721385133236,0.2231620222950908,-0.4140764499977555,1,randTest,0,0
0.21222085346589786,0.12405345671794282,0.30038825021385285,2,NCOPspring,0,1
0.0934892174041575,0.13518574946800205,0.05179268534031292,2,NCOPsummerlag1,0,1
0.041799248794189725,0.03501637905967708,0.048582118528702464,2,BEUTI_33N,0,1
0.26042144636895315,0.3649594563287247,0.15588343640918173,2,BEUTI_39N,0,1
-0.0827739038136506,0.12826799849405943,-0.2938158061213606,2,CUTI_33N,0,0
0.15786842622872738,0.23665130288894487,0.07908554956850988,2,CUTI_39N,0,1
0.08534692308333267,0.2263991061346723,-0.05570525996800696,2,OC_LUSI_33N,0,0
-0.07969439187501615,0.030395700219784605,-0.1897844839698168,2,OC_STI_33N,0,0
-0.24054604793401824,-0.07928096429724395,-0.4018111315707924,2,RREAS_Myctophids,0,1
-0.13455774531493034,0.05415605355671432,-0.323271544186575,2,RREAS_YOYsardine,0,0
-0.13248242906510327,0.022151730510555245,-0.2871165886407617,2,age1SprSardmeanWAA,0,0
0.010546856642345864,0.16978647304071953,-0.14869275975602772,2,meanSSBwt,0,0
0.17464981354068407,0.2702849300892462,0.07901469699212188,2,ZM_NorCal,0,1
-0.02631962592473311,0.047007502651300284,-0.09964675450076649,2,ZM_SoCal,0,0
0.028014904454239258,0.2643272558332044,-0.20829744692472582,2,sardRec,0,0
0.40207784936866453,0.7703524184786685,0.033803280258660695,2,anchBioSmrySeas1,0,1
-0.09802739077753975,0.041372128072837355,-0.23742690962791677,2,summerSST,0,0
-0.1477112667192659,-0.0722243169459077,-0.22319821649262414,2,avgOffTransspring,0,1
0.14443013872253374,0.22320791793361822,0.06565235951144928,2,avgOffTranssummer,0,1
0.10720405743363026,0.15654633234510323,0.057861782522157346,2,sprRelOffTrans,0,1
-0.05744679652782299,0.04738470499968066,-0.1622782980553266,2,sumRelOffTrans,0,0
0.07755325692581252,0.1642046620406222,-0.009098148188997138,2,meanK,0,0
0.07649173067342162,0.13492264583929117,0.018060815507552008,2,OC_LUSI_39N,0,1
-0.04253590801655943,0.11809581682940189,-0.20316763286252087,2,sardSpawnHab,0,0
-0.15778874809024812,-0.09354747221113632,-0.22203002396935995,2,sardNurseHab,0,1
-0.18129667145659303,-0.058408857186763696,-0.3041844857264224,2,springSST,0,1
0.15060293755875107,0.2883186325204497,0.012887242597052428,2,randTest,0,1
0.20805502421536337,0.12161832600300315,0.2944917224277236,3,NCOPspring,0,1
0.1266326037426293,0.11165666425744503,0.1416085432278136,3,NCOPsummerlag1,0,1
0.253805376570269,0.503084073703951,0.004526679436587043,3,BEUTI_33N,0,1
0.16924030527970912,0.545918756479516,-0.20743814592009774,3,BEUTI_39N,0,0
0.2468721329442538,0.5936467276045555,-0.09990246171604783,3,CUTI_33N,0,0
0.11850438534520376,0.5054465843003312,-0.2684378136099237,3,CUTI_39N,0,0
0.15999880253663507,1.0551233661516999,-0.7351257610784298,3,OC_LUSI_33N,0,0
-0.12254499809855489,0.5561373159849556,-0.8012273121820656,3,OC_STI_33N,0,0
-0.017963752511327993,0.3510182804199569,-0.3869457854426128,3,RREAS_Myctophids,0,0
-0.060800760307226684,0.8480968083155289,-0.9696983289299823,3,RREAS_YOYsardine,0,0
-0.004744613568638249,0.5751227539043737,-0.5846119810416502,3,age1SprSardmeanWAA,0,0
-0.04011072255817494,0.9166256831381572,-0.9968471282545073,3,meanSSBwt,0,0
0.2171510316070927,0.8657059299586998,-0.43140386674451425,3,ZM_NorCal,0,0
0.11613500540242803,0.6624408846938412,-0.4301708738889851,3,ZM_SoCal,0,0
-0.26885220966948886,-0.009212886186676025,-0.5284915331523017,3,sardRec,0,1
0.00890595167895393,0.563426653504943,-0.5456147501470351,3,anchBioSmrySeas1,0,0
-0.09405218236807868,0.7233488797936627,-0.91145324452982,3,summerSST,0,0
-0.16085689107116244,0.3013205332835754,-0.6230343154259003,3,avgOffTransspring,0,0
-0.016968898121153965,0.36867148365280616,-0.40260927989511414,3,avgOffTranssummer,0,0
0.1931726897496182,0.5187094600226181,-0.13236408052338172,3,sprRelOffTrans,0,0
0.18899234644741025,1.003822633675754,-0.6258379407809338,3,sumRelOffTrans,0,0
-0.005455709490875885,0.6417675941052511,-0.6526790130870028,3,meanK,0,0
0.1800104766960015,0.6305250684592499,-0.270504115067247,3,OC_LUSI_39N,0,0
0.029126979593988023,0.9768788697103223,-0.9186249105223463,3,sardSpawnHab,0,0
-0.15004017232197295,0.2168416413404709,-0.5169219859844167,3,sardNurseHab,0,0
-0.17803260531579929,0.570713340097301,-0.9267785507288994,3,springSST,0,0
9.336010835435411e-4,0.21036277246665508,-0.20849557029956803,3,randTest,0,0
0.04693490522126316,0.02743574506622336,0.06643406537630295,4,NCOPspring,0,1
0.12411190613951002,-0.03183338265287351,0.28005719493189357,4,NCOPsummerlag1,0,0
-0.09173027212232483,-0.2960098445904241,0.11254930034577447,4,BEUTI_33N,0,0
-0.1250166699117758,0.03886628239827791,-0.28889962222182947,4,BEUTI_39N,0,0
-0.0855088083464393,-0.13148767027364702,-0.03952994641923163,4,CUTI_33N,0,1
-0.13340579914694553,-0.08478245947376964,-0.18202913882012142,4,CUTI_39N,0,1
-0.4761221995223203,-0.44000207102223515,-0.5122423280224053,4,OC_LUSI_33N,0,1
0.35528103229310193,0.3959636537909341,0.31459841079526973,4,OC_STI_33N,0,1
-0.15589926221913986,-0.2179804071676229,-0.09381811727065684,4,RREAS_Myctophids,0,1
0.4445554972490846,0.5479696074604573,0.3411413870377117,4,RREAS_YOYsardine,0,1
0.322497208594292,0.5151920040948965,0.1298024130936874,4,age1SprSardmeanWAA,0,1
0.5222588996985239,0.48692543730227955,0.5575923620947683,4,meanSSBwt,0,1
-0.2659491078275469,-0.25307627490898194,-0.2788219407461118,4,ZM_NorCal,0,1
-0.17700540209515603,-0.33531824707472213,-0.01869255711558998,4,ZM_SoCal,0,1
-0.046509270056314084,-0.019095415821229006,-0.07392312429139913,4,sardRec,0,1
-0.1183788523607157,0.19245702148882682,-0.42921472621025814,4,anchBioSmrySeas1,0,0
0.3679235733983676,0.3597616998226393,0.37608544697409596,4,summerSST,0,1
0.23688413628029303,0.36439009240553033,0.10937818015505582,4,avgOffTransspring,0,1
0.23315686713389905,0.12355260666559759,0.34276112760220045,4,avgOffTranssummer,0,1
-0.149563785511634,-0.1187593538945299,-0.18036821712873807,4,sprRelOffTrans,0,1
-0.4301453447106395,-0.6074223597659983,-0.2528683296552805,4,sumRelOffTrans,0,1
0.2919219176275047,0.14160115882956292,0.4422426764254465,4,meanK,0,1
-0.2042130737872053,-0.23736621791592066,-0.17105992965848996,4,OC_LUSI_39N,0,1
-0.5687509067830743,-0.5672699561158132,-0.5702318574503354,4,sardSpawnHab,0,1
0.10818365084146249,0.1230139169510055,0.0933533847319195,4,sardNurseHab,0,1
0.310459461394472,0.3423910535719446,0.27852786921699924,4,springSST,0,1
-0.005660300795437438,0.05945873536916488,-0.07077933696003973,4,randTest,0,0
-0.642014742321843,-0.3778649496968277,-0.9061645349468581,1,NCOPspring,0,1
-0.5646226683459826,-0.34737560521164895,-0.7818697314803161,1,NCOPsummerlag1,0,1
-0.03541528499879952,0.07528720554271015,-0.1461177755403092,1,BEUTI_33N,0,0
-0.55101951519361,-0.49388618629946673,-0.6081528440877535,1,BEUTI_39N,0,1
-0.14225729338550397,-0.10729228370641937,-0.17722230306458853,1,CUTI_33N,0,1
-0.5311518593282943,-0.48808565225032485,-0.5742180664062638,1,CUTI_39N,0,1
-0.14109657491515,-0.1831663373443883,-0.09902681248591186,1,OC_LUSI_33N,0,1
0.13670951935104256,0.12011916784467128,0.15329987085741387,1,OC_STI_33N,0,1
0.3108970525075237,0.35585602327213905,0.2659380817429084,1,RREAS_Myctophids,0,1
0.31904238606642804,0.2455378527051703,0.39254691942768577,1,RREAS_YOYsardine,0,1
-0.030913834436247338,0.042986880574096414,-0.10481454944659108,1,age1SprSardmeanWAA,0,0
0.0112552799952843,0.03325810618012637,-0.01074754618955781,1,meanSSBwt,0,0
-0.6571739007637248,-0.6494141867128528,-0.6649336148145969,1,ZM_NorCal,0,1
-0.4740518335943934,-0.44729634573000576,-0.5008073214587812,1,ZM_SoCal,0,1
0.21204082422755435,0.25583797808782266,0.168243670367286,1,sardRec,0,1
-0.1782030834409316,-0.21171723676239435,-0.1446889301194688,1,anchBioSmrySeas1,0,1
0.4619297111545931,0.4060811501367001,0.5177782721724862,1,summerSST,0,1
0.15382455691163785,0.17701381826514304,0.1306352955581327,1,avgOffTransspring,0,1
-0.31346225978740727,-0.27393297012933887,-0.3529915494454757,1,avgOffTranssummer,0,1
-0.09883995596389898,-0.039016939047028215,-0.15866297288076978,1,sprRelOffTrans,0,1
-0.04585124187195917,-0.08214305472847774,-0.009559429015440624,1,sumRelOffTrans,0,1
0.17811173687305443,0.2219464028225613,0.13427707092354757,1,meanK,0,1
-0.3069850988566575,-0.27191272016319856,-0.34205747755011645,1,OC_LUSI_39N,0,1
0.3008757613569115,0.28803547189319056,0.3137160508206324,1,sardSpawnHab,0,1
0.6239470632494476,0.7400451730244705,0.5078489534744248,1,sardNurseHab,0,1
0.6881595835370053,0.6774534733145737,0.698865693759437,1,springSST,0,1
-0.10561427349879052,-0.12809388451604686,-0.08313466248153413,1,randTest,0,1
0.025640462658115374,0.015090980773234688,0.03618994454299606,2,NCOPspring,0,1
0.1191260600357264,0.2583993652824222,-0.020147245210969403,2,NCOPsummerlag1,0,0
-0.09219553710849954,0.06902564173973717,-0.25341671595673626,2,BEUTI_33N,0,0
-0.140238072360138,-0.3236376856090709,0.0431615408887949,2,BEUTI_39N,0,0
-0.1061051516498016,-0.07309833559860623,-0.13911196770099696,2,CUTI_33N,0,1
-0.17550699824611837,-0.28065346024470594,-0.07036053624753086,2,CUTI_39N,0,1
-0.4579711439200791,-0.5883456030744856,-0.3275966847656725,2,OC_LUSI_33N,0,1
0.34491749804765537,0.2459872286367346,0.443847767458576,2,OC_STI_33N,0,1
-0.18264802687300136,-0.11874103072488112,-0.24655502302112164,2,RREAS_Myctophids,0,1
0.49450613128186294,0.27411917808488906,0.7148930844788369,2,RREAS_YOYsardine,0,1
0.3015039032706547,0.06556095611476215,0.5374468504265473,2,age1SprSardmeanWAA,0,1
0.4632518840776895,0.3929577784756693,0.5335459896797098,2,meanSSBwt,0,1
-0.31069513507037627,-0.4235852729947922,-0.19780499714596034,2,ZM_NorCal,0,1
-0.18790160269921388,-0.09728918515108875,-0.27851402024733896,2,ZM_SoCal,0,1
-0.054431925891442086,-0.10447388603211624,-0.004389965750767888,2,sardRec,0,1
-0.10689085621039036,-0.37492486357708144,0.16114315115630073,2,anchBioSmrySeas1,0,0
0.42571041232309914,0.3081181720146111,0.5433026526315873,2,summerSST,0,1
0.22955282842913824,0.054350031955995,0.40475562490228145,2,avgOffTransspring,0,1
0.28876940796249945,0.3235992829688558,0.2539395329561431,2,avgOffTranssummer,0,1
-0.12383997858750655,-0.17134672590762073,-0.07633323126739236,2,sprRelOffTrans,0,1
-0.4953547634392248,-0.46550761829994425,-0.5252019085785052,2,sumRelOffTrans,0,1
0.2937577377461097,0.3399025076660242,0.24761296782619527,2,meanK,0,1
-0.19004453253030523,-0.21415575568201947,-0.165933309378591,2,OC_LUSI_39N,0,1
-0.5945412946138235,-0.7408749803687477,-0.44820760885889954,2,sardSpawnHab,0,1
0.09382326038506857,0.04815816472926911,0.139488356040868,2,sardNurseHab,0,1
0.34191102020209196,0.2062064821754539,0.47761555822873014,2,springSST,0,1
-0.32706654056378076,-0.5862115094957372,-0.06792157163182427,2,randTest,0,1
-0.18665553135107738,-0.10985819844188627,-0.2634528642602685,3,NCOPspring,0,1
-0.10433037583956559,0.050478687684647514,-0.25913943936377865,3,NCOPsummerlag1,0,0
-0.25546644445972416,0.11738543290340295,-0.6283183218228513,3,BEUTI_33N,0,0
-0.15570131259154366,0.3310476577189858,-0.6424502829020731,3,BEUTI_39N,0,0
-0.24680627407670563,0.23896376867706157,-0.7325763168304726,3,CUTI_33N,0,0
-0.10886673989879131,0.4295486696043832,-0.6472821494019657,3,CUTI_39N,0,0
-0.15546731372073186,0.7890754569749032,-1.1000100844163667,3,OC_LUSI_33N,0,0
0.12171996427176815,0.8559382817686414,-0.612498353225105,3,OC_STI_33N,0,0
0.0066015794128276226,0.5252299027865933,-0.512026743960938,3,RREAS_Myctophids,0,0
0.060989972692095065,1.1304460679574728,-1.0084661225732827,3,RREAS_YOYsardine,0,0
0.013152485638286967,0.7059111516038955,-0.6796061803273217,3,age1SprSardmeanWAA,0,0
0.03933895908753546,1.0484705736588624,-0.9697926554837915,3,meanSSBwt,0,0
-0.20588349031259345,0.6071208210484884,-1.0188878016736755,3,ZM_NorCal,0,0
-0.10603512956610894,0.5748538559029542,-0.7869241150351721,3,ZM_SoCal,0,0
0.2669834864215354,0.6486760464199085,-0.11470907357683774,3,sardRec,0,0
0.0015960986821128079,0.6635433687720649,-0.6603511714078393,3,anchBioSmrySeas1,0,0
0.08803236988273316,1.0838231476584392,-0.9077584078929729,3,summerSST,0,0
0.15476386865373332,0.6816035503631328,-0.37207581305566617,3,avgOffTransspring,0,0
0.03215722222248856,0.6256625821554183,-0.5613481377104412,3,avgOffTranssummer,0,0
-0.1886029315128367,0.1964291847422883,-0.5736350477679617,3,sprRelOffTrans,0,0
-0.19994754166745166,0.8448615755919472,-1.2447566589268504,3,sumRelOffTrans,0,0
0.0047170145706657285,0.7943564068078299,-0.7849223776664983,3,meanK,0,0
-0.1705317954490038,0.33803599449079247,-0.6790995853888001,3,OC_LUSI_39N,0,0
-0.05622184680604503,1.0868710345476944,-1.1993147281597842,3,sardSpawnHab,0,0
0.13349678998812115,0.6033211913069221,-0.3363276113306799,3,sardNurseHab,0,0
0.16265316964895002,1.0474273432047,-0.7221210039068001,3,springSST,0,0
-0.04718449379089235,0.6351645180465297,-0.7295335056283144,3,randTest,0,0
-0.13202180983366027,-0.07770291123108207,-0.18634070843623846,4,NCOPspring,0,1
-0.023201360728504233,0.1637990017463418,-0.21020172320335023,4,NCOPsummerlag1,0,0
-0.03860296712487467,0.06881322988687057,-0.1460191641366199,4,BEUTI_33N,0,0
-0.19149683423605213,0.09076479009136512,-0.47375845856346943,4,BEUTI_39N,0,0
0.09347820604183064,0.40234256633845317,-0.2153861542547919,4,CUTI_33N,0,0
-0.0909850139193509,0.15573654394384562,-0.33770657178254737,4,CUTI_39N,0,0
-0.053013025359046284,0.274387533286251,-0.3804135840043436,4,OC_LUSI_33N,0,0
0.042600918102834257,0.30544240147744633,-0.2202405652717778,4,OC_STI_33N,0,0
0.18562938802869378,0.4363275705515487,-0.06506879449416114,4,RREAS_Myctophids,0,0
0.08940213784122908,0.5161033382101397,-0.3372990625276816,4,RREAS_YOYsardine,0,0
0.14627379032672536,0.5408526176536459,-0.24830503700019516,4,age1SprSardmeanWAA,0,0
-0.019348837493771864,0.36579079092367794,-0.4044884659112216,4,meanSSBwt,0,0
-0.09566172915760904,0.20552063132298892,-0.396844089638207,4,ZM_NorCal,0,0
0.10589190257454721,0.32494132790611596,-0.11315752275702151,4,ZM_SoCal,0,0
-0.053202709907833365,0.32180753931368233,-0.4282129591293491,4,sardRec,0,0
-0.3791794571516467,0.17736426567630226,-0.9357231799795958,4,anchBioSmrySeas1,0,0
0.039611069760433715,0.3990588869016327,-0.3198367473807653,4,summerSST,0,0
0.13721138927635945,0.3668920671987314,-0.09246928864601256,4,avgOffTransspring,0,0
-0.08292740485964697,0.1379726549740783,-0.3038274646933722,4,avgOffTranssummer,0,0
-0.09474225188217862,0.08126610786140899,-0.2707506116257662,4,sprRelOffTrans,0,0
0.05320211107830217,0.36748111946163237,-0.26107689730502814,4,sumRelOffTrans,0,0
-0.09477034962381164,0.18052531125854593,-0.3700660105061693,4,meanK,0,0
-0.0363153815175041,0.1502036054564697,-0.22283436849147786,4,OC_LUSI_39N,0,0
-0.007031115372316876,0.4236088576924595,-0.437671088437093,4,sardSpawnHab,0,0
0.07097230048640621,0.3065282342539493,-0.16458363328113684,4,sardNurseHab,0,0
0.09360768407484896,0.42740460278998793,-0.24018923464029013,4,springSST,0,0
-0.14181887104498558,0.18640455078699608,-0.4700422928769673,4,randTest,0,0
-0.5651099738834268,-0.32571576167043315,-0.8045041860964204,1,NCOPspring,0,1
-0.46263195699284887,-0.2695714262626486,-0.6556924877230491,1,NCOPsummerlag1,0,1
-0.1190243788820939,-0.04672326107457101,-0.19132549668961674,1,BEUTI_33N,0,1
-0.37312282504067,-0.5023902713758291,-0.24385537870551088,1,BEUTI_39N,0,1
-0.0428045857006432,-0.11141593417368247,0.025806762772396102,1,CUTI_33N,0,0
-0.20870259029250043,-0.3369771637792758,-0.08042801680572514,1,CUTI_39N,0,1
-0.32230250250886294,-0.25308121745712586,-0.3915237875606001,1,OC_LUSI_33N,0,1
0.35281318730610906,0.4084184428470579,0.2972079317651603,1,OC_STI_33N,0,1
0.12503502638119823,-0.05140045851580888,0.30147051127820534,1,RREAS_Myctophids,0,0
0.38990210165682154,0.46353290583205464,0.31627129748158833,1,RREAS_YOYsardine,0,1
0.0046997378197474945,-0.3368294615616749,0.34622893720117,1,age1SprSardmeanWAA,0,0
0.11148178215655648,-0.14528643745636305,0.3682500017694759,1,meanSSBwt,0,0
-0.5038713654795045,-0.5611050003246257,-0.4466377306343834,1,ZM_NorCal,0,1
-0.39721827919390884,-0.39429986553623525,-0.4001366928515825,1,ZM_SoCal,0,1
0.2542052794819748,0.2815174367129071,0.22689312225104244,1,sardRec,0,1
-0.05880584917630156,-0.29814680498593105,0.18053510663332795,1,anchBioSmrySeas1,0,0
0.38107142246181774,0.37085105229199844,0.39129179263163705,1,summerSST,0,1
0.39492885770628194,0.43510662511952936,0.3547510902930346,1,avgOffTransspring,0,1
0.025765274338792388,-0.1592109630660783,0.21074151174366315,1,avgOffTranssummer,0,0
-0.457947461697749,-0.47416654895899757,-0.4417283744365005,1,sprRelOffTrans,0,1
-0.3624765909660981,-0.5124168857876006,-0.2125362961445955,1,sumRelOffTrans,0,1
0.07659162615351864,0.07446464997594884,0.0787186023310884,1,meanK,0,1
-0.36258138071380563,-0.30836219782510793,-0.4168005636025033,1,OC_LUSI_39N,0,1
0.2579165226220197,0.23413360325712762,0.2816994419869118,1,sardSpawnHab,0,1
0.5347931742461287,0.5833083280326118,0.48627802045964563,1,sardNurseHab,0,1
0.5878565313182309,0.5522235714783703,0.6234894911580916,1,springSST,0,1
0.18085405313306924,0.18062702669205596,0.18108107957408254,1,randTest,0,1
-0.19948696236037888,-0.11497947460034633,-0.28399445012041147,2,NCOPspring,0,1
-0.07609457468849076,0.1501473691353649,-0.3023365185123464,2,NCOPsummerlag1,0,0
-0.026930839137308565,0.4768314968559937,-0.5306931751306109,2,BEUTI_33N,0,0
-0.4173043099661621,0.26535669737753853,-1.0999653173098627,2,BEUTI_39N,0,0
0.09804537632255322,0.8461104991560275,-0.6500197465109211,2,CUTI_33N,0,0
-0.33222547108920264,0.45856966387829695,-1.123020606056702,2,CUTI_39N,0,0
-0.07765852280587598,0.21064641979093607,-0.36596346540268804,2,OC_LUSI_33N,0,0
0.040695580628408556,0.35590150429428064,-0.27451034303746347,2,OC_STI_33N,0,0
0.37691074465795227,1.0923091857333813,-0.33848769641747695,2,RREAS_Myctophids,0,0
0.14233632338301275,0.4967463805500179,-0.21207373378399244,2,RREAS_YOYsardine,0,0
0.6228024300446717,1.9305446954823362,-0.6849398353929927,2,age1SprSardmeanWAA,0,0
0.5307744824435063,1.713902844983381,-0.6523538800963682,2,meanSSBwt,0,0
-0.3541855878491854,0.34142778202875995,-1.049798957727131,2,ZM_NorCal,0,0
-0.1887949472010636,0.4309514360387856,-0.8085413304409128,2,ZM_SoCal,0,0
0.0765214018069714,0.5301332987568966,-0.3770904951429538,2,sardRec,0,0
-0.40858168970825465,0.42488048240576387,-1.2420438618222733,2,anchBioSmrySeas1,0,0
0.23460851195121113,0.805107548042444,-0.3358905241400217,2,summerSST,0,0
0.11578686346925368,0.5413886152009183,-0.30981488826241094,2,avgOffTransspring,0,0
-0.33485512805761275,0.41574598042896865,-1.0854562365441942,2,avgOffTranssummer,0,0
-0.014264334400730997,0.6110238944165153,-0.6395525632179772,2,sprRelOffTrans,0,0
0.20586440031107273,0.9317225193272441,-0.5199937187050987,2,sumRelOffTrans,0,0
0.10749517630648396,0.8346379600249235,-0.6196476074119557,2,meanK,0,0
-0.09185993531592859,0.27602799711704257,-0.4597478677488997,2,OC_LUSI_39N,0,0
0.004331848331485425,0.8539344384802453,-0.8452707418172745,2,sardSpawnHab,0,0
0.273351388138102,0.7292475417608786,-0.18254476548467466,2,sardNurseHab,0,0
0.3679134296648654,1.0324307399232648,-0.2966038805935341,2,springSST,0,0
-0.06598670101658802,0.3207655079132559,-0.45273890994643196,2,randTest,0,0
0.05645938345756569,0.03254182714198134,0.08037693977315004,3,NCOPspring,0,1
-0.014210270580357898,-0.14303687910364193,0.11461633794292615,3,NCOPsummerlag1,0,0
0.20232971935036229,0.19701421008156134,0.20764522861916324,3,BEUTI_33N,0,1
0.0929258495296872,-0.009100918317811874,0.19495261737718628,3,BEUTI_39N,0,0
0.3088593664674001,0.09727577100007648,0.5204429619347238,3,CUTI_33N,0,1
0.12024387905686222,-0.001211794575440614,0.24169955268916504,3,CUTI_39N,0,0
0.0683744236435209,0.019820335686640753,0.11692851160040106,3,OC_LUSI_33N,0,1
-0.024954958118131775,-0.09473623791838935,0.044826321682125775,3,OC_STI_33N,0,0
0.038842409014992585,-0.1689450756229468,0.24662989365293198,3,RREAS_Myctophids,0,0
0.003346344227389761,-0.03837942254815466,0.045072111002934186,3,RREAS_YOYsardine,0,0
-0.00416740849102408,-0.3677575857200541,0.3594227687380061,3,age1SprSardmeanWAA,0,0
-0.0598298927283282,-0.3689220250005225,0.24926223954386614,3,meanSSBwt,0,0
0.15355426179825674,0.0880363459555985,0.21907217764091497,3,ZM_NorCal,0,1
0.08507169464798435,0.04594519491015013,0.12419819438581856,3,ZM_SoCal,0,1
-0.1942202324810628,-0.2514856626687723,-0.13695480229335327,3,sardRec,0,1
-0.04724192653303591,-0.22403669045219143,0.1295528373861196,3,anchBioSmrySeas1,0,0
-0.03452037152895149,-0.12374330713688031,0.05470256407897736,3,summerSST,0,0
-0.03656169226813842,-0.07031016748024027,-0.002813217056036571,3,avgOffTransspring,0,1
-0.006370783181124544,-0.24425501418533868,0.23151344782308964,3,avgOffTranssummer,0,0
0.055802512221670486,-0.08205197795170585,0.19365700239504688,3,sprRelOffTrans,0,0
0.1289700689789976,-0.1981038150456696,0.45604395300366474,3,sumRelOffTrans,0,0
-0.06842454009341536,-0.1221726931135394,-0.014676387073291337,3,meanK,0,1
0.124362055972653,0.06537108779141494,0.18335302415389104,3,OC_LUSI_39N,0,1
0.31209631455274023,0.27294936571147266,0.3512432633940077,3,sardSpawnHab,0,1
0.018515710434493897,-0.1116304609063945,0.14866188177538234,3,sardNurseHab,0,0
-0.08336354271860452,-0.19309962087057192,0.026372535433362834,3,springSST,0,0
0.045066278642627355,-0.011130858376811041,0.10126341566206576,3,randTest,0,0
-0.19975538921041272,-0.11513418936375908,-0.28437658905706636,4,NCOPspring,0,1
-0.19808853091912593,-0.19248396545875543,-0.20369309637949642,4,NCOPsummerlag1,0,1
0.04827742293108058,0.044150961483157086,0.052403884379004104,4,BEUTI_33N,0,1
-0.24669436616656196,0.2829678614826877,-0.7763565938158116,4,BEUTI_39N,0,0
-0.11922662296531794,0.10072302553517876,-0.33917627146581475,4,CUTI_33N,0,0
-0.32415536091338093,0.07123028213509358,-0.7195410039618555,4,CUTI_39N,0,0
-0.12572645566073562,0.0066988658145764185,-0.25815177713604764,4,OC_LUSI_33N,0,0
0.09258763363413403,0.24756111241702516,-0.06238584514875711,4,OC_STI_33N,0,0
0.06282384614074975,0.622735318974871,-0.49708762669337153,4,RREAS_Myctophids,0,0
0.2444970577144981,0.4067765844491128,0.08221753097988342,4,RREAS_YOYsardine,0,1
0.15544026574310615,1.114666539590614,-0.8037860081044017,4,age1SprSardmeanWAA,0,0
0.31772287226276574,1.0463912791070524,-0.41094553458152083,4,meanSSBwt,0,0
-0.3933548121007755,-0.040513649649299543,-0.7461959745522513,4,ZM_NorCal,0,1
-0.3902499285554979,-0.21827698930875772,-0.5622228678022381,4,ZM_SoCal,0,1
0.0794782172663828,0.20161027511762503,-0.04265384058485944,4,sardRec,0,0
0.05925576369955778,0.7377525333414767,-0.619241005942361,4,anchBioSmrySeas1,0,0
0.3546881970974797,0.5675303039442919,0.14184609025066733,4,summerSST,0,1
0.013832474444375464,0.1515529891640685,-0.12388804027531759,4,avgOffTransspring,0,0
-0.12784518165110825,0.3730921659685299,-0.6287825292707464,4,avgOffTranssummer,0,0
0.04634136412589787,0.20630044133329406,-0.11361771308149834,4,sprRelOffTrans,0,0
-0.08140969472765827,0.3606810072708936,-0.5235003967262102,4,sumRelOffTrans,0,0
0.3059379551385337,0.4994723531869828,0.11240355709008462,4,meanK,0,1
-0.17031470519911646,-0.03591677490179745,-0.30471263549643546,4,OC_LUSI_39N,0,1
-0.09819095252910065,0.0939007043223658,-0.29028260938056716,4,sardSpawnHab,0,0
0.2901524532849483,0.5571432597022374,0.023161646867659175,4,sardNurseHab,0,1
0.4319459217522361,0.7683108257929847,0.09558101771148764,4,springSST,0,1
-0.01243220617418861,0.20173427446663217,-0.22659868681500944,4,randTest,0,0
-0.6151048005440135,-0.36260323314759046,-0.8676063679404367,1,NCOPspring,0,1
-0.5165962167714018,-0.30019711406694355,-0.7329953194758597,1,NCOPsummerlag1,0,1
-0.04316463680330805,0.06603706203089382,-0.15236633563750993,1,BEUTI_33N,0,0
-0.5617521218352057,-0.5778788553076886,-0.5456253883627227,1,BEUTI_39N,0,1
-0.14787114713171026,-0.18182021218297148,-0.11392208208044903,1,CUTI_33N,0,1
-0.5495102539605224,-0.5241122805488032,-0.5749082273722417,1,CUTI_39N,0,1
-0.28139010751126514,-0.45607786628674685,-0.10670234873578338,1,OC_LUSI_33N,0,1
0.24431102043248393,0.13289373845654132,0.35572830240842657,1,OC_STI_33N,0,1
0.25229620538858166,0.23939549247340933,0.265196918303754,1,RREAS_Myctophids,0,1
0.4458112946535162,0.2581317994133197,0.6334907898937128,1,RREAS_YOYsardine,0,1
0.004973824253919706,-0.10833400198125956,0.11828165048909897,1,age1SprSardmeanWAA,0,0
0.08353738984424322,-0.07009601941373747,0.2371707991022239,1,meanSSBwt,0,0
-0.702310329885982,-0.7430508927691939,-0.6615697670027699,1,ZM_NorCal,0,1
-0.5208415735619483,-0.539545100441436,-0.5021380466824604,1,ZM_SoCal,0,1
0.17012040717579924,0.14526036307355494,0.1949804512780435,1,sardRec,0,1
-0.20045526496545799,-0.41258637939387005,0.011675849462954135,1,anchBioSmrySeas1,0,0
0.5585209133236988,0.4373640340699664,0.6796777925774311,1,summerSST,0,1
0.21275576600818316,0.11837903510339426,0.307132496912972,1,avgOffTransspring,0,1
-0.22971349486742104,-0.2175165031672333,-0.24191048656760877,1,avgOffTranssummer,0,1
-0.1354829197060943,-0.15094162706908537,-0.12002421234310322,1,sprRelOffTrans,0,1
-0.17448662463011858,-0.257039079277552,-0.09193416998268522,1,sumRelOffTrans,0,1
0.21633395560147867,0.18880653789197177,0.24386137331098562,1,meanK,0,1
-0.35560959170453194,-0.3757961542888849,-0.33542302912017896,1,OC_LUSI_39N,0,1
0.1499096528029406,0.007282468275112919,0.29253683733076824,1,sardSpawnHab,0,1
0.6243396309094997,0.6682954033256182,0.5803838584933814,1,sardNurseHab,0,1
0.7555705687488657,0.6709026103147484,0.8402385271829829,1,springSST,0,1
-0.06328725900555117,-0.08568039399897201,-0.040894124012130356,1,randTest,0,1
-0.16338274134860462,-0.09631384798350544,-0.2304516347137038,2,NCOPspring,0,1
-0.047842322001694026,0.1605246766674609,-0.256209320670849,2,NCOPsummerlag1,0,0
-0.05680698828015926,0.11175028195308123,-0.22536425851339972,2,BEUTI_33N,0,0
-0.21650073860732436,0.054591344763477545,-0.48759282197812626,2,BEUTI_39N,0,0
0.0831958789829215,0.4990908311482174,-0.33269907318237446,2,CUTI_33N,0,0
-0.10688602995539781,0.13253900036661434,-0.34631106027741,2,CUTI_39N,0,0
-0.08383465944846868,0.3641321683345761,-0.5318014872315134,2,OC_LUSI_33N,0,0
0.07101854070682136,0.41152893726158263,-0.2694918558479399,2,OC_STI_33N,0,0
0.196301946050511,0.5391109452176674,-0.14650705311664555,2,RREAS_Myctophids,0,0
0.10491109334899831,0.5850739946796283,-0.37525180798163155,2,RREAS_YOYsardine,0,0
0.14713989035659275,0.6411368173958673,-0.3468570366826816,2,age1SprSardmeanWAA,0,0
-0.0031094010662358063,0.6085920713518795,-0.6148108734843514,2,meanSSBwt,0,0
-0.11524993100191176,0.21945246198241036,-0.4499523239862339,2,ZM_NorCal,0,0
0.07545935611273857,0.4070266515207576,-0.2561079392952804,2,ZM_SoCal,0,0
-0.0330903057194919,0.3807917996511643,-0.44697241109014807,2,sardRec,0,0
-0.38434780690338943,0.188071759476844,-0.9567673732836228,2,anchBioSmrySeas1,0,0
0.05562639659286442,0.46565244449507487,-0.354399651309346,2,summerSST,0,0
0.15963377224262876,0.44018868368897535,-0.12092113920371772,2,avgOffTransspring,0,0
-0.09141713278063489,0.16594654103658146,-0.34878080659785127,2,avgOffTranssummer,0,0
-0.12287922703061491,0.08642760576671332,-0.33218605982794314,2,sprRelOffTrans,0,0
0.03521339303206286,0.4122310164041053,-0.3418042303399797,2,sumRelOffTrans,0,0
-0.09855530445168961,0.30875310319913046,-0.5058637121025098,2,meanK,0,0
-0.06427836755054446,0.18278856110821096,-0.3113452962092999,2,OC_LUSI_39N,0,0
-0.0021205481513173474,0.5102044579623819,-0.5144455542650167,2,sardSpawnHab,0,0
0.10261902679905281,0.3819806396331396,-0.176742586035034,2,sardNurseHab,0,0
0.12332428554808159,0.5125027176109258,-0.2658541465147628,2,springSST,0,0
0.004920156335806447,0.24676389959193634,-0.23692358692032348,2,randTest,0,0
-0.20515984023276804,-0.12094137668028448,-0.2893783037852516,3,NCOPspring,0,1
-0.1325730981096589,0.0066792215775257485,-0.27182541779684355,3,NCOPsummerlag1,0,0
-0.23525762928101035,0.13523236475972464,-0.6057476233217454,3,BEUTI_33N,0,0
-0.15741540775455076,0.3232182872916502,-0.6380491028007517,3,BEUTI_39N,0,0
-0.23976411836154793,0.23135511267470107,-0.7108833493977971,3,CUTI_33N,0,0
-0.11040679976611481,0.3383637491984204,-0.5591773487306501,3,CUTI_39N,0,0
-0.13039073010649033,0.9656775834446512,-1.226459043657632,3,OC_LUSI_33N,0,0
0.09774181544174766,0.9075479809564595,-0.7120643500729641,3,OC_STI_33N,0,0
0.024281686758154664,0.5392103066980118,-0.4906469331817025,3,RREAS_Myctophids,0,0
0.037639829988218534,1.1094791142182139,-1.034199454241777,3,RREAS_YOYsardine,0,0
-0.014646049722027182,0.9608879884941002,-0.9901800879381545,3,age1SprSardmeanWAA,0,0
0.01788796306210426,1.4297713101478213,-1.3939953840236128,3,meanSSBwt,0,0
-0.20529381605993885,0.5751103410213285,-0.9856979731412062,3,ZM_NorCal,0,0
-0.11926212520517421,0.6022693275610265,-0.840793577971375,3,ZM_SoCal,0,0
0.26887297417720546,0.6492050831648559,-0.11145913481044503,3,sardRec,0,0
0.009193841187152175,0.7253686566042804,-0.7069809742299761,3,anchBioSmrySeas1,0,0
0.08005610786538177,1.053485887636868,-0.8933736719061045,3,summerSST,0,0
0.13968111587586646,0.7935524964721815,-0.5141902647204486,3,avgOffTransspring,0,0
-0.00533935414221506,0.510664307992561,-0.5213430162769912,3,avgOffTranssummer,0,0
-0.17202820901104396,0.2972070040102462,-0.6412634220323341,3,sprRelOffTrans,0,0
-0.1526458340167152,0.7837427870880128,-1.0890344551214433,3,sumRelOffTrans,0,0
0.0035017539111630164,0.9532106682657744,-0.9462071604434483,3,meanK,0,0
-0.16507123600894028,0.40923874887775435,-0.7393812208956348,3,OC_LUSI_39N,0,0
0.009361761144179234,1.1765777010285503,-1.1578541787401917,3,sardSpawnHab,0,0
0.14687127476708628,0.7016380913650814,-0.40789554183090876,3,sardNurseHab,0,0
0.16554331228290547,1.070385829781669,-0.739299205215858,3,springSST,0,0
0.05196658486429266,0.5866312655179678,-0.4826980957893824,3,randTest,0,0
-0.15896265217269392,-0.09370821293632584,-0.22421709140906199,4,NCOPspring,0,1
-0.19876959415367307,-0.2530287142025012,-0.1445104741048449,4,NCOPsummerlag1,0,1
0.07064623558061896,-0.06903319495992148,0.21032566612115944,4,BEUTI_33N,0,0
-0.010753344432794042,0.22138663821751794,-0.24289332708310607,4,BEUTI_39N,0,0
0.060931261570914434,0.11456821420450616,0.007294308937322663,4,CUTI_33N,0,1
-0.015949784430607863,0.06892397413335591,-0.10082354299457168,4,CUTI_39N,0,0
0.4030152411573792,0.4403258617414745,0.36570462057328373,4,OC_LUSI_33N,0,1
-0.2789092711241187,-0.23219924624063243,-0.32561929600760503,4,OC_STI_33N,0,1
0.21351192226480453,0.21795058558443953,0.20907325894516948,4,RREAS_Myctophids,0,1
-0.3218665847095411,-0.22356264087887442,-0.4201705285402079,4,RREAS_YOYsardine,0,1
-0.39145298945548723,-0.08955601401697577,-0.6933499648939989,4,age1SprSardmeanWAA,0,1
-0.5803008204883592,-0.5950837831418028,-0.5655178578349156,4,meanSSBwt,0,1
0.10398955954613857,0.12035924113350949,0.0876198779587676,4,ZM_NorCal,0,1
0.08084753556083216,-0.02990149812638948,0.1915965692480537,4,ZM_SoCal,0,0
0.06563220102884103,0.18446110741141108,-0.053196705353729,4,sardRec,0,0
0.056342809098037044,0.5218464868168461,-0.40916086862077194,4,anchBioSmrySeas1,0,0
-0.23545039559463346,-0.26068307862088824,-0.21021771256837868,4,summerSST,0,1
-0.20733287782119472,-0.00818542038025269,-0.4064803352621368,4,avgOffTransspring,0,1
-0.2665068982146184,-0.3183983391213295,-0.21461545730790743,4,avgOffTranssummer,0,1
0.12766444263473434,0.2415616890423225,0.013767196227146172,4,sprRelOffTrans,0,1
0.3522202187080159,0.20034596535489457,0.5040944720611372,4,sumRelOffTrans,0,1
-0.2986618514961026,-0.4455789041462407,-0.15174479884596448,4,meanK,0,1
0.12676119403907224,0.12682343621489173,0.12669895186325275,4,OC_LUSI_39N,0,1
0.5541105972932143,0.5993998565247842,0.5088213380616442,4,sardSpawnHab,0,1
-0.002713475311433733,0.0635091199662592,-0.06893607058912665,4,sardNurseHab,0,0
-0.14185380053188015,-0.10662942066219129,-0.17707818040156897,4,springSST,0,1
-0.24006604932554476,-0.2223061204100466,-0.257825978241043,4,randTest,0,1
-0.6031722570234077,-0.3513748958024202,-0.8549696182443953,1,NCOPspring,0,1
-0.5097695278842652,-0.22849141197107603,-0.7910476437974544,1,NCOPsummerlag1,0,1
-0.047855234111274424,0.24962254340633452,-0.3453330116288834,1,BEUTI_33N,0,0
-0.5616901305513203,-0.0885904372662481,-1.0347898238363926,1,BEUTI_39N,0,1
-0.1452778605844885,0.307405479138542,-0.597961200307519,1,CUTI_33N,0,0
-0.5464984376376831,-0.11577888063944444,-0.9772179946359218,1,CUTI_39N,0,1
-0.2447798586898316,0.4101534785687565,-0.8997131959484197,1,OC_LUSI_33N,0,0
0.2163533909501006,0.7516525001645987,-0.31894571826439755,1,OC_STI_33N,0,0
0.2592146632373932,0.7085874721057429,-0.19015814563095657,1,RREAS_Myctophids,0,0
0.41680889737895876,1.1545528394676425,-0.3209350447097249,1,RREAS_YOYsardine,0,0
0.006831243964818809,0.6860566044175793,-0.6723941164879418,1,age1SprSardmeanWAA,0,0
0.10420129444566334,0.8703882614744058,-0.6619856725830792,1,meanSSBwt,0,0
-0.6838184636650357,-0.1255583986046525,-1.2420785287254188,1,ZM_NorCal,0,1
-0.5068638834913721,-0.02088947385101329,-0.9928382931317311,1,ZM_SoCal,0,1
0.17475842912899045,0.6232209838716248,-0.273704125613644,1,sardRec,0,0
-0.1968640768300742,0.48758817376468533,-0.8813163274248337,1,anchBioSmrySeas1,0,0
0.5340135729573549,1.167183287607981,-0.09915614169327137,1,summerSST,0,0
0.1989673157015289,0.6424584144611933,-0.24452378305813555,1,avgOffTransspring,0,0
-0.2453060747933081,0.19252822221348542,-0.6831403718001016,1,avgOffTranssummer,0,0
-0.12600715619894345,0.22566438979750741,-0.4776787021953943,1,sprRelOffTrans,0,0
-0.14470474795336488,0.4990869716472082,-0.788496467553938,1,sumRelOffTrans,0,0
0.23969874739962432,0.7888508934817031,-0.3094533986824545,1,meanK,0,0
-0.33752336853287607,0.05267545347211865,-0.7277221905378707,1,OC_LUSI_39N,0,0
0.1615490360453937,0.9622170815073926,-0.6391190094166053,1,sardSpawnHab,0,0
0.6165601450700655,1.0606826037170805,0.17243768642305052,1,sardNurseHab,0,1
0.7353523477904247,1.3497264711744572,0.12097822440639204,1,springSST,0,1
0.0374955614026321,0.45644756988383334,-0.3814564470785692,1,randTest,0,0
0.18084210016998684,0.10534863525968499,0.25633556508028865,2,NCOPspring,0,1
0.06782035789770449,0.12626774670184232,0.009372969093566691,2,NCOPsummerlag1,0,1
0.052090037196934696,0.05938738297900814,0.04479269141486124,2,BEUTI_33N,0,1
0.22773748818249076,0.3010669474922101,0.15440802887277152,2,BEUTI_39N,0,1
-0.08249745139631916,0.19729342644246947,-0.3622883292351078,2,CUTI_33N,0,0
0.11669362946553213,0.17367751279453197,0.05970974613653221,2,CUTI_39N,0,1
0.06288098087306268,0.17935137473682872,-0.05358941299070347,2,OC_LUSI_33N,0,0
-0.05531866533110344,0.036269162672106614,-0.1469064933343134,2,OC_STI_33N,0,0
-0.20954261470757993,-0.023459098132742197,-0.3956261312824175,2,RREAS_Myctophids,0,1
-0.09456810198997623,0.06282230157112823,-0.2519585055510806,2,RREAS_YOYsardine,0,0
-0.11269829647574062,0.014437606557837934,-0.23983419950931914,2,age1SprSardmeanWAA,0,0
0.03833299859667255,0.17198974531000283,-0.09532374811665766,2,meanSSBwt,0,0
0.11867623761936005,0.19204349128150466,0.0453089839572155,2,ZM_NorCal,0,1
-0.06811349242187928,0.0599738504600921,-0.1962008353038506,2,ZM_SoCal,0,0
0.02912682324285233,0.2905636696536466,-0.23231002316794197,2,sardRec,0,0
0.3844734477917119,0.8012964517244414,-0.03234955614101781,2,anchBioSmrySeas1,0,0
-0.05121967403554237,0.06275028758188445,-0.16518963565296907,2,summerSST,0,0
-0.15379892824092106,-0.0968936200761101,-0.21070423640573202,2,avgOffTransspring,0,1
0.1116486572613327,0.20399347850265598,0.019303836020009436,2,avgOffTranssummer,0,1
0.1182292489861355,0.1561382210474761,0.0803202769247949,2,sprRelOffTrans,0,1
-0.05598633501527332,0.07042938023292061,-0.18240205026346717,2,sumRelOffTrans,0,0
0.09916696612281303,0.1974666445051205,8.672877405055679e-4,2,meanK,0,1
0.06270089428588245,0.11512125890726235,0.010280529664502602,2,OC_LUSI_39N,0,1
-0.02627599206011816,0.12577301569970445,-0.1783249998199409,2,sardSpawnHab,0,0
-0.11376437964455939,-0.06734838100881627,-0.16018037828030246,2,sardNurseHab,0,1
-0.1294344978009248,-0.03825342310424373,-0.22061557249760586,2,springSST,0,1
-0.03827022986393015,0.030878595198110398,-0.10741905492597062,2,randTest,0,0
0.1984195321435032,0.11558827784312821,0.2812507864438782,3,NCOPspring,0,1
0.12402844334461051,0.10483110203851109,0.14322578465070993,3,NCOPsummerlag1,0,1
0.24720667816306757,0.5285644854131069,-0.03415112908697165,3,BEUTI_33N,0,0
0.16164465058895092,0.6339541119093818,-0.3106648107314799,3,BEUTI_39N,0,0
0.24452901720158862,0.6378284164316906,-0.1487703820285133,3,CUTI_33N,0,0
0.11668092329026478,0.6039030354746179,-0.3705411888940884,3,CUTI_39N,0,0
0.13247697520512344,1.153411437674096,-0.8884574872638491,3,OC_LUSI_33N,0,0
-0.10495402718561486,0.6938875571185147,-0.9037956114897445,3,OC_STI_33N,0,0
-0.016830163297282763,0.4720371146208221,-0.5056974412153876,3,RREAS_Myctophids,0,0
-0.04399801315665802,1.0949237881369553,-1.1829198144502713,3,RREAS_YOYsardine,0,0
0.008407043633143874,0.7548852930134062,-0.7380712057471186,3,age1SprSardmeanWAA,0,0
-0.02026176493055115,1.060587608312845,-1.1011111381739471,3,meanSSBwt,0,0
0.20831005809058953,0.9710316582551166,-0.5544115420739376,3,ZM_NorCal,0,0
0.11668816793502979,0.7563182943348072,-0.5229419584647477,3,ZM_SoCal,0,0
-0.26894912829556245,0.09253771767106117,-0.6304359742621861,3,sardRec,0,0
-0.015475678386931781,0.6424541334783389,-0.6734054902522024,3,anchBioSmrySeas1,0,0
-0.08208095262663392,0.9083637454650016,-1.0725256507182697,3,summerSST,0,0
-0.13742085993290382,0.3975966895679244,-0.672438409433732,3,avgOffTransspring,0,0
-0.009571933725891747,0.5521016445636698,-0.5712455120154534,3,avgOffTranssummer,0,0
0.175125469184603,0.5369275563642492,-0.18667661799504306,3,sprRelOffTrans,0,0
0.17290216238880662,1.2061313236811642,-0.8603269989035511,3,sumRelOffTrans,0,0
-0.0034430312198699825,0.7067814424543607,-0.7136675048941005,3,meanK,0,0
0.16660651890773215,0.659998695362844,-0.3267856575473796,3,OC_LUSI_39N,0,0
0.010384795863376345,1.1781772213518251,-1.1574076296250724,3,sardSpawnHab,0,0
-0.1439966062983383,0.25114788263820786,-0.5391410952348845,3,sardNurseHab,0,0
-0.16518843599124827,0.70419119624697,-1.0345680682294667,3,springSST,0,0
-0.051302391829681604,0.5011500202219676,-0.6037548038813308,3,randTest,0,0
0.10210451975523963,0.059480462790186275,0.14472857672029296,4,NCOPspring,0,1
0.15695815675397004,-0.009331367510100087,0.32324768101804013,4,NCOPsummerlag1,0,0
-0.1122348451331157,-0.3810782595283376,0.15660856926210626,4,BEUTI_33N,0,0
-0.07713371444991646,0.016012093870353572,-0.17027952277018651,4,BEUTI_39N,0,0
-0.08044986632915388,-0.14037580162306126,-0.02052393103524658,4,CUTI_33N,0,1
-0.09353411675675409,-0.17195004213866932,-0.01511819137483883,4,CUTI_39N,0,1
-0.4307914635447397,-0.6462727314101974,-0.21531019567928206,4,OC_LUSI_33N,0,1
0.32986673883029216,0.165868608487787,0.4938648691727973,4,OC_STI_33N,0,1
-0.2335088662890019,-0.40161491048668846,-0.06540282209131532,4,RREAS_Myctophids,0,1
0.41713291609841097,0.2473420245946406,0.5869238076021815,4,RREAS_YOYsardine,0,1
0.3292642611463063,0.3760241292064162,0.2825043930861965,4,age1SprSardmeanWAA,0,1
0.4780562301094596,0.14245151837823328,0.8136609418406858,4,meanSSBwt,0,1
-0.20330048903022457,-0.41252318157156603,0.005922203511116886,4,ZM_NorCal,0,0
-0.12751247015692865,-0.38968904198114795,0.13466410166729065,4,ZM_SoCal,0,0
-0.089554879416095,-0.057351414681769075,-0.12175834415042092,4,sardRec,0,1
-0.051179604988112956,0.2380254160752721,-0.3403846260514981,4,anchBioSmrySeas1,0,0
0.32407078198299905,0.047513882043439204,0.6006276819225591,4,summerSST,0,1
0.20019908789896546,0.26120234284506194,0.13919583295286897,4,avgOffTransspring,0,1
0.3206728397573271,0.08035524095115296,0.5609904385635013,4,avgOffTranssummer,0,1
-0.12764320081035885,-0.13781090912379484,-0.11747549249692282,4,sprRelOffTrans,0,1
-0.4661808039885398,-0.8944570571647136,-0.0379045508123661,4,sumRelOffTrans,0,1
0.23904243732666047,-0.08204657788164765,0.5601314525349685,4,meanK,0,0
-0.16096254110802816,-0.3104423312674476,-0.011482750948608678,4,OC_LUSI_39N,0,1
-0.5902752744555648,-0.8470856788049905,-0.3334648701061389,4,sardSpawnHab,0,1
0.030790645922063098,-0.061747132299114105,0.12332842414324031,4,sardNurseHab,0,0
0.22994003797359253,0.030715128149599757,0.42916494779758524,4,springSST,0,1
0.25186479651545046,0.176331474863008,0.327398118167893,4,randTest,0,1
-0.674197015492114,-0.4128972658617333,-0.9354967651224946,1,NCOPspring,0,1
-0.52889565952381,-0.28788254474888375,-0.7699087742987363,1,NCOPsummerlag1,0,1
-0.049997461144160704,0.0883181882520147,-0.18831311054033611,1,BEUTI_33N,0,0
-0.3480007100260777,0.12177882952243127,-0.8177802495745867,1,BEUTI_39N,0,0
-0.34354247488437095,-0.15448097237637937,-0.5326039773923624,1,CUTI_33N,0,1
-0.29868755470701025,0.27602304022256346,-0.8733981496365839,1,CUTI_39N,0,0
-0.5141082471864913,-0.17942835388731063,-0.848788140485672,1,OC_LUSI_33N,0,1
0.516707552080213,0.9143321620939691,0.11908294206645714,1,OC_STI_33N,0,1
0.24516765348026381,0.4477909848382402,0.04254432212228737,1,RREAS_Myctophids,0,1
0.38864944854710465,0.608551245689608,0.16874765140460124,1,RREAS_YOYsardine,0,1
-0.33669332583619166,0.6234269841781637,-1.296813635850547,1,age1SprSardmeanWAA,0,0
0.053439239850265025,0.6497820380561693,-0.5429035583556392,1,meanSSBwt,0,0
-0.6877681995554447,-0.31649746237329107,-1.059038936737598,1,ZM_NorCal,0,1
-0.6167313485541491,-0.32568489581690113,-0.9077778012913975,1,ZM_SoCal,0,1
0.39133108414402085,0.5961997614640815,0.18646240682396004,1,sardRec,0,1
0.006031575574010226,0.16145393857760798,-0.14939078742958753,1,anchBioSmrySeas1,0,0
0.34231561342847755,0.8403742547803309,-0.1557430279233757,1,summerSST,0,0
0.26395599882839427,0.45662930535310275,0.0712826923036858,1,avgOffTransspring,0,1
-0.3517596425509436,-0.09598962737229305,-0.6075296577295941,1,avgOffTranssummer,0,1
-0.47859492487999167,-0.006837367373684566,-0.9503524823862987,1,sprRelOffTrans,0,1
-0.21974177624700386,-0.005433333984576773,-0.4340502185094308,1,sumRelOffTrans,0,1
0.31932244179832087,0.5760162731759032,0.06262861042073853,1,meanK,0,1
-0.5630075168629053,-0.3038714917679927,-0.8221435419578178,1,OC_LUSI_39N,0,1
0.10826055685209703,0.3697959899054738,-0.1532748762012797,1,sardSpawnHab,0,0
0.6824656123737676,0.9765412266254898,0.3883899981220454,1,sardNurseHab,0,1
0.7346758017995135,1.097730778391592,0.37162082520743506,1,springSST,0,1
-0.19968572142934424,0.3087879874164713,-0.7081594302751597,1,randTest,0,0
0.06150610045027158,0.03766807049894351,0.08534413040159965,2,NCOPspring,0,1
-0.031718763146328724,0.06569430744440234,-0.12913183373705978,2,NCOPsummerlag1,0,0
0.21137401422054083,1.2898602817000544,-0.8671122532589727,2,BEUTI_33N,0,0
0.1221681606517101,2.3026349638149646,-2.058298642511545,2,BEUTI_39N,0,0
0.08128200166994559,0.7771991050642176,-0.6146351017243263,2,CUTI_33N,0,0
0.03279540422328932,2.5424407243101985,-2.4768499158636192,2,CUTI_39N,0,0
-0.006180378754014976,1.4498940656925472,-1.462254823200577,2,OC_LUSI_33N,0,0
0.022759801567427435,1.7633418807956205,-1.7178222776607655,2,OC_STI_33N,0,0
-0.08217247927000265,0.803184099748224,-0.9675290582882292,2,RREAS_Myctophids,0,0
0.06729037147014708,1.046905434316558,-0.9123246913762637,2,RREAS_YOYsardine,0,0
-0.11513499617776296,4.392287710367677,-4.622557702723203,2,age1SprSardmeanWAA,0,0
0.02607581431545375,2.3846463860012097,-2.332494757370302,2,meanSSBwt,0,0
0.02857568268057984,1.3706505888995633,-1.3134992235384035,2,ZM_NorCal,0,0
-0.0933895090128607,0.5931254082026296,-0.779904426228351,2,ZM_SoCal,0,0
-0.13035977061369633,0.18924465754423062,-0.4499641987716234,2,sardRec,0,0
0.17645434382478276,0.95063374971171,-0.5977250620621447,2,anchBioSmrySeas1,0,0
0.06310177445075306,2.1996334046827233,-2.0734298557812174,2,summerSST,0,0
-0.11245094811440698,0.3708637944221148,-0.5957656906509288,2,avgOffTransspring,0,0
-0.002796986623825437,1.2710489216918348,-1.2766428949394855,2,avgOffTranssummer,0,0
0.10841568048812845,1.988997202989758,-1.7721658420135014,2,sprRelOffTrans,0,0
0.013941380188691371,1.4421067782859234,-1.414224017908541,2,sumRelOffTrans,0,0
0.16013270547270778,0.8441789141793505,-0.523913503233935,2,meanK,0,0
0.02583625559486591,0.7205861066336628,-0.6689135954439309,2,OC_LUSI_39N,0,0
0.025796693541096677,1.4728053647967418,-1.4212119777145484,2,sardSpawnHab,0,0
0.03019090438237599,0.3276387920633358,-0.26725698329858383,2,sardNurseHab,0,0
0.029300730552907918,1.187723264826133,-1.1291218037203172,2,springSST,0,0
0.003974430792420006,2.272535986794135,-2.264587125209295,2,randTest,0,0
-0.03392554378660319,-0.020776959776566704,-0.04707412779663967,3,NCOPspring,0,1
-0.0081980251633883,-0.02356675963026756,0.007170709303490959,3,NCOPsummerlag1,0,0
0.3140248089110166,0.7201341719066814,-0.09208455408464836,3,BEUTI_33N,0,0
0.6056402733446378,0.8906150387699903,0.320665507919285,3,BEUTI_39N,0,1
0.02748024626521954,0.5474777116223492,-0.49251721909191004,3,CUTI_33N,0,0
0.6827985817330194,0.9684228834397817,0.39717428002625743,3,CUTI_39N,0,1
-0.3764502631325627,0.3060111191005128,-1.0589116453656382,3,OC_LUSI_33N,0,0
0.49051324901166105,1.0786239772409136,-0.09759747921759163,3,OC_STI_33N,0,0
-0.003673467542419692,0.41249333391723986,-0.41984026900207916,3,RREAS_Myctophids,0,0
-0.07555757034924099,0.32524053348529114,-0.4763556741837731,3,RREAS_YOYsardine,0,0
-1.2749719603778211,-0.30619159423456666,-2.2437523265210757,3,age1SprSardmeanWAA,0,1
-0.6448696471180771,-0.14981100187633495,-1.139928292359819,3,meanSSBwt,0,1
0.32294195075109466,0.5600444998172263,0.08583940168496315,3,ZM_NorCal,0,1
0.10735123680791323,0.5484627319476675,-0.3337602583318411,3,ZM_SoCal,0,0
0.004244753539042589,0.4297341737012376,-0.4212446666231524,3,sardRec,0,0
0.2023189318600071,0.5594173098648534,-0.15477944614483932,3,anchBioSmrySeas1,0,0
-0.519299203426667,-0.18346057501511298,-0.8551378318382212,3,summerSST,0,1
0.018839795780267225,0.5916374020269524,-0.5539578104664179,3,avgOffTransspring,0,0
-0.2237827250836124,0.2188325278869811,-0.6663979780542058,3,avgOffTranssummer,0,0
-0.5267543366423452,0.22929242538485375,-1.2828010986695442,3,sprRelOffTrans,0,0
0.09182991079922412,0.7658679542929594,-0.582208132694511,3,sumRelOffTrans,0,0
0.08140492427245527,0.567728432293807,-0.4049185837488964,3,meanK,0,0
-0.18925220688575925,0.23083108726542317,-0.6093355010369417,3,OC_LUSI_39N,0,0
0.10189728129024922,0.8371835282889645,-0.6333889657084659,3,sardSpawnHab,0,0
0.008298181354742685,0.41729185522425916,-0.4006954925147738,3,sardNurseHab,0,0
-0.25419657099502757,0.057885748440803686,-0.5662788904308588,3,springSST,0,0
-0.6378851688813767,-0.10265387429417838,-1.1731164634685753,3,randTest,0,1
0.1914983252728529,0.11727897499597681,0.26571767554972897,4,NCOPspring,0,1
0.18721232120935538,0.06353323518603882,0.31089140723267195,4,NCOPsummerlag1,0,1
-0.2516429705831218,-1.0995337208796134,0.5962477797133697,4,BEUTI_33N,0,0
-0.028074074928727266,-0.38732567295936915,0.3311775231019146,4,BEUTI_39N,0,0
-0.20360493043265696,-0.535091098373265,0.12788123750795094,4,CUTI_33N,0,0
-0.13112255173422976,-0.32678762026584574,0.0645425167973861,4,CUTI_39N,0,0
-0.11868586563926958,-0.3786785476781225,0.1413068163995831,4,OC_LUSI_33N,0,0
-6.992009590113535e-4,-0.23640676972553043,0.23500836780750778,4,OC_STI_33N,0,0
-0.4393317196677986,-0.9282850632071346,0.04962162387153718,4,RREAS_Myctophids,0,0
0.26656885509195594,-0.178452237367501,0.7115899475514128,4,RREAS_YOYsardine,0,0
0.04325481108483259,-0.4636471786076779,0.5501568007773425,4,age1SprSardmeanWAA,0,0
0.12310737367029947,-0.0037468403122796756,0.24996158765287846,4,meanSSBwt,0,0
-0.026240836413355943,-0.2456904581533656,0.19320878532665364,4,ZM_NorCal,0,0
0.061770972655573964,0.01432484624375957,0.10921709906738836,4,ZM_SoCal,0,1
-0.12727377290945968,-0.18991088910653142,-0.06463665671238789,4,sardRec,0,1
0.024780954000039462,-0.41144214187010836,0.4610040498701873,4,anchBioSmrySeas1,0,0
0.2907027255503984,0.10344806037842802,0.47795739072236865,4,summerSST,0,1
0.12182114808413586,0.003090136974978064,0.24055215919329367,4,avgOffTransspring,0,1
0.5937211569211871,-0.038978461731386416,1.2264207755737608,4,avgOffTranssummer,0,0
0.10843268948895371,0.09527351799821282,0.12159186097969465,4,sprRelOffTrans,0,1
-0.5785872611192129,-1.4161222899427093,0.2589477677042836,4,sumRelOffTrans,0,0
0.06141563154592447,-0.23281784807955552,0.3556491111714045,4,meanK,0,0
0.04393393790209199,-0.06994736541741392,0.1578152412215978,4,OC_LUSI_39N,0,0
-0.68099316442473945,-1.5032383620020444,0.14125203315256563,4,sardSpawnHab,0,0
-0.2825893619253419,-0.34731060432722444,-0.2178681195234593,4,sardNurseHab,0,1
-0.009734736399132249,-0.14047074575010832,0.12100127295184382,4,springSST,0,0
0.06951369361519916,-0.0757219028374827,0.21474929006788113,4,randTest,0,0
-0.5874907991058054,-0.34550040612824645,-0.8294811920833642,1,NCOPspring,0,1
-0.5106949067735457,-0.23284008140797108,-0.7885497321391204,1,NCOPsummerlag1,0,1
-0.0411451106295269,0.23607158974445808,-0.3183618110035119,1,BEUTI_33N,0,0
-0.5216153695792733,-0.3909791519964908,-0.652251587162056,1,BEUTI_39N,0,1
-0.17170638533877558,0.016022792016634535,-0.3594355626941857,1,CUTI_33N,0,0
-0.5183873392915761,-0.3351534102035989,-0.7016212683795534,1,CUTI_39N,0,1
-0.24612793443519826,-0.016737664512895378,-0.47551820435750103,1,OC_LUSI_33N,0,1
0.20465751210729383,0.4010281279462491,0.008286896268338506,1,OC_STI_33N,0,1
0.217589267072699,0.43075511811227285,0.004423416033125031,1,RREAS_Myctophids,0,1
0.4088773410592632,0.6014805838260882,0.21627409829243815,1,RREAS_YOYsardine,0,1
-0.03806942652112666,0.14458894587198526,-0.22072779891423866,1,age1SprSardmeanWAA,0,0
0.10490804330283213,0.42777724946215473,-0.21796116285649053,1,meanSSBwt,0,0
-0.6726445463161016,-0.433199199103651,-0.912089893528552,1,ZM_NorCal,0,1
-0.5157183207251678,-0.24579066551728568,-0.78564597593305,1,ZM_SoCal,0,1
0.1931041687735735,0.33112123287367284,0.05508710467347416,1,sardRec,0,1
-0.13172641815648917,-0.07127645114179446,-0.1921763851711839,1,anchBioSmrySeas1,0,1
0.5392960302723663,0.7723508545863573,0.3062412059583752,1,summerSST,0,1
0.19171204923509008,0.2879940747207055,0.09543002374947468,1,avgOffTransspring,0,1
-0.2213620764059803,-0.004673641504747748,-0.43805051130721284,1,avgOffTranssummer,0,1
-0.1181980282840452,0.016611631134699573,-0.2530076877027899,1,sprRelOffTrans,0,0
-0.1684415883588983,0.1414288932516909,-0.47831206996948744,1,sumRelOffTrans,0,0
0.2583847850305489,0.5655913627287776,-0.048821792667679775,1,meanK,0,0
-0.3474287398559034,-0.16917060242665044,-0.5256868772851565,1,OC_LUSI_39N,0,1
0.1588373936921399,0.4435766740275974,-0.12590188664331756,1,sardSpawnHab,0,0
0.6056282993700214,0.8244146545437395,0.3868419441963031,1,sardNurseHab,0,1
0.7285629244896299,0.9572910730859908,0.4998347758932688,1,springSST,0,1
0.06791262896528305,0.12528723489796745,0.010538023032598626,1,randTest,0,1
0.22413664118662383,0.13181363976434463,0.316459642608903,2,NCOPspring,0,1
0.08938127572782426,0.1425129901306775,0.036249561324971064,2,NCOPsummerlag1,0,1
0.03821605730195807,0.0736215180756088,0.0028105965283073842,2,BEUTI_33N,0,1
0.25956535002881903,0.04609125200525835,0.4730394480523798,2,BEUTI_39N,0,1
-0.07648723095638302,-0.08777474621327674,-0.06519971569948929,2,CUTI_33N,0,1
0.13670445580118773,0.01471596245794074,0.2586929491444347,2,CUTI_39N,0,1
0.1111813343778531,-0.11508313789090235,0.3374458066466087,2,OC_LUSI_33N,0,0
-0.07688744345778249,-0.23878718080131317,0.08501229388574821,2,OC_STI_33N,0,0
-0.19845494712498468,-0.2223164564032614,-0.1745934378467079,2,RREAS_Myctophids,0,1
-0.16713757693459816,-0.4398624949924985,0.10558734112330215,2,RREAS_YOYsardine,0,0
-0.15017843322561378,-0.483340109342731,0.1829832428915035,2,age1SprSardmeanWAA,0,0
-0.03517195467054354,-0.27089196205415955,0.20054805271307236,2,meanSSBwt,0,0
0.17955968011433887,0.017562258013315846,0.34155710221536195,2,ZM_NorCal,0,1
-0.03913091480342425,-0.070478338155955,-0.007783491450893451,2,ZM_SoCal,0,1
0.029552479196378253,-0.01572991552623812,0.07483487391899463,2,sardRec,0,0
0.4090669724608444,0.1813012529836466,0.6368326919380423,2,anchBioSmrySeas1,0,1
-0.13242525256807186,-0.3201523112303744,0.05530180609423058,2,summerSST,0,0
-0.19951436912318643,-0.46617450593983134,0.06714576769345837,2,avgOffTransspring,0,0
0.10289913184785132,0.04206059599509816,0.16373766770060458,2,avgOffTranssummer,0,1
0.13379949563370058,-0.01928514239793727,0.2868841336653384,2,sprRelOffTrans,0,0
-0.012912157597446905,-0.10234668650536755,0.07652237131047364,2,sumRelOffTrans,0,0
0.043845280300162826,-0.0415055152264349,0.12919607582676054,2,meanK,0,0
0.11384323528858144,-0.01720433137920968,0.24489080195637258,2,OC_LUSI_39N,0,0
0.006161053230162389,-0.24978054359905266,0.2621026500593775,2,sardSpawnHab,0,0
-0.17205357014690648,-0.32412274228714727,-0.01998439800666571,2,sardNurseHab,0,1
-0.2142527525306305,-0.42833753092259946,-1.6797413866143085e-4,2,springSST,0,1
-0.20829694830396275,-0.4035440350206163,-0.013049861587309058,2,randTest,0,1
0.1960730123519217,0.11530955974372163,0.27683646496012176,3,NCOPspring,0,1
0.11985368956537934,0.10346106511176967,0.13624631401898907,3,NCOPsummerlag1,0,1
0.25853316639354995,0.49636862839893037,0.020697704388169553,3,BEUTI_33N,0,1
0.16769069338565104,0.3235036992970287,0.011877687474273375,3,BEUTI_39N,0,1
0.2532252940503285,0.47991531070265375,0.026535277398003328,3,CUTI_33N,0,1
0.1255378213094923,0.34151048274018125,-0.0904348401211966,3,CUTI_39N,0,0
0.1649123898146565,0.763986520499286,-0.4341617408699728,3,OC_LUSI_33N,0,0
-0.13005849752193654,0.3152670979001169,-0.5753840929439901,3,OC_STI_33N,0,0
-0.019428699335880754,0.24230028441932877,-0.28115768309109024,3,RREAS_Myctophids,0,0
-0.06011661682689959,0.4979199355588887,-0.6181531692126878,3,RREAS_YOYsardine,0,0
0.0015381871706866973,0.3194956719322074,-0.316419297590834,3,age1SprSardmeanWAA,0,0
-0.04035364667455535,0.6069788792262021,-0.687686172575313,3,meanSSBwt,0,0
0.2180850662367831,0.6458216795855856,-0.2096515471120194,3,ZM_NorCal,0,0
0.12048143265247252,0.5402248203905243,-0.2992619550855793,3,ZM_SoCal,0,0
-0.272791027326848,-0.16049432539388078,-0.3850877292598152,3,sardRec,0,1
-0.0036244974546377207,0.21014916158590896,-0.21739815649518432,3,anchBioSmrySeas1,0,0
-0.09415298919820123,0.4580203376478523,-0.6463263160442547,3,summerSST,0,0
-0.15033722905461133,0.0985054087577255,-0.3991798668669482,3,avgOffTransspring,0,0
-0.018230717175182112,0.2850204519208093,-0.3214818862711736,3,avgOffTranssummer,0,0
0.1886753237574734,0.38213039897826784,-0.004779751463321075,3,sprRelOffTrans,0,0
0.19577878562095408,0.8358084865383825,-0.44425091529647426,3,sumRelOffTrans,0,0
-0.007301249321155293,0.46192002620768663,-0.47652252484999724,3,meanK,0,0
0.17642123279820626,0.4901579245410883,-0.13731545894467573,3,OC_LUSI_39N,0,0
0.03603613610092145,0.6614566446242321,-0.5893843724223892,3,sardSpawnHab,0,0
-0.14371319925946052,0.07659724648259211,-0.3640236450015132,3,sardNurseHab,0,0
-0.17437582471835492,0.30056293824147523,-0.6493145876781851,3,springSST,0,0
-0.0028332560569437424,0.11702429742145545,-0.12269080953534299,3,randTest,0,0
-0.16330777942490785,-0.09604048982739243,-0.23057506902242328,4,NCOPspring,0,1
-0.21932857807472345,-0.02534072337162742,-0.4133164327778195,4,NCOPsummerlag1,0,1
0.07707293556998929,0.33849953686732387,-0.18435366572734535,4,BEUTI_33N,0,0
-0.024366476114531195,0.4075842181115348,-0.45631717034059727,4,BEUTI_39N,0,0
0.09039225237045098,0.6267155459604581,-0.44593104121955607,4,CUTI_33N,0,0
0.009081679198352066,0.40245760413241816,-0.3842942457357141,4,CUTI_39N,0,0
0.4157259979546125,1.2150123015953533,-0.3835603056861285,4,OC_LUSI_33N,0,0
-0.2990906828526423,0.3049175418103507,-0.9030989075156353,4,OC_STI_33N,0,0
0.25361360154360985,0.7165282763870273,-0.20930107329980754,4,RREAS_Myctophids,0,0
-0.34442259630207217,0.4817655322918246,-1.170610724895969,4,RREAS_YOYsardine,0,0
-0.3257716064851428,0.3952482000360268,-1.0467914130063125,4,age1SprSardmeanWAA,0,0
-0.5064041274623357,0.4194685738453098,-1.432276828769981,4,meanSSBwt,0,0
0.12513706256690976,0.7327454584507809,-0.48247133331696146,4,ZM_NorCal,0,0
0.10563168115641614,0.6658780415637919,-0.4546146792509598,4,ZM_SoCal,0,0
0.058982058381995016,0.5481894095380192,-0.4302252927740292,4,sardRec,0,0
-0.016030580625894894,0.8060350807357723,-0.838096241987562,4,anchBioSmrySeas1,0,0
-0.26720985524221724,0.47225177995953416,-1.0066714904439686,4,summerSST,0,0
-0.16596821081684987,0.32472145630999527,-0.6566578779436951,4,avgOffTransspring,0,0
-0.310971937638238,0.1388364111485302,-0.7607802864250063,4,avgOffTranssummer,0,0
0.10197217031391281,0.4742070291443869,-0.2702626885165612,4,sprRelOffTrans,0,0
0.43102662021201676,1.1914625107047196,-0.32940927028068623,4,sumRelOffTrans,0,0
-0.26062327761559545,0.3673973074707885,-0.8886438627019795,4,meanK,0,0
0.141615826438059,0.6024844288897317,-0.31925277601361374,4,OC_LUSI_39N,0,0
0.5871070483643462,1.4907084181648504,-0.3164943214361578,4,sardSpawnHab,0,0
0.009461972789612416,0.4608244264476671,-0.44190048086844225,4,sardNurseHab,0,0
-0.15567015636068646,0.5368319919545257,-0.8481723046758987,4,springSST,0,0
-0.053676213268554526,0.41580923412313225,-0.5231616606602413,4,randTest,0,0
-0.6676396091793961,-0.3981676700602639,-0.9371115482985283,1,NCOPspring,0,1
-0.5639718706777024,-0.34181793226583745,-0.7861258090895673,1,NCOPsummerlag1,0,1
-0.07155833535139819,0.12549476263909326,-0.26861143334188964,1,BEUTI_33N,0,0
-0.41016891090691787,-0.17146864221832325,-0.6488691795955125,1,BEUTI_39N,0,1
-0.06593617249370139,0.11908170678680635,-0.25095405177420904,1,CUTI_33N,0,0
-0.23807286788235218,-0.008219648722561326,-0.4679260870421429,1,CUTI_39N,0,1
-0.3157678790107153,-0.13907398559673037,-0.4924617724247001,1,OC_LUSI_33N,0,1
0.32247073761992323,0.4936834265909965,0.15125804864884995,1,OC_STI_33N,0,1
0.09178794544310816,0.2783462249320307,-0.0947703340458145,1,RREAS_Myctophids,0,0
0.42898102444366665,0.6281098807710533,0.2298521681162799,1,RREAS_YOYsardine,0,1
-0.03611495884282131,0.26058575456423017,-0.3328156722498729,1,age1SprSardmeanWAA,0,0
0.09200686570258693,0.39215691264230623,-0.20814318123713227,1,meanSSBwt,0,0
-0.5431749862954793,-0.2834809168563619,-0.8028690557345967,1,ZM_NorCal,0,1
-0.45815481800849345,-0.23204000940152006,-0.6842696266154666,1,ZM_SoCal,0,1
0.19923532127045884,0.3915727421469003,0.006897900394017351,1,sardRec,0,1
-0.10927350286839853,0.07726422942851126,-0.29581123516530833,1,anchBioSmrySeas1,0,0
0.4002091638661178,0.6059270742873724,0.19449125344486348,1,summerSST,0,1
0.42976799839513674,0.620361221567145,0.2391747752231285,1,avgOffTransspring,0,1
0.007168123782063855,0.17757013682789213,-0.16323388926376442,1,avgOffTranssummer,0,0
-0.445839970218801,-0.25764332422430325,-0.6340366162132987,1,sprRelOffTrans,0,1
-0.33728825877874513,-0.18984833856137193,-0.4847281789961184,1,sumRelOffTrans,0,1
0.11371681446176937,0.36223246058960523,-0.1347988316660665,1,meanK,0,0
-0.37183199779173737,-0.18252421544932895,-0.5611397801341458,1,OC_LUSI_39N,0,1
0.2343705402765661,0.49021875769813783,-0.0214776771450056,1,sardSpawnHab,0,0
0.5961378948718773,0.8278718080678119,0.3644039816759425,1,sardNurseHab,0,1
0.633294746974069,0.8901743626032069,0.37641513134493093,1,springSST,0,1
-0.5474441676558228,-0.348781538653276,-0.7461067966583699,1,randTest,0,1
-0.15673562574123381,-0.09347417088319529,-0.21999708059927234,2,NCOPspring,0,1
-0.03460092609149318,0.1735333261212973,-0.24273517830428365,2,NCOPsummerlag1,0,0
-0.040134987752911855,0.024146466620297055,-0.10441644212612078,2,BEUTI_33N,0,0
-0.46678518730193463,-0.3955205664205851,-0.5380498081832842,2,BEUTI_39N,0,1
0.05403590717331664,0.26609880810274444,-0.15802699375611118,2,CUTI_33N,0,0
-0.4211978326406242,-0.34036885307236364,-0.5020268122088847,2,CUTI_39N,0,1
-0.12815729440277104,-0.08661325672587439,-0.16970133207966775,2,OC_LUSI_33N,0,1
0.08845581788061353,0.1496888719862875,0.02722276377493957,2,OC_STI_33N,0,1
0.3988504684174776,0.6059677933089281,0.19173314352602702,2,RREAS_Myctophids,0,1
0.19585212127170554,0.27940052277927135,0.11230371976413975,2,RREAS_YOYsardine,0,1
0.6377408740083342,0.986064137866772,0.28941761014989664,2,age1SprSardmeanWAA,0,1
0.6149451507376049,0.869795145135681,0.3600951563395287,2,meanSSBwt,0,1
-0.45194415431682444,-0.4077789433471135,-0.4961093652865354,2,ZM_NorCal,0,1
-0.28671287983989324,-0.23107534789898984,-0.34235041178079667,2,ZM_SoCal,0,1
0.13383599675947075,0.1643968907025415,0.10327510281640004,2,sardRec,0,1
-0.3339081469999463,-0.1708149003101759,-0.49700139368971674,2,anchBioSmrySeas1,0,1
0.3450239204290016,0.44894146768108667,0.24110637317691663,2,summerSST,0,1
0.10119089245445519,0.1730136264825717,0.029368158426338616,2,avgOffTransspring,0,1
-0.34459609077085296,-0.17211806806325092,-0.5170741134784551,2,avgOffTranssummer,0,1
-0.0060467817891960846,0.11953738966379854,-0.13163095324219073,2,sprRelOffTrans,0,0
0.14327608254479385,0.40964546439460414,-0.12309329930501643,2,sumRelOffTrans,0,0
0.20710738640580484,0.29426634044078914,0.11994843237082049,2,meanK,0,1
-0.13746760371574535,-0.09383563111399457,-0.18109957631749615,2,OC_LUSI_39N,0,1
-0.041430658363194886,0.05108388720799062,-0.1339452039343805,2,sardSpawnHab,0,0
0.3118023042127845,0.4612092764659974,0.16239533195957154,2,sardNurseHab,0,1
0.48176345569044327,0.5739633331887184,0.389563578192168,2,springSST,0,1
0.1328724209676685,0.3158534205167871,-0.05010857858145017,2,randTest,0,0
-0.028566458828203436,-0.017036497231610378,-0.04009642042479649,3,NCOPspring,0,1
0.05403903946034734,0.18822055699703194,-0.08014247807633723,3,NCOPsummerlag1,0,0
-0.21215875734333725,0.16484696632842805,-0.5891644810151024,3,BEUTI_33N,0,0
-0.12400409545986679,0.7407133158480763,-0.9887215067678099,3,BEUTI_39N,0,0
-0.32669509140526853,0.3954672546611053,-1.0488574374716424,3,CUTI_33N,0,0
-0.15465301175467916,0.8222249983890906,-1.1315310218984487,3,CUTI_39N,0,0
-0.08186856458090577,0.23181442940824631,-0.39555155857005786,3,OC_LUSI_33N,0,0
0.03652429131789044,0.2765289177062021,-0.20348033507042126,3,OC_STI_33N,0,0
-0.021164777919324033,0.7850672973008498,-0.8273968531394977,3,RREAS_Myctophids,0,0
0.010804392367885267,0.4475935904352178,-0.4259848056994473,3,RREAS_YOYsardine,0,0
0.0029379781231944763,1.3741786555413753,-1.3683026992949863,3,age1SprSardmeanWAA,0,0
0.09176274467372536,1.4768760273000612,-1.2933505379526105,3,meanSSBwt,0,0
-0.19332889890381702,0.7712276859474673,-1.1578854837551011,3,ZM_NorCal,0,0
-0.12217558126026214,0.6780013954982419,-0.9223525580187661,3,ZM_SoCal,0,0
0.22035027634342796,0.6878744150875862,-0.24717386240073022,3,sardRec,0,0
0.05007223549225751,0.8422750946520172,-0.7421306236675023,3,anchBioSmrySeas1,0,0
0.06334994462426803,0.8681812827625233,-0.7414813935139872,3,summerSST,0,0
0.03722868093689109,0.39269399994522663,-0.3182366380714444,3,avgOffTransspring,0,0
-0.019679771677364878,0.7326901884752327,-0.7720497318299624,3,avgOffTranssummer,0,0
-0.05188862031764835,0.4201435715801756,-0.5239208122154723,3,sprRelOffTrans,0,0
-0.13034854214784822,0.41135020172019743,-0.6720472860158938,3,sumRelOffTrans,0,0
0.09143261251136944,0.9089759585944732,-0.7261107335717343,3,meanK,0,0
-0.1450037965744376,0.26111604891674833,-0.5511236420656236,3,OC_LUSI_39N,0,0
-0.33108895383571396,0.42285625388273346,-1.0850341615541612,3,sardSpawnHab,0,0
-0.006308207223480078,0.5620578555574358,-0.5746742700043959,3,sardNurseHab,0,0
0.12587405088400727,1.1079190420673732,-0.8561709402993587,3,springSST,0,0
4.6721888590372726e-4,0.5477456143123479,-0.5468111765405406,3,randTest,0,0
-0.00788699018039333,-0.00470365218111494,-0.011070328179671721,4,NCOPspring,0,1
-0.05398939302336664,-0.12684882086155255,0.018870034814819258,4,NCOPsummerlag1,0,0
0.07866609264658483,-0.05459310665185334,0.21192529194502302,4,BEUTI_33N,0,0
-0.07046826223216975,0.37678843501826864,-0.5177249594826082,4,BEUTI_39N,0,0
-0.1113132452798466,-0.01665875514986906,-0.20596773540982405,4,CUTI_33N,0,1
-0.19320117093735845,0.13877108478312372,-0.5251734266578405,4,CUTI_39N,0,0
-0.04480626454860393,0.013561513666658948,-0.10317404276386678,4,OC_LUSI_33N,0,0
0.02040948914882958,0.06656669556659925,-0.025747717268940068,4,OC_STI_33N,0,0
-0.0392439739782369,0.45821787447374557,-0.5367058224302194,4,RREAS_Myctophids,0,0
0.1271464524323983,0.23388574064142265,0.020407164223373964,4,RREAS_YOYsardine,0,1
0.02639202209453695,0.8070110827171029,-0.754227038528029,4,age1SprSardmeanWAA,0,0
0.18424286224477646,0.815743407212738,-0.44725768272318506,4,meanSSBwt,0,0
-0.20021023961632606,0.09765441704330288,-0.4980748962759551,4,ZM_NorCal,0,0
-0.25917489360255275,-0.17145783166183592,-0.3468919555432694,4,ZM_SoCal,0,1
0.016441470218605467,0.04319869581295793,-0.010315755375747027,4,sardRec,0,0
0.16929665801074684,0.592586592791335,-0.2539932767698414,4,anchBioSmrySeas1,0,0
0.2201905601451513,0.44375926974525737,-0.0033781494549547375,4,summerSST,0,0
-0.09150852743703157,-0.06366939528729387,-0.11934765958676924,4,avgOffTransspring,0,1
-0.05727844669332535,0.34562786941952217,-0.46018476280617293,4,avgOffTranssummer,0,0
0.13607410066942346,0.15745011643250587,0.11469808490634102,4,sprRelOffTrans,0,1
-0.052696228279947785,0.21455049690626143,-0.319942953466157,4,sumRelOffTrans,0,0
0.259839585656373,0.3221397855917557,0.1975393857209903,4,meanK,0,1
-0.07148486464379102,-0.048180281945991874,-0.09478944734159014,4,OC_LUSI_39N,0,1
-0.12721723713077454,-0.15971408291318176,-0.0947203913483673,4,sardSpawnHab,0,1
0.11371091426066189,0.3506077456286357,-0.123185917107312,4,sardNurseHab,0,0
0.22438178657006308,0.560738043676746,-0.11197447053661985,4,springSST,0,0
-0.02946319383068166,0.23678659433096244,-0.29571298199232576,4,randTest,0,0
-0.6353911379077536,-0.37255807791058726,-0.8982241979049199,1,NCOPspring,0,1
-0.5398026213552777,-0.32571035658865155,-0.7538948861219037,1,NCOPsummerlag1,0,1
-0.021772335852184556,0.09100009917739814,-0.13454477088176725,1,BEUTI_33N,0,0
-0.5603240002997659,-0.49137578814400257,-0.629272212455529,1,BEUTI_39N,0,1
-0.10694908187673145,-0.08954677201392351,-0.12435139173953934,1,CUTI_33N,0,1
-0.5338091508995203,-0.46766696009388664,-0.5999513417051541,1,CUTI_39N,0,1
-0.22110062573190797,-0.306425060633011,-0.135776190830805,1,OC_LUSI_33N,0,1
0.21515471469648953,0.15990026112687336,0.2704091682661057,1,OC_STI_33N,0,1
0.3171473384797944,0.3511935257534672,0.2831011512061216,1,RREAS_Myctophids,0,1
0.4005392299605729,0.3087728730659238,0.4923055868552222,1,RREAS_YOYsardine,0,1
-0.061405854337752974,-0.017393941417195843,-0.10541776725831017,1,age1SprSardmeanWAA,0,1
0.019531860941275903,-0.013975776539179988,0.05303949842173175,1,meanSSBwt,0,0
-0.6645131019709809,-0.6513276237425194,-0.6776985801994425,1,ZM_NorCal,0,1
-0.501188492740184,-0.4840223653165445,-0.5183546201638234,1,ZM_SoCal,0,1
0.17769190363102869,0.21984380642012208,0.13554000084193535,1,sardRec,0,1
-0.21983370743855501,-0.2688903081980055,-0.17077710667910453,1,anchBioSmrySeas1,0,1
0.49711329777464536,0.4451307283849508,0.5490958671643398,1,summerSST,0,1
0.19732276187491732,0.20567054275306357,0.18897498099677107,1,avgOffTransspring,0,1
-0.2954937794902748,-0.2545472657314687,-0.33644029324908087,1,avgOffTranssummer,0,1
-0.1499945074106837,-0.11416559749689051,-0.18582341732447694,1,sprRelOffTrans,0,1
-0.09636740683389504,-0.15014928119844223,-0.042585532469347855,1,sumRelOffTrans,0,1
0.1861798569004525,0.21745295798399866,0.15490675581690644,1,meanK,0,1
-0.3350408902672699,-0.3230943953624276,-0.3469873851721123,1,OC_LUSI_39N,0,1
0.22488811362969693,0.18018853097156726,0.26958769628782653,1,sardSpawnHab,0,1
0.6178644940751349,0.7128707185260821,0.5228582696241877,1,sardNurseHab,0,1
0.7262761279378008,0.7115435753361048,0.7410086805394969,1,springSST,0,1
0.14541051757013354,0.14157067796401937,0.14925035717624777,1,randTest,0,1
-0.16124589231474276,-0.09454563673892409,-0.2279461478905614,2,NCOPspring,0,1
-0.044729440304385484,0.1557891736452602,-0.24524805425403115,2,NCOPsummerlag1,0,0
-0.059496653819553366,0.09500547232269974,-0.21399877996180647,2,BEUTI_33N,0,0
-0.1971784814356449,0.11419996052692274,-0.5085569233982126,2,BEUTI_39N,0,0
0.09191200370791247,0.5004246741177703,-0.31660066670194525,2,CUTI_33N,0,0
-0.07872702747376269,0.1832443786202833,-0.3406984335678086,2,CUTI_39N,0,0
-0.07553954217448272,0.43680682490400524,-0.5878859092529706,2,OC_LUSI_33N,0,0
0.07865065920969308,0.503214338248874,-0.34591301982948786,2,OC_STI_33N,0,0
0.20735842476023092,0.5465221982158912,-0.13180534869542931,2,RREAS_Myctophids,0,0
0.08455766659786576,0.6338352780185789,-0.4647199448228473,2,RREAS_YOYsardine,0,0
0.09874489703109686,0.5956239727142063,-0.3981341786520127,2,age1SprSardmeanWAA,0,0
-0.03339093279073227,0.5686238178435655,-0.6354056834250299,2,meanSSBwt,0,0
-0.08522855208406865,0.27883930622104747,-0.4492964103891848,2,ZM_NorCal,0,0
0.07664065178918654,0.38615157972087205,-0.23287027614249903,2,ZM_SoCal,0,0
-0.01275882570821773,0.36446416805265425,-0.3899818194690897,2,sardRec,0,0
-0.36372602052994274,0.23524000466621245,-0.962692045726098,2,anchBioSmrySeas1,0,0
0.021504018278145742,0.45119756165484126,-0.4081895250985497,2,summerSST,0,0
0.15984834947930257,0.47125093834737447,-0.15155423938876933,2,avgOffTransspring,0,0
-0.09832440483596508,0.17586548607147215,-0.37251429574340233,2,avgOffTranssummer,0,0
-0.14874691004633836,0.1134419497963494,-0.41093576988902614,2,sprRelOffTrans,0,0
0.04072667686530182,0.4725037856994856,-0.3910504319688819,2,sumRelOffTrans,0,0
-0.1201873957251366,0.2548541471675393,-0.4952289386178126,2,meanK,0,0
-0.06524658726556103,0.220537893170113,-0.35103106770123504,2,OC_LUSI_39N,0,0
0.01912762705189361,0.584621846502954,-0.5463665923991667,2,sardSpawnHab,0,0
0.0930538754380179,0.3999119267033584,-0.21380417582732247,2,sardNurseHab,0,0
0.10233730895544102,0.5310018222231597,-0.3263272043122776,2,springSST,0,0
0.09329843453547143,0.4310152432114214,-0.24441837414047846,2,randTest,0,0
-0.17350877564062073,-0.10173591052299781,-0.24528164075824366,3,NCOPspring,0,1
-0.10288242661059394,0.026130117312416157,-0.23189497053360406,3,NCOPsummerlag1,0,0
-0.23613919810577855,0.1056589382235841,-0.5779373344351413,3,BEUTI_33N,0,0
-0.14431300278964562,0.24032763268229917,-0.5289536382615904,3,BEUTI_39N,0,0
-0.24590655343461224,0.2020207877781696,-0.6938338946473941,3,CUTI_33N,0,0
-0.11080636002137281,0.3061258219581069,-0.5277385420008524,3,CUTI_39N,0,0
-0.15379241953598044,0.8343409419710006,-1.1419257810429617,3,OC_LUSI_33N,0,0
0.11221059535211172,0.8934368002210076,-0.6690156095167841,3,OC_STI_33N,0,0
-0.0024265504018307245,0.4772319466954549,-0.4820850474991163,3,RREAS_Myctophids,0,0
0.058258424215267876,1.0273491218593798,-0.9108322734288441,3,RREAS_YOYsardine,0,0
0.0034372934459475507,0.715856353680909,-0.7089817667890139,3,age1SprSardmeanWAA,0,0
0.04812790061109413,1.1777437672016082,-1.08148796597942,3,meanSSBwt,0,0
-0.20060846979488456,0.5072898786058854,-0.9085068181956544,3,ZM_NorCal,0,0
-0.11410687665489291,0.5453462517411973,-0.7735600050509831,3,ZM_SoCal,0,0
0.24584296494593105,0.5580078210886175,-0.06632189119675536,3,sardRec,0,0
0.010122262803962423,0.5813483136569484,-0.5611037880490236,3,anchBioSmrySeas1,0,0
0.09124728188431114,0.9453745452490759,-0.7628799814804536,3,summerSST,0,0
0.13766031026017458,0.6317690618260579,-0.35644844130570863,3,avgOffTransspring,0,0
0.02493493198025368,0.5151669883512674,-0.46529712439076004,3,avgOffTranssummer,0,0
-0.1646438222900395,0.2504770278552968,-0.5797646724353758,3,sprRelOffTrans,0,0
-0.1824147532765533,0.7561267894683891,-1.1209562960214956,3,sumRelOffTrans,0,0
0.02423675501551488,0.791145807884713,-0.7426722978536832,3,meanK,0,0
-0.16238010382568904,0.3819179745136417,-0.7066781821650198,3,OC_LUSI_39N,0,0
-0.05392988696580641,0.9933481872884115,-1.1012079612200243,3,sardSpawnHab,0,0
0.12407700448255418,0.5932683189275401,-0.3451143099624318,3,sardNurseHab,0,0
0.15910230390018001,0.960676679663061,-0.6424720718627009,3,springSST,0,0
-0.02910168862839827,0.39621335625521764,-0.45441673351201417,3,randTest,0,0
-0.039055324805551114,-0.022899873595407672,-0.05521077601569455,4,NCOPspring,0,1
-0.11911837090867428,-0.24213205549191213,0.003895313674563576,4,NCOPsummerlag1,0,0
0.08312353279890938,-0.06911327511743612,0.23536034071525486,4,BEUTI_33N,0,0
0.08290952088425871,0.24269823940143842,-0.07687919763292109,4,BEUTI_39N,0,0
0.08713150244529391,0.08933336365907671,0.08492964123151114,4,CUTI_33N,0,1
0.09728016216715332,0.14689310112094725,0.04766722321335938,4,CUTI_39N,0,1
0.4741389122938034,0.6102051793983557,0.33807264518925095,4,OC_LUSI_33N,0,1
-0.3668677526567253,-0.2285358976770768,-0.5051996076363737,4,OC_STI_33N,0,1
0.16149559242883396,0.12261552709582688,0.20037565776184105,4,RREAS_Myctophids,0,1
-0.42670969881180715,-0.2552347960732756,-0.5981846015503387,4,RREAS_YOYsardine,0,1
-0.34034412700122507,-0.1143276005470345,-0.5663606534554158,4,age1SprSardmeanWAA,0,1
-0.529107376287845,-0.4744604585488771,-0.583754294026813,4,meanSSBwt,0,1
0.2377104166839737,0.27381455855005277,0.20160627481789464,4,ZM_NorCal,0,1
0.16926099604708494,0.07133080882652232,0.26719118326764757,4,ZM_SoCal,0,1
0.03238131727822897,0.08407426863844478,-0.019311634081986856,4,sardRec,0,0
0.06912540163905409,0.34345059346733614,-0.20519979018922807,4,anchBioSmrySeas1,0,0
-0.3301856254443676,-0.29996000325292677,-0.36041124763580834,4,summerSST,0,1
-0.21646776690066727,-0.01432548561209085,-0.41861004818924363,4,avgOffTransspring,0,1
-0.23683994637176514,-0.28321156710864437,-0.1904683256348858,4,avgOffTranssummer,0,1
0.16198795218826653,0.30282057779459504,0.021155326581937972,4,sprRelOffTrans,0,1
0.4337760909329922,0.3773712643978858,0.4901809174680985,4,sumRelOffTrans,0,1
-0.26688665586788846,-0.36173067242801965,-0.17204263930775726,4,meanK,0,1
0.2118058559313334,0.25582388924118976,0.16778782262147698,4,OC_LUSI_39N,0,1
0.5428398226275559,0.6379353573502662,0.4477442879048455,4,sardSpawnHab,0,1
-0.0997387169839088,-0.040373242525025596,-0.15910419144279203,4,sardNurseHab,0,1
-0.27994711054025784,-0.19293643433434726,-0.3669577867461684,4,springSST,0,1
-0.17541788347819479,-0.003232300683939232,-0.3476034662724503,4,randTest,0,1
-0.5839216491258509,-0.3423286531105652,-0.8255146451411365,1,NCOPspring,0,1
-0.509847217482774,-0.22503635876711045,-0.7946580761984375,1,NCOPsummerlag1,0,1
-0.058602640424099295,0.18993801641804678,-0.30714329726624534,1,BEUTI_33N,0,0
-0.5145228874976115,-0.44190383338025163,-0.5871419416149715,1,BEUTI_39N,0,1
-0.19535183508783874,-0.05413956506551529,-0.33656410511016227,1,CUTI_33N,0,1
-0.5252159872895955,-0.40243749656423344,-0.6479944780149577,1,CUTI_39N,0,1
-0.23599994906367144,-0.09253117939955974,-0.3794687187277831,1,OC_LUSI_33N,0,1
0.20269152532669923,0.3293276286844863,0.07605542196891227,1,OC_STI_33N,0,1
0.21637827382376865,0.39028994798942446,0.04246659965811271,1,RREAS_Myctophids,0,1
0.3898073879192824,0.4834343453084877,0.29618043053007714,1,RREAS_YOYsardine,0,1
-0.04683481545434026,0.07998803821967784,-0.17365766912835834,1,age1SprSardmeanWAA,0,0
0.08528014704318002,0.34165799642591616,-0.17109770233955612,1,meanSSBwt,0,0
-0.6620610193464709,-0.4842310921001741,-0.8398909465927676,1,ZM_NorCal,0,1
-0.5162937611613695,-0.2913807513301557,-0.7412067709925835,1,ZM_SoCal,0,1
0.19817738164616397,0.28084765827385955,0.11550710501846839,1,sardRec,0,1
-0.11962074776140373,-0.16667076834576755,-0.07257072717703994,1,anchBioSmrySeas1,0,1
0.5210105813573274,0.6814016877783083,0.3606194749363465,1,summerSST,0,1
0.17217686390330905,0.22478239992674437,0.11957132787987387,1,avgOffTransspring,0,1
-0.21030886908749416,-0.02975385883076344,-0.39086387934422495,1,avgOffTranssummer,0,1
-0.10907708704641265,4.5471813697504915e-4,-0.21860889222980034,1,sprRelOffTrans,0,0
-0.1748270225786284,0.05649581229458661,-0.40614985745184345,1,sumRelOffTrans,0,0
0.23345120246855322,0.505088432811543,-0.03818602787443659,1,meanK,0,0
-0.34271088088904883,-0.20327067884110683,-0.4821510829369908,1,OC_LUSI_39N,0,1
0.15227691786699427,0.31374238818006883,-0.009188552446080439,1,sardSpawnHab,0,0
0.5905845665793686,0.7907364882774102,0.39043264488132695,1,sardNurseHab,0,1
0.706151415270948,0.8704846072544983,0.5418182232873978,1,springSST,0,1
0.11344838221789111,0.14855666868839063,0.0783400957473916,1,randTest,0,1
0.23195645607423027,0.13598629423496034,0.3279266179135002,2,NCOPspring,0,1
0.12102027878980452,0.13989070834916198,0.10214984923044709,2,NCOPsummerlag1,0,1
0.02518426654547415,0.2762654279323502,-0.22589689484140188,2,BEUTI_33N,0,0
0.27375458776497563,0.34570347558579007,0.2018056999441611,2,BEUTI_39N,0,1
-0.06749592775088528,0.1388897768158788,-0.2738816323176494,2,CUTI_33N,0,0
0.18627678647747686,0.37172065263562704,8.329203193267187e-4,2,CUTI_39N,0,1
0.08072489846826583,0.670654043474169,-0.5092042465376372,2,OC_LUSI_33N,0,0
-0.06640671718550978,0.37495221113782196,-0.5077656455088415,2,OC_STI_33N,0,0
-0.22408440594783022,0.0589600304823267,-0.5071288423779872,2,RREAS_Myctophids,0,0
-0.1597990934752728,0.37225919342507374,-0.6918573803756194,2,RREAS_YOYsardine,0,0
-0.09382083929847407,0.12892808840922532,-0.3165697670061734,2,age1SprSardmeanWAA,0,0
0.01946464570913431,0.7001364354630267,-0.661207144044758,2,meanSSBwt,0,0
0.18483933591839802,0.6101198210346095,-0.24044114919781345,2,ZM_NorCal,0,0
-0.016747236704626856,0.4586469306774465,-0.4921414040867002,2,ZM_SoCal,0,0
0.05940838861834115,0.11428442169473169,0.004532355541950611,2,sardRec,0,1
0.4120273203858831,0.46860319044028687,0.35545145033147924,2,anchBioSmrySeas1,0,1
-0.12470772653117157,0.4477367182277557,-0.6971521712900989,2,summerSST,0,0
-0.15211403741074997,0.019133835549314443,-0.3233619103708145,2,avgOffTransspring,0,0
0.12103492217539988,0.44455596927218066,-0.20248612492138093,2,avgOffTranssummer,0,0
0.09470388195119224,0.24337084434295908,-0.053963080440574615,2,sprRelOffTrans,0,0
-0.030564453508049705,0.6515930433997739,-0.7127219504158733,2,sumRelOffTrans,0,0
0.06535550506830286,0.6050360689724156,-0.47432505883581,2,meanK,0,0
0.09731814269621758,0.3991002767490569,-0.2044639913566218,2,OC_LUSI_39N,0,0
-0.004611325097920754,0.5868418687871162,-0.5960645189829575,2,sardSpawnHab,0,0
-0.1592877810138763,0.0459035628099448,-0.36447912483769734,2,sardNurseHab,0,0
-0.20598681175054923,0.2683598746993987,-0.6803334982004973,2,springSST,0,0
-0.17748742705118276,-0.16528125392452728,-0.18969360017783832,2,randTest,0,1
-0.21829230088225185,-0.12797557593094425,-0.3086090258335594,3,NCOPspring,0,1
-0.12038366215624167,-0.1276277794902334,-0.11313954482224997,3,NCOPsummerlag1,0,1
-0.2500607706304274,-0.11276684483959054,-0.38735469642126424,3,BEUTI_33N,0,1
-0.1938161749130877,0.15919702748663098,-0.5468293773128063,3,BEUTI_39N,0,0
-0.21643104049009923,-0.013991201076439572,-0.4188708799037589,3,CUTI_33N,0,1
-0.12622767890686565,0.20272166763939561,-0.4551770254531269,3,CUTI_39N,0,0
-0.16664644997799855,0.48401643209558226,-0.8173093320515795,3,OC_LUSI_33N,0,0
0.13020624322392588,0.6272467419169904,-0.3668342554691386,3,OC_STI_33N,0,0
0.051637444253920604,0.2927091165918035,-0.18943422808396224,3,RREAS_Myctophids,0,0
0.0714334940035919,0.7550143507835172,-0.6121473627763334,3,RREAS_YOYsardine,0,0
0.030331455523648715,0.5628181387392494,-0.5021552276919519,3,age1SprSardmeanWAA,0,0
0.03667831243442299,0.7256534743964622,-0.6522968495276162,3,meanSSBwt,0,0
-0.22505877499087829,0.25198490975262877,-0.7021024597343852,3,ZM_NorCal,0,0
-0.09949783764064658,0.25205716289020486,-0.45105283817149816,3,ZM_SoCal,0,0
0.25521094829464924,0.41976917023599014,0.09065272635330825,3,sardRec,0,1
-0.06489614584653257,0.3677990679095137,-0.49759135960257883,3,anchBioSmrySeas1,0,0
0.0989497767881161,0.6774997850955953,-0.47960023151936304,3,summerSST,0,0
0.1762178413724979,0.5895245713367302,-0.23708888859173444,3,avgOffTransspring,0,0
-0.0029949765639034343,0.28708478229311624,-0.2930747354209231,3,avgOffTranssummer,0,0
-0.20228542680532752,0.06947198827299865,-0.4740428418836537,3,sprRelOffTrans,0,0
-0.1692208858585299,0.38069213718488926,-0.719133908901949,3,sumRelOffTrans,0,0
-0.0064428946660160386,0.4199170851241722,-0.43280287445620425,3,meanK,0,0
-0.1784372416946089,0.16572138021625588,-0.5225958636054737,3,OC_LUSI_39N,0,0
-0.020889871593181106,0.7311880439901359,-0.7729677871764983,3,sardSpawnHab,0,0
0.1646788296082349,0.46799179035624344,-0.13863413113977355,3,sardNurseHab,0,0
0.18935630883305932,0.7377703322774055,-0.3590577146112867,3,springSST,0,0
-0.05568211627798667,0.1335226396154144,-0.24488687217138774,3,randTest,0,0
-0.13641682564938779,-0.07997543549906769,-0.19285821579970785,4,NCOPspring,0,1
-0.19433100982476414,-0.005973507302932349,-0.38268851234659595,4,NCOPsummerlag1,0,1
0.08506833810842206,0.3178928541105636,-0.14775617789371953,4,BEUTI_33N,0,0
0.01848517202269312,0.49069716132288294,-0.4537268172774967,4,BEUTI_39N,0,0
0.0794425525492559,0.5837557937486055,-0.4248706886500938,4,CUTI_33N,0,0
0.04131324858344723,0.4819543589246349,-0.3993278617577405,4,CUTI_39N,0,0
0.4370411383428687,1.2612156235854575,-0.3871333468997201,4,OC_LUSI_33N,0,0
-0.32075386034432773,0.3133377607306158,-0.9548454814192712,4,OC_STI_33N,0,0
0.22647872974133512,0.7089574201235218,-0.25599996064085173,4,RREAS_Myctophids,0,0
-0.3749392304320671,0.5192351658167218,-1.269113626680856,4,RREAS_YOYsardine,0,0
-0.32846059883713374,0.38732647662491665,-1.0442476742991844,4,age1SprSardmeanWAA,0,0
-0.5124056127577052,0.4224400269061117,-1.4472512524215224,4,meanSSBwt,0,0
0.15509950102258516,0.7646849094125181,-0.4544859073673479,4,ZM_NorCal,0,0
0.1075867845082137,0.6544869118934455,-0.4393133428770181,4,ZM_SoCal,0,0
0.06856991923695949,0.6375986319994242,-0.5004587935255054,4,sardRec,0,0
0.04239015446920896,0.9799076278783747,-0.8951273189399567,4,anchBioSmrySeas1,0,0
-0.287387823284172,0.47210027262289844,-1.0468759191912425,4,summerSST,0,0
-0.19143093718333914,0.293815164749738,-0.6766770391164163,4,avgOffTransspring,0,0
-0.2962866797454694,0.1401862258993894,-0.7327595853903281,4,avgOffTranssummer,0,0
0.12039950682694417,0.4730070504704836,-0.23220803681659524,4,sprRelOffTrans,0,0
0.431903224776262,1.1771359158305938,-0.3133294662780698,4,sumRelOffTrans,0,0
-0.26087346198469985,0.3587974389661705,-0.8805443629355703,4,meanK,0,0
0.1537232487440325,0.5982245923337504,-0.2907780948456854,4,OC_LUSI_39N,0,0
0.6000721521400745,1.586689993549096,-0.3865456892689467,4,sardSpawnHab,0,0
-0.0047164373275651456,0.4147581764487367,-0.424191051103867,4,sardNurseHab,0,0
-0.1879922960436921,0.5115237915360362,-0.8875083836234203,4,springSST,0,0
-0.012656985600112237,0.4867960338958128,-0.5121100050960373,4,randTest,0,0
-0.6185344404654279,-0.3668766944333537,-0.8701921864975022,1,NCOPspring,0,1
-0.5311266586312067,-0.2733515935119287,-0.7889017237504846,1,NCOPsummerlag1,0,1
-0.14884727688832197,-0.14405763902494756,-0.15363691475169644,1,BEUTI_33N,0,1
-0.5205000708790305,-0.6803237021137449,-0.36067643964431595,1,BEUTI_39N,0,1
-0.33115287362373036,-0.7021214281149619,0.03981568086750126,1,CUTI_33N,0,0
-0.5434746745895946,-0.90674516549594,-0.18020418368324914,1,CUTI_39N,0,1
-0.1880054528081177,-2.8292062369915296,2.4531953313752948,1,OC_LUSI_33N,0,0
0.1611438926223643,-2.159147580528219,2.481435365772948,1,OC_STI_33N,0,0
0.11787255647982464,-1.5360833216615835,1.771828434621233,1,RREAS_Myctophids,0,0
0.3665595850953129,-1.032010812739327,1.765129982929953,1,RREAS_YOYsardine,0,0
-0.18182597476205808,-0.8916163421743081,0.527964392650192,1,age1SprSardmeanWAA,0,0
-0.09834233960253091,-2.7668914312839106,2.570206752078849,1,meanSSBwt,0,0
-0.6833025120658491,-1.8172269093801185,0.4506218852484203,1,ZM_NorCal,0,0
-0.5509808839416731,-1.7147125821276532,0.6127508142443069,1,ZM_SoCal,0,0
0.25290265699010744,-1.2902865255677058,1.7960918395479208,1,sardRec,0,0
-0.053265570246844515,-0.3947166539303816,0.2881855134366925,1,anchBioSmrySeas1,0,0
0.4921128799416672,-1.1154628406892495,2.099688600572584,1,summerSST,0,0
0.18505519945797275,-0.17846364453459382,0.5485740434505393,1,avgOffTransspring,0,0
-0.14826777549085243,-1.3073484668791213,1.0108129158974166,1,avgOffTranssummer,0,0
-0.12423444343328013,-1.3932969174163,1.1448280305497398,1,sprRelOffTrans,0,0
-0.24752627623341547,-1.4595774535214532,0.9645249010546222,1,sumRelOffTrans,0,0
0.19432650580396543,-1.058233598599488,1.446886610207419,1,meanK,0,0
-0.3572913319894097,-1.3472809647104689,0.6326983007316493,1,OC_LUSI_39N,0,0
0.008933246293278857,-0.9537235212784301,0.9715900138649876,1,sardSpawnHab,0,0
0.5245093138025524,-0.9318946582556663,1.9809132858607716,1,sardNurseHab,0,0
0.6830408647088192,-0.810360214182356,2.176441943599995,1,springSST,0,0
-0.11237990167994752,-2.568403054520875,2.3436432511609793,1,randTest,0,0
0.17861992484974556,0.10594638439130132,0.2512934653081898,2,NCOPspring,0,1
0.062116325403430456,0.13659365245808297,-0.012361001651222059,2,NCOPsummerlag1,0,0
0.24312348037692608,0.19171270337886995,0.2945342573749822,2,BEUTI_33N,0,1
0.18150308684473537,-0.15225889620887917,0.5152650698983499,2,BEUTI_39N,0,0
0.174328916357112,-0.3318780336246272,0.6805358663388514,2,CUTI_33N,0,0
0.09958407434118373,-0.5106241486873759,0.7097922973697434,2,CUTI_39N,0,0
0.04321186469950988,-1.3967277877859408,1.483151517184961,2,OC_LUSI_33N,0,0
-0.026327986430288025,-1.3617132464958401,1.3090572736352637,2,OC_STI_33N,0,0
-0.010582307685826783,-1.662199413308589,1.6410347979369355,2,RREAS_Myctophids,0,0
-0.03959364901728073,-1.3552728615802865,1.2760855635457253,2,RREAS_YOYsardine,0,0
0.012891078974200915,-0.5576677049822254,0.5834498629306275,2,age1SprSardmeanWAA,0,0
0.17504790820369862,-1.230275377657452,1.5803711940648495,2,meanSSBwt,0,0
0.12898673895169638,-0.7286072639801351,0.9865807418835278,2,ZM_NorCal,0,0
-0.0172233462073485,-0.7286502389302894,0.6942035465155924,2,ZM_SoCal,0,0
-0.12608917208479056,-1.5005540261733548,1.2483756820037737,2,sardRec,0,0
0.18258290291728504,-0.11295080793975824,0.47811661377432824,2,anchBioSmrySeas1,0,0
-0.006797553930730199,-1.2640474674864448,1.250452359624985,2,summerSST,0,0
-0.16834469854048856,-0.42740020680211427,0.09071080972113718,2,avgOffTransspring,0,0
-0.055529218022079406,-1.312743085844694,1.201684649800535,2,avgOffTranssummer,0,0
0.15513390698942303,-0.9202166727343662,1.2304844867132125,2,sprRelOffTrans,0,0
0.13823117009154384,-1.1665013304851881,1.442963670668276,2,sumRelOffTrans,0,0
0.14355149779532306,-0.6065307751099824,0.8936337707006289,2,meanK,0,0
0.10178211887168806,-0.4285723719532485,0.6321366096966246,2,OC_LUSI_39N,0,0
0.1270771182675613,-1.1564419620113642,1.410596198546486,2,sardSpawnHab,0,0
-0.026353386423277086,-0.9788382562188148,0.926131483372261,2,sardNurseHab,0,0
-0.0644415616353044,-0.866514656655956,0.7376315333853475,2,springSST,0,0
0.12784225258148674,-1.9534005246672719,2.2090850298302454,2,randTest,0,0
-0.20255214705871283,-0.12014151080635363,-0.284962783311072,3,NCOPspring,0,1
-0.20791529207598358,-0.06804345067326467,-0.3477871334787025,3,NCOPsummerlag1,0,1
0.09018765294457545,0.7440080878705748,-0.5636327819814239,3,BEUTI_33N,0,0
-0.024227619297470096,0.6154340268547156,-0.6638892654496559,3,BEUTI_39N,0,0
0.14254582260111318,0.9276400404660349,-0.6425483952638086,3,CUTI_33N,0,0
0.06252400530925428,0.6341735035651044,-0.5091254929465958,3,CUTI_39N,0,0
-0.057577614326774974,7.696737425443731,-7.811892654097281,3,OC_LUSI_33N,0,0
0.09494320270432106,6.727651057838175,-6.537764652429533,3,OC_STI_33N,0,0
0.5816070059653734,3.4957011705773264,-2.332487158646579,3,RREAS_Myctophids,0,0
-0.2836274556476934,2.776060140110815,-3.343315051406201,3,RREAS_YOYsardine,0,0
-0.2384338510536239,2.324877720871808,-2.801745422979056,3,age1SprSardmeanWAA,0,0
0.02266585061411796,8.231266469045071,-8.185934767816837,3,meanSSBwt,0,0
-0.02090369837804945,3.275124227954563,-3.316931624710662,3,ZM_NorCal,0,0
-0.10489325878470723,3.511003919735877,-3.720790437305291,3,ZM_SoCal,0,0
0.3614196398735987,3.6203719900141746,-2.8975327102669772,3,sardRec,0,0
0.022771416636301542,1.2931669564770722,-1.247624123204469,3,anchBioSmrySeas1,0,0
-0.13045516972965285,3.9450764809932912,-4.205986820452598,3,summerSST,0,0
-0.06709604319169223,1.437666725060273,-1.571858811443658,3,avgOffTransspring,0,0
-0.5776199968186946,1.343017007824384,-2.4982570014617735,3,avgOffTranssummer,0,0
-0.15382758154890194,2.8297220313052582,-3.137377194403062,3,sprRelOffTrans,0,0
0.47723610129343746,2.7940795863180043,-1.8396073837311298,3,sumRelOffTrans,0,0
0.001213157832587814,4.02844069542625,-4.026014379761075,3,meanK,0,0
-0.07122741068929592,3.1779386000139183,-3.3203934213925095,3,OC_LUSI_39N,0,0
0.7183081652046368,1.9052867922518044,-0.4686704618425309,3,sardSpawnHab,0,0
0.29465504959968303,4.567274817150763,-3.977964717951398,3,sardNurseHab,0,0
0.10018757963815178,4.880369324366964,-4.679994165090662,3,springSST,0,0
0.5247078376370654,5.668561304012409,-4.619145628738279,3,randTest,0,0
-0.07170204523265448,-0.04252925563736238,-0.1008748348279466,4,NCOPspring,0,1
-0.09875206896953445,-0.008197280685949805,-0.18930685725311908,4,NCOPsummerlag1,0,1
0.06748644192469454,0.08098702697786944,0.05398585687151964,4,BEUTI_33N,0,1
0.009799019070206298,0.9092508404595492,-0.8896528023191366,4,BEUTI_39N,0,0
-0.04605915915990638,1.765660139684539,-1.8577784580043522,4,CUTI_33N,0,0
-0.030192643299855437,2.2231235884101364,-2.2835088750098476,4,CUTI_39N,0,0
0.7633924398057532,2.0144455094790708,-0.48766062986756475,4,OC_LUSI_33N,0,0
-0.6464832008728734,0.747813231013862,-2.0407796327596084,4,OC_STI_33N,0,0
-0.22890054493090248,4.897423804307543,-5.355224894169348,4,RREAS_Myctophids,0,0
-0.2636597444645271,2.6420006156090174,-3.169320104538072,4,RREAS_YOYsardine,0,0
-0.2989476791870934,0.4071288334522084,-1.0050241918263954,4,age1SprSardmeanWAA,0,0
-0.7790423507119578,0.2540372477092503,-1.8121219491331655,4,meanSSBwt,0,0
0.2399981174159161,1.3018030400477327,-0.8218068052159002,4,ZM_NorCal,0,0
0.23578475520873243,0.7666226088146078,-0.2950530983971427,4,ZM_SoCal,0,0
-0.30646512787862573,3.0035749535621683,-3.61650520931942,4,sardRec,0,0
-0.05449105993187607,0.2706931089279174,-0.3796752287916696,4,anchBioSmrySeas1,0,0
-0.3226932361879143,1.6535562386008107,-2.2989427109766396,4,summerSST,0,0
-0.1760081253609999,-0.02447578566249646,-0.3275404650595033,4,avgOffTransspring,0,1
0.08417008991961888,4.514108986049245,-4.345768806210008,4,avgOffTranssummer,0,0
0.3307146996667373,2.505029209956107,-1.8435998106226332,4,sprRelOffTrans,0,0
0.24837636546893957,4.084362378179169,-3.58760964724129,4,sumRelOffTrans,0,0
-0.30537437271778645,0.21841945121760115,-0.8291681966531741,4,meanK,0,0
0.2889767493906404,0.5476290335150842,0.030324465266196643,4,OC_LUSI_39N,0,1
0.053299160825773115,5.756639909821898,-5.650041588170351,4,sardSpawnHab,0,0
-0.31354152130561674,0.8626329039426952,-1.4897159465539287,4,sardNurseHab,0,0
-0.3594704151896963,0.0014596316516421182,-0.7204004620310347,4,springSST,0,0
-0.4579096441176215,4.702739584312945,-5.618558872548187,4,randTest,0,0
-0.6285971642430607,-0.36876491684788476,-0.8884294116382365,1,NCOPspring,0,1
-0.5388179400240867,-0.24591430606314776,-0.8317215739850257,1,NCOPsummerlag1,0,1
-0.029424197033185735,0.2959331330606564,-0.35478152712702776,1,BEUTI_33N,0,0
-0.5710228530274495,-0.29625114417623843,-0.8457945618786609,1,BEUTI_39N,0,1
-0.1351170895686357,0.21139380216878256,-0.4816279813060539,1,CUTI_33N,0,0
-0.547762524276769,-0.2486633494410879,-0.8468616991124501,1,CUTI_39N,0,1
-0.1730572648569238,0.4151323738861681,-0.7612469036000157,1,OC_LUSI_33N,0,0
0.1622964951219125,0.6007949927720275,-0.27620200252820243,1,OC_STI_33N,0,0
0.3140478850663656,0.7470891924672184,-0.11899342233448706,1,RREAS_Myctophids,0,0
0.35816263706524776,0.9712018026359658,-0.25487652850547016,1,RREAS_YOYsardine,0,0
-0.08711392950544444,0.5657283538052663,-0.7399562128161552,1,age1SprSardmeanWAA,0,0
0.022186764551119453,0.7669122934757624,-0.7225387643735233,1,meanSSBwt,0,0
-0.6859626220699502,-0.19760022266057614,-1.1743250214793244,1,ZM_NorCal,0,1
-0.5076731424692414,-0.09893842309476984,-0.9164078618437131,1,ZM_SoCal,0,1
0.19905806979293608,0.5091407341795411,-0.11102459459366877,1,sardRec,0,0
-0.19242388157518547,0.13305114122490486,-0.517898904375276,1,anchBioSmrySeas1,0,0
0.49308438736885696,1.0270010501207825,-0.04083227538306857,1,summerSST,0,0
0.1743281338296727,0.5112667902502658,-0.1626105225909204,1,avgOffTransspring,0,0
-0.31121273776492236,0.1020536392165807,-0.7244791147464255,1,avgOffTranssummer,0,0
-0.11651877271176143,0.1428699808514986,-0.37590752627502155,1,sprRelOffTrans,0,0
-0.06358769293528553,0.515617611921901,-0.6427929977924721,1,sumRelOffTrans,0,0
0.14062867768422882,0.7759893194697184,-0.4947319641012608,1,meanK,0,0
-0.3261149229349447,0.044558918426826084,-0.6967887642967155,1,OC_LUSI_39N,0,0
0.29032619625855094,1.07271278449562,-0.49206039197851814,1,sardSpawnHab,0,0
0.6287444786240103,0.9880282353248168,0.2694607219232039,1,sardNurseHab,0,1
0.7253601599929408,1.2137815657146103,0.23693875427127126,1,springSST,0,1
0.09853959734836933,0.6313101608367001,-0.43423096613996137,1,randTest,0,0
0.12907215140281889,0.07571984712459438,0.18242445568104337,2,NCOPspring,0,1
0.02339244734892945,0.11020608615027891,-0.06342119145242,2,NCOPsummerlag1,0,0
0.03465638469604701,0.16196588648329752,-0.0926531170912035,2,BEUTI_33N,0,0
0.180706241543276,0.10556059198663288,0.25585189109991907,2,BEUTI_39N,0,1
-0.09991309337283567,0.09828122410791344,-0.2981074108535847,2,CUTI_33N,0,0
0.07250887975202458,0.09475851781834846,0.050259241685700735,2,CUTI_39N,0,1
0.06275197636854363,0.3478993487159491,-0.22239539597886196,2,OC_LUSI_33N,0,0
-0.047063313542407614,0.1418089709918324,-0.23593559807664768,2,OC_STI_33N,0,0
-0.17371472272739893,0.043138609636325986,-0.3905680550911239,2,RREAS_Myctophids,0,0
-0.08865655927105431,0.1905114211257644,-0.36782453966787304,2,RREAS_YOYsardine,0,0
-0.18159835771062924,-0.07921841112302026,-0.28397830429823834,2,age1SprSardmeanWAA,0,1
-0.013342305908245353,0.3250927329735688,-0.3517773447900595,2,meanSSBwt,0,0
0.09086314881914917,0.26272513324977576,-0.08099883561147748,2,ZM_NorCal,0,0
-0.09954854275987776,0.04010705426367399,-0.23920413978342936,2,ZM_SoCal,0,0
0.06294939089811971,0.18500970063136493,-0.05911091883512551,2,sardRec,0,0
0.3847509742172445,0.2299779144951353,0.5395240339393537,2,anchBioSmrySeas1,0,1
-0.028054463602509072,0.22989038563345163,-0.2859993128384698,2,summerSST,0,0
-0.14726327043897236,-0.14124091857120216,-0.15328562230674264,2,avgOffTransspring,0,1
0.08254255286439463,0.2810106664689346,-0.11592556074014543,2,avgOffTranssummer,0,0
0.10215553820473278,0.08154370020324207,0.12276737620622338,2,sprRelOffTrans,0,1
-0.05984564492622209,0.2933676216003101,-0.41305891145275414,2,sumRelOffTrans,0,0
0.09369097105597825,0.4109674373944072,-0.22358549528245072,2,meanK,0,0
0.042400748757055996,0.1828183587273494,-0.09801686121323734,2,OC_LUSI_39N,0,0
0.017531348578443157,0.3866292446192484,-0.35156654746236193,2,sardSpawnHab,0,0
-0.06914379138238624,-0.04219064965916158,-0.09609693310561096,2,sardNurseHab,0,1
-0.08237694201485257,0.08603270396336218,-0.2507865879930674,2,springSST,0,0
-0.09505740827657914,0.11366493097478429,-0.30377974752794257,2,randTest,0,0
0.18006970458383667,0.1056374311163857,0.25450197805128766,3,NCOPspring,0,1
0.11066386075392783,0.10034554290790135,0.12098217859995429,3,NCOPsummerlag1,0,1
0.21895911239934934,0.49140173056065384,-0.05348350576195519,3,BEUTI_33N,0,0
0.13519768196005563,0.2745092373242964,-0.0041138734041851754,3,BEUTI_39N,0,0
0.22810625318677608,0.497445135702188,-0.04123262932863578,3,CUTI_33N,0,0
0.09212521343624056,0.28169546490928177,-0.09744503803680066,3,CUTI_39N,0,0
0.10154277357506052,1.006949358170306,-0.8038638110201848,3,OC_LUSI_33N,0,0
-0.07523227511598085,0.5440498200590336,-0.6945143702909952,3,OC_STI_33N,0,0
-0.020866015590240213,0.46765735313559076,-0.5093893843160711,3,RREAS_Myctophids,0,0
-0.015318159286678179,0.90478080968042085,-0.9354171282537773,3,RREAS_YOYsardine,0,0
0.0023934681702547506,0.8399271527350479,-0.8351402163945386,3,age1SprSardmeanWAA,0,0
-0.004339666960893232,1.0105004371639201,-1.0191797710857065,3,meanSSBwt,0,0
0.18005308465230435,0.7542680930933962,-0.39416192378878756,3,ZM_NorCal,0,0
0.09650471234962824,0.5302788476950334,-0.33726942299577684,3,ZM_SoCal,0,0
-0.2533077492180266,-0.04353250628530633,-0.4630829921507469,3,sardRec,0,1
-0.012854712889833279,0.308259199375367,-0.3339686251550335,3,anchBioSmrySeas1,0,0
-0.05191511307027233,0.6896412385478682,-0.7934714646884127,3,summerSST,0,0
-0.11923094739292574,0.30890530036303193,-0.5473671951488834,3,avgOffTransspring,0,0
0.0070689366255434,0.4993790871927403,-0.48524121394165354,3,avgOffTranssummer,0,0
0.1537182873964918,0.39375879168358424,-0.08632221689060064,3,sprRelOffTrans,0,0
0.13022795698289716,0.9769265937300298,-0.7164706797642354,3,sumRelOffTrans,0,0
0.004985131529796891,0.8306640860093106,-0.8206938229497167,3,meanK,0,0
0.14768745237914127,0.5838351835736609,-0.2884602788153783,3,OC_LUSI_39N,0,0
-0.015230918258190035,1.1446185947454692,-1.1750804312618495,3,sardSpawnHab,0,0
-0.12315955415574992,0.08831402807648764,-0.33463313638798753,3,sardNurseHab,0,0
-0.13213971759396897,0.4356796268235024,-0.6999590620114402,3,springSST,0,0
-0.1235318417419624,0.6809893835356295,-0.9280530670195544,3,randTest,0,0
-0.011223033476162755,-0.006583963851637554,-0.015862103100687957,4,NCOPspring,0,1
-0.03504856205082426,0.013012983935186944,-0.08311010803683547,4,NCOPsummerlag1,0,0
0.04704590455748134,0.16310817803530286,-0.06901636892034022,4,BEUTI_33N,0,0
0.04734939675229488,0.4672953897005175,-0.3725965961959278,4,BEUTI_39N,0,0
0.12006496848725383,0.701562728388024,-0.46143279141351634,4,CUTI_33N,0,0
0.07259694019368425,0.3509697349147187,-0.20577585452735014,4,CUTI_39N,0,0
0.41033625924123607,1.057868040666834,-0.23719552218436163,4,OC_LUSI_33N,0,0
-0.28190927312205333,0.18570290746409168,-0.7495214537081983,4,OC_STI_33N,0,0
0.2374222714319182,0.7910321144160738,-0.3161875715522373,4,RREAS_Myctophids,0,0
-0.40857861188445377,0.31016854413329736,-1.1273257679022048,4,RREAS_YOYsardine,0,0
-0.41782659635530417,0.6128197897649938,-1.4484729824756022,4,age1SprSardmeanWAA,0,0
-0.4669499399356409,0.26816665934346534,-1.202066539214747,4,meanSSBwt,0,0
0.24558276741640664,0.7022952205603086,-0.21112968572749533,4,ZM_NorCal,0,0
0.1657734910410681,0.7498638231511222,-0.418316841068986,4,ZM_SoCal,0,0
0.07119567833718052,0.62299424625857025,-0.48060288958420916,4,sardRec,0,0
0.08183625383787951,1.245165353698591,-1.0814928460228317,4,anchBioSmrySeas1,0,0
-0.31062699526298476,0.17602218519347457,-0.797276175719444,4,summerSST,0,0
-0.2035912617315978,0.3537451453617635,-0.7609276688249591,4,avgOffTransspring,0,0
-0.23965329810865882,0.1517762214833471,-0.6310828177006647,4,avgOffTranssummer,0,0
0.09475769095433607,0.4425557363724165,-0.2530403544637444,4,sprRelOffTrans,0,0
0.3790972712618306,0.9395757868061192,-0.1813812442824579,4,sumRelOffTrans,0,0
-0.3605877182914837,0.2336869336806361,-0.9548623702636037,4,meanK,0,0
0.19299706917275206,0.5430251545921354,-0.1570310162466313,4,OC_LUSI_39N,0,0
0.5469426595025747,1.4087580243308495,-0.3148727053257003,4,sardSpawnHab,0,0
-0.08356763836963926,0.23328831909460612,-0.4004235958338847,4,sardNurseHab,0,0
-0.23696968417057848,0.2160853382281221,-0.6900247065692792,4,springSST,0,0
-0.37279005146657634,0.2938479186798296,-1.0394280216129823,4,randTest,0,0
-0.6751790791798573,-0.4037034149977631,-0.9466547433619514,1,NCOPspring,0,1
-0.5697098091149052,-0.3470968646052179,-0.7923227536245926,1,NCOPsummerlag1,0,1
-0.009310116713304617,0.09186341320148937,-0.11048364662809858,1,BEUTI_33N,0,0
-0.5652864672260811,-0.5004208959980138,-0.6301520384541484,1,BEUTI_39N,0,1
-0.10385790982004584,-0.07830880558595664,-0.12940701405413496,1,CUTI_33N,0,1
-0.5188317986499978,-0.46438012503894915,-0.5732834722610466,1,CUTI_39N,0,1
-0.14454983085138384,-0.21825167629445524,-0.0708479854083125,1,OC_LUSI_33N,0,1
0.14098154613440275,0.10306075873504296,0.1789023335337626,1,OC_STI_33N,0,1
0.3279395274354148,0.3703852217853688,0.2854938330854609,1,RREAS_Myctophids,0,1
0.3360087473378583,0.25714876103426887,0.4148687336414477,1,RREAS_YOYsardine,0,1
-0.0454172388917972,0.0133897556141222,-0.10422423339771664,1,age1SprSardmeanWAA,0,0
0.0038584923509154545,-3.5433770285428316e-4,0.008071322404685222,1,meanSSBwt,0,0
-0.6609686190751876,-0.6457720237494392,-0.6761652144009358,1,ZM_NorCal,0,1
-0.4820789821376168,-0.4619518975660074,-0.5022060667092263,1,ZM_SoCal,0,1
0.16968804320658765,0.21408247250360646,0.12529361390956884,1,sardRec,0,1
-0.2392925073694624,-0.2787593608436407,-0.19982565389528414,1,anchBioSmrySeas1,0,1
0.4481126073184053,0.3921382134377711,0.5040870011990395,1,summerSST,0,1
0.19434526445532344,0.20455781254339436,0.1841327163672525,1,avgOffTransspring,0,1
-0.34479620670262495,-0.30763283426940574,-0.3819595791358442,1,avgOffTranssummer,0,1
-0.12425717424118106,-0.07533222734368443,-0.17318212113867767,1,sprRelOffTrans,0,1
0.0052214408818737346,-0.04732000404098437,0.05776288580473182,1,sumRelOffTrans,0,0
0.1648872655309887,0.2047318466191905,0.12504268444278693,1,meanK,0,1
-0.3256521963914499,-0.30024430161510296,-0.35106009116779663,1,OC_LUSI_39N,0,1
0.3042958463545159,0.2693593569293247,0.3392323357797069,1,sardSpawnHab,0,1
0.6470228052083836,0.7631298706317998,0.5309157397849673,1,sardNurseHab,0,1
0.7136001544628264,0.7090860427476318,0.7181142661780213,1,springSST,0,1
0.3190212819330284,0.4040758954117109,0.23396666845434597,1,randTest,0,1
-0.1261470935586812,-0.07542593369975556,-0.17686825341760684,2,NCOPspring,0,1
-0.009251111797449835,0.19036894671283977,-0.20887117030773944,2,NCOPsummerlag1,0,0
-0.06072971615196568,0.11196512191362726,-0.23342455421755867,2,BEUTI_33N,0,0
-0.17409703725266448,0.0681376547301307,-0.4163317292354597,2,BEUTI_39N,0,0
0.0836958025881967,0.5100715096056814,-0.3426799044292879,2,CUTI_33N,0,0
-0.05657828511125236,0.17499405199160237,-0.28815062221410703,2,CUTI_39N,0,0
-0.07161167880810351,0.3430311477255198,-0.4862545053417269,2,OC_LUSI_33N,0,0
0.05703247051772517,0.38093422811751576,-0.2668692870820653,2,OC_STI_33N,0,0
0.16578820177313663,0.4996498676253647,-0.1680734640790914,2,RREAS_Myctophids,0,0
0.0758638683842899,0.5104042459542376,-0.3586765091856578,2,RREAS_YOYsardine,0,0
0.1450544369142816,0.5288629161879131,-0.23875404235934994,2,age1SprSardmeanWAA,0,0
-2.3492938542807318e-4,0.47163790352075435,-0.4721077622916106,2,meanSSBwt,0,0
-0.07269417571442122,0.24606057431649128,-0.3914489257453337,2,ZM_NorCal,0,0
0.10055871798699102,0.42423638997059865,-0.22311895399661666,2,ZM_SoCal,0,0
-0.03883653487925511,0.3661412352789244,-0.4438143050374347,2,sardRec,0,0
-0.3691788496702565,0.20766566696081878,-0.9460233663013318,2,anchBioSmrySeas1,0,0
0.01148237684845041,0.39927613387425487,-0.37631138017735405,2,summerSST,0,0
0.16234297488354488,0.39616049871370723,-0.07147454894661742,2,avgOffTransspring,0,0
-0.07217386846573665,0.21013165528000463,-0.3544793922114779,2,avgOffTranssummer,0,0
-0.12683453522652244,0.06510046721675682,-0.31876953766980165,2,sprRelOffTrans,0,0
0.04766788167415509,0.48225625895120716,-0.38692049560289704,2,sumRelOffTrans,0,0
-0.10511307197232195,0.24713920831668865,-0.45736535226133246,2,meanK,0,0
-0.05188015648660524,0.18017321828444363,-0.28393353125765414,2,OC_LUSI_39N,0,0
-0.024504454834299527,0.4558585917470116,-0.5048675014156108,2,sardSpawnHab,0,0
0.06630917180556947,0.3153034931017856,-0.18268514949064663,2,sardNurseHab,0,0
0.07627712696929131,0.42715646818992586,-0.2746022142513431,2,springSST,0,0
0.031724395809342956,0.24091308511595066,-0.17746429349726472,2,randTest,0,0
-0.19723848735404265,-0.11793293567469827,-0.276544039033387,3,NCOPspring,0,1
-0.12664078318503835,0.003083069609136624,-0.2563646359792134,3,NCOPsummerlag1,0,0
-0.259327329956687,0.14088806588938152,-0.6595427258027555,3,BEUTI_33N,0,0
-0.16698771464466405,0.3436172668534596,-0.6775926961427876,3,BEUTI_39N,0,0
-0.26815699093288226,0.21599674638617425,-0.7523107282519387,3,CUTI_33N,0,0
-0.13890443454912482,0.3876825703453402,-0.6654914394435898,3,CUTI_39N,0,0
-0.16832647032556952,0.9219140494941365,-1.2585669901452754,3,OC_LUSI_33N,0,0
0.13040505642999092,0.9643524159254825,-0.7035423030655008,3,OC_STI_33N,0,0
0.008259979968305034,0.4895462613165104,-0.4730263013799003,3,RREAS_Myctophids,0,0
0.06848902273397812,1.153348224048821,-1.0163701785808648,3,RREAS_YOYsardine,0,0
-0.0072728915640837555,0.8014635254403976,-0.8160093085685649,3,age1SprSardmeanWAA,0,0
0.049094891501203136,1.1791202194993677,-1.0809304364969614,3,meanSSBwt,0,0
-0.23010201902717037,0.5678753820239009,-1.0280794200782415,3,ZM_NorCal,0,0
-0.14151919682323533,0.5219909242866022,-0.8050293179330728,3,ZM_SoCal,0,0
0.2822396332751644,0.6670115204023347,-0.10253225385200584,3,sardRec,0,0
0.031106206093001975,0.7220067243315403,-0.6597943121455364,3,anchBioSmrySeas1,0,0
0.1164620480161675,1.1100684022863267,-0.8771443062539916,3,summerSST,0,0
0.1421122334535921,0.7379641744505187,-0.4537397075433343,3,avgOffTransspring,0,0
0.02691564146633082,0.5961629452159245,-0.5423316622832629,3,avgOffTranssummer,0,0
-0.1790465147552735,0.2620847753391466,-0.6201778048496935,3,sprRelOffTrans,0,0
-0.21512294384622963,0.8416402594695908,-1.27188614716205,3,sumRelOffTrans,0,0
0.024779495855811018,0.8082980745068389,-0.758739082795217,3,meanK,0,0
-0.17786004242516276,0.3799838844353258,-0.7357039692856514,3,OC_LUSI_39N,0,0
-0.043274802915928764,1.1330159892457932,-1.219565595077651,3,sardSpawnHab,0,0
0.1472675127766868,0.6417088808600633,-0.34717385530668987,3,sardNurseHab,0,0
0.18647571920791894,1.0710795656765786,-0.6981281272607405,3,springSST,0,0
-0.03469916720486346,0.23589729305498108,-0.30529562746470806,3,randTest,0,0
-0.02683143922748029,-0.01604306765339403,-0.037619810801566546,4,NCOPspring,0,1
-0.09834006297308916,-0.2125786357234134,0.015898509777235087,4,NCOPsummerlag1,0,0
0.11399295255845272,-0.09233399797152331,0.3203199030884287,4,BEUTI_33N,0,0
0.1321850776494416,0.2806123339648824,-0.016242178665999224,4,BEUTI_39N,0,0
0.11971189176060962,0.08806480251774992,0.15135898100346928,4,CUTI_33N,0,1
0.16389527996621114,0.1652863293631749,0.16250423056924745,4,CUTI_39N,0,1
0.49587021050369245,0.46174441241553044,0.5299960085918545,4,OC_LUSI_33N,0,1
-0.36963679736001953,-0.38928056983518133,-0.3499930248848576,4,OC_STI_33N,0,1
0.17441123867580716,0.1113637365928459,0.23745874075876836,4,RREAS_Myctophids,0,1
-0.4613455312811927,-0.4265896288989611,-0.49610143366342424,4,RREAS_YOYsardine,0,1
-0.3191764079642875,-0.12177046889158216,-0.5165823470369928,4,age1SprSardmeanWAA,0,1
-0.5010136937454518,-0.5754101972782485,-0.4266171902126552,4,meanSSBwt,0,1
0.28918413569947465,0.24518531229657387,0.3331829591023754,4,ZM_NorCal,0,1
0.20226897407110106,0.05907421065429991,0.3454637374879022,4,ZM_SoCal,0,1
0.023732339946770473,0.07790674814052609,-0.0304420682469852,4,sardRec,0,0
0.07929020815881391,0.40230782950396315,-0.24372741318633528,4,anchBioSmrySeas1,0,0
-0.40863631648330295,-0.5002570067311135,-0.31701562623549256,4,summerSST,0,1
-0.22464930757306953,-0.07062762095206887,-0.3786709941940702,4,avgOffTransspring,0,1
-0.26667014481510837,-0.3781582347361917,-0.15518205489402503,4,avgOffTranssummer,0,1
0.137849306831572,0.19335999101683418,0.08233862264630984,4,sprRelOffTrans,0,1
0.4895961145067055,0.25282564223835907,0.7263665867750517,4,sumRelOffTrans,0,1
-0.2953806316551112,-0.45311672346699466,-0.13764453984322783,4,meanK,0,1
0.20873795071406792,0.17406868327532393,0.2434072181528119,4,OC_LUSI_39N,0,1
0.563856344565631,0.5265037621454137,0.6012089269858483,4,sardSpawnHab,0,1
-0.10986528926525983,-0.0905076567168624,-0.12922292181365727,4,sardNurseHab,0,1
-0.3230215436551881,-0.34136640816854347,-0.3046766791418326,4,springSST,0,1
0.0311476444542443,0.04529708217969,0.01699820672879862,4,randTest,0,1
-0.640512923005105,-0.37690107657208277,-0.9041247694381271,1,NCOPspring,0,1
-0.5495330522153073,-0.24469996642219455,-0.8543661380084203,1,NCOPsummerlag1,0,1
-0.027482433044383116,0.20987287599396456,-0.2648377420827308,1,BEUTI_33N,0,0
-0.5560925966746249,-0.2680746178818558,-0.844110575467394,1,BEUTI_39N,0,1
-0.10974172095578494,0.20939061611729726,-0.42887405802886713,1,CUTI_33N,0,0
-0.5140379490161671,-0.25330874608858017,-0.7747671519437539,1,CUTI_39N,0,1
-0.18990419991610336,0.19560518230934157,-0.5754135821415483,1,OC_LUSI_33N,0,0
0.18121853267403387,0.5002078468055429,-0.13777078145747498,1,OC_STI_33N,0,0
0.3092704002485853,0.5922292827483018,0.026311517748869,1,RREAS_Myctophids,0,1
0.36075587644732826,0.7382755753589529,-0.01676382246429642,1,RREAS_YOYsardine,0,0
-0.07652989532118692,0.37254465596297814,-0.525604446605352,1,age1SprSardmeanWAA,0,0
-0.013431355002100409,0.4890717293066045,-0.5159344393108054,1,meanSSBwt,0,0
-0.652618851299495,-0.3222298435377491,-0.9830078590612409,1,ZM_NorCal,0,1
-0.4838665312401269,-0.187867503085351,-0.7798655593949028,1,ZM_SoCal,0,1
0.19955781917313986,0.4873875931153763,-0.0882719547690966,1,sardRec,0,0
-0.20655166602473138,0.16658438861927394,-0.57968772066873675,1,anchBioSmrySeas1,0,0
0.48119932210221644,0.8242648314657678,0.1381338127386652,1,summerSST,0,1
0.18825301150837373,0.4466547811117664,-0.07014875809501897,1,avgOffTransspring,0,0
-0.30635494314559525,-0.039487852920233615,-0.5732220333709569,1,avgOffTranssummer,0,1
-0.1318025855644024,0.10650361412096042,-0.3701087852497652,1,sprRelOffTrans,0,0
-0.06102418348585448,0.28943658716694604,-0.41148495413865505,1,sumRelOffTrans,0,0
0.16537851764072906,0.5380196663822752,-0.20726263110081694,1,meanK,0,0
-0.3360332499356288,-0.06694539234935289,-0.6051211075219047,1,OC_LUSI_39N,0,1
0.25411227579496887,0.6784452422796027,-0.1702206906896649,1,sardSpawnHab,0,0
0.6102273672665921,0.9441472906608451,0.2763074438723393,1,sardNurseHab,0,1
0.7128882983141986,1.073767247380916,0.3520093492474815,1,springSST,0,1
0.13053779482186836,0.4198953322384943,-0.1588197425947576,1,randTest,0,0
-0.003200843177472566,-0.00188349242645679,-0.004518193928488342,2,NCOPspring,0,1
-0.103306422578877,0.04764439502448813,-0.2542572401822421,2,NCOPsummerlag1,0,0
0.07165191597678576,0.310739029952453,-0.16743519799888154,2,BEUTI_33N,0,0
0.10010628441004879,0.06212400708120944,0.13808856173888817,2,BEUTI_39N,0,1
0.07390415455586247,0.19919858919286126,-0.05139028008113633,2,CUTI_33N,0,0
0.09775469503628242,0.15016511331861174,0.04534427675395311,2,CUTI_39N,0,1
0.49999024092340083,0.5585535843631286,0.4414268974836729,2,OC_LUSI_33N,0,1
-0.38271535863954276,-0.3481887309374616,-0.41724198634162385,2,OC_STI_33N,0,1
0.16144253527537616,0.3265649362335898,-0.0036798656828373466,2,RREAS_Myctophids,0,0
-0.4391001237652838,-0.4151601645941957,-0.4630400829363718,2,RREAS_YOYsardine,0,1
-0.3803119994175851,-0.46943194476414807,-0.29119205407102206,2,age1SprSardmeanWAA,0,1
-0.5511998143145749,-0.424716676305156,-0.6776829523239938,2,meanSSBwt,0,1
0.2651435262718622,0.35853294487060294,0.17175410767312158,2,ZM_NorCal,0,1
0.18521244744671042,0.3967303703668976,-0.026305475473476725,2,ZM_SoCal,0,0
0.017811929121797195,0.07875446380582043,-0.04313060556222606,2,sardRec,0,0
0.07547345527185348,0.021789403973436816,0.12915750657027017,2,anchBioSmrySeas1,0,1
-0.3676855638965302,-0.25900609063330204,-0.4763650371597583,2,summerSST,0,1
-0.2189225942795251,-0.2907677633731049,-0.14707742518594522,2,avgOffTransspring,0,1
-0.21864757061727436,-0.0827017885683512,-0.3545933526661975,2,avgOffTranssummer,0,1
0.14728784247496407,0.14524434800812863,0.1493313369417995,2,sprRelOffTrans,0,1
0.4188884134562815,0.6569151556461633,0.18086167126639996,2,sumRelOffTrans,0,1
-0.3122127237443548,-0.10567114388897847,-0.5187543035997312,2,meanK,0,1
0.24775700002509213,0.3063759664974892,0.18913803355269496,2,OC_LUSI_39N,0,1
0.4876200343497713,0.6083629147273383,0.3668771539722043,2,sardSpawnHab,0,1
-0.16680981816896692,-0.14060996908351117,-0.1930096672544227,2,sardNurseHab,0,1
-0.3217265574071501,-0.262266010126699,-0.38118710468760125,2,springSST,0,1
-0.25905402123510557,-0.32031524408996853,-0.19779279838024266,2,randTest,0,1
-0.16980978688360543,-0.09992224854516593,-0.2396973252220449,3,NCOPspring,0,1
-0.09779591253991504,-0.08814765694548005,-0.10744416813435004,3,NCOPsummerlag1,0,1
-0.2617336572531743,-0.08833420268952337,-0.4351331118168253,3,BEUTI_33N,0,1
-0.14769148938557447,0.038146515330518375,-0.3335294941016673,3,BEUTI_39N,0,0
-0.2745056444301241,-0.12912127245895014,-0.4198900164012981,3,CUTI_33N,0,1
-0.11854914222969959,0.0645393617390117,-0.30163764619841094,3,CUTI_39N,0,0
-0.17793085415188695,0.32777479980181756,-0.6836365081055913,3,OC_LUSI_33N,0,0
0.13373228739098994,0.5284210282517001,-0.2609564534697203,3,OC_STI_33N,0,0
-0.009312772135924303,0.18845463715809332,-0.20708018142994192,3,RREAS_Myctophids,0,0
0.06607413007826785,0.5164412870468849,-0.384293026890349,3,RREAS_YOYsardine,0,0
0.0056880938955421265,0.39466954671690946,-0.38329335892582533,3,age1SprSardmeanWAA,0,0
0.06218273407015612,0.610313529280236,-0.48594806113992384,3,meanSSBwt,0,0
-0.20866536633661698,0.1350812884493362,-0.55241202112257,3,ZM_NorCal,0,0
-0.11943605124200138,0.17597339209137144,-0.4148454945753743,3,ZM_SoCal,0,0
0.26531720570020034,0.3563622545112078,0.17427215688919293,3,sardRec,0,1
0.020614938572082093,0.22908080375981604,-0.18785092661565186,3,anchBioSmrySeas1,0,0
0.09553649939766912,0.5054990998285039,-0.3144261010331658,3,summerSST,0,0
0.1457165026864699,0.41285652625493297,-0.1214235208819931,3,avgOffTransspring,0,0
0.04106813543667672,0.26274513113281256,-0.18060886025945908,3,avgOffTranssummer,0,0
-0.18248991811546006,0.029820781307685323,-0.39480061753860546,3,sprRelOffTrans,0,0
-0.21603321215260055,0.2193631606849868,-0.6514295849901879,3,sumRelOffTrans,0,0
0.0218754409542322,0.39305634223948566,-0.3493054603310213,3,meanK,0,0
-0.17681165880863628,0.11686700840695292,-0.4704903260242255,3,OC_LUSI_39N,0,0
-0.08621798783958698,0.3818137382266843,-0.5542497139058583,3,sardSpawnHab,0,0
0.1152485980352724,0.36679914844129047,-0.13630195237074572,3,sardNurseHab,0,0
0.1628728372842692,0.5555586898849374,-0.2298130153163989,3,springSST,0,0
-0.06019493130693284,0.19056211511764373,-0.31095197773150945,3,randTest,0,0
0.1505394057617432,0.0885828561146305,0.21249595540885594,4,NCOPspring,0,1
0.032796638116685414,0.10433774593202608,-0.03874446969865525,4,NCOPsummerlag1,0,0
0.04671938547786225,0.24788421275981146,-0.154445441804087,4,BEUTI_33N,0,0
0.18106526804200648,0.5183897785892031,-0.1562592425051902,4,BEUTI_39N,0,0
-0.1109238116429479,0.3535992487434406,-0.5754468720293364,4,CUTI_33N,0,0
0.050741054657281334,0.33999968943044623,-0.23851758011588348,4,CUTI_39N,0,0
0.06242357433472656,0.881668319341965,-0.7568211706725118,4,OC_LUSI_33N,0,0
-0.05843092524919405,0.5818335631775438,-0.6986954136759317,4,OC_STI_33N,0,0
-0.19238560841809282,0.19565084321902687,-0.5804220600552126,4,RREAS_Myctophids,0,0
-0.06642242640481594,0.7169455328768436,-0.8497903856864755,4,RREAS_YOYsardine,0,0
-0.12753732127213363,0.5553765877265865,-0.810451230270854,4,age1SprSardmeanWAA,0,0
0.02388533420398667,0.9363486106344847,-0.8885779422265114,4,meanSSBwt,0,0
0.06846880560835125,0.6013299391735563,-0.4643923279568537,4,ZM_NorCal,0,0
-0.09825149159829713,0.3657473344265087,-0.5622503176231028,4,ZM_SoCal,0,0
0.018716646700807263,0.3780782022550657,-0.34064490885345117,4,sardRec,0,0
0.3622538034996782,1.0198654768919506,-0.29535786989259427,4,anchBioSmrySeas1,0,0
-0.015452417204777913,0.6648909828206572,-0.695795817230213,4,summerSST,0,0
-0.15373090098912454,0.26548624849666275,-0.5729480504749118,4,avgOffTransspring,0,0
0.09828883859176388,0.46924828257192547,-0.2726706053883977,4,avgOffTranssummer,0,0
0.12715269289823677,0.4550366904061401,-0.20073130460966657,4,sprRelOffTrans,0,0
-0.06837348337745758,0.6225036072187835,-0.7592505739736988,4,sumRelOffTrans,0,0
0.11160652082987764,0.7040389262936491,-0.48082588463389386,4,meanK,0,0
0.059946489913802234,0.5141079737707823,-0.3942149939431779,4,OC_LUSI_39N,0,0
-0.03588169352495846,0.7265026695739841,-0.798266056623901,4,sardSpawnHab,0,0
-0.0922437249904049,0.3202453367564106,-0.5047327867372203,4,sardNurseHab,0,0
-0.08871968741612726,0.5472376712724636,-0.7246770461047182,4,springSST,0,0
-0.08577914048121545,0.44107018982202006,-0.6126284707844509,4,randTest,0,0
-0.5698517952544345,-0.34060676277948065,-0.7990968277293883,1,NCOPspring,0,1
-0.4536480837860541,-0.22156836194120122,-0.685727805630907,1,NCOPsummerlag1,0,1
-0.22125187619648262,0.30259337035699846,-0.7450971227499636,1,BEUTI_33N,0,0
-0.5753351395766104,0.07207743716268206,-1.2227477163159028,1,BEUTI_39N,0,0
-0.3666182760296356,0.030836370670905444,-0.7640729227301767,1,CUTI_33N,0,0
-0.6085456988676246,0.24557891945908666,-1.4626703171943358,1,CUTI_39N,0,0
-0.17766620919225212,3.1680275141132404,-3.5233599324977445,1,OC_LUSI_33N,0,0
0.11780317510924397,3.1290485009574,-2.8934421507389128,1,OC_STI_33N,0,0
0.08278074353198547,0.4531694999578128,-0.2876080128938417,1,RREAS_Myctophids,0,0
0.43348099960531655,1.419730612214608,-0.5527686130039747,1,RREAS_YOYsardine,0,0
-0.13808005675112517,1.6085019224728705,-1.884662035975121,1,age1SprSardmeanWAA,0,0
-0.06088800222268233,4.095224443496797,-4.217000447942162,1,meanSSBwt,0,0
-0.6910830236156078,0.4957905327499587,-1.8779565799811744,1,ZM_NorCal,0,0
-0.5441963619055604,0.5071220010634543,-1.5955147248745751,1,ZM_SoCal,0,0
0.24043553770342857,1.3162475860062048,-0.8353765105993476,1,sardRec,0,0
-0.09373470521812785,0.6841606302309722,-0.8716300406672278,1,anchBioSmrySeas1,0,0
0.5826105603303495,1.361649409524116,-0.19642828886341696,1,summerSST,0,0
0.2596141804203152,0.871073587695546,-0.35184522685491554,1,avgOffTransspring,0,0
-0.010945107199957567,0.9118264593327998,-0.9337166737327149,1,avgOffTranssummer,0,0
-0.12605104740626363,1.2391034958709297,-1.491205590683457,1,sprRelOffTrans,0,0
-0.36869093253861823,0.732735896301766,-1.4701177613790026,1,sumRelOffTrans,0,0
0.18729602033194,2.012060591017689,-1.637468550353809,1,meanK,0,0
-0.3350285495916335,1.4081720304914964,-2.0782291296747633,1,OC_LUSI_39N,0,0
-0.12053977214015309,0.6799249329434646,-0.9210044772237709,1,sardSpawnHab,0,0
0.46172845226999715,2.2668871761380602,-1.3434302715980655,1,sardNurseHab,0,0
0.7079371237963158,2.0144298675726398,-0.598555619980008,1,springSST,0,0
-0.16234099412733402,2.338977360715007,-2.663659348969675,1,randTest,0,0
-0.14479933945650922,-0.08654817739561194,-0.20305050151740647,2,NCOPspring,0,1
-0.019206529997488425,0.20078625341974893,-0.23919931341472578,2,NCOPsummerlag1,0,0
-0.27062689954304675,-0.3138905940445721,-0.22736320504152152,2,BEUTI_33N,0,1
-0.19478622747170748,-0.14679667335332755,-0.24277578159008745,2,BEUTI_39N,0,1
-0.16471986933037863,0.013366413413875247,-0.3428061520746325,2,CUTI_33N,0,0
-0.11534016833659606,0.07023531957062318,-0.30091565624381544,2,CUTI_39N,0,0
-0.0280922702252352,-1.3828476230352547,1.3266630825847838,2,OC_LUSI_33N,0,0
-0.003338713815390623,-1.1474894973010907,1.14081206967031,2,OC_STI_33N,0,0
0.033711982526825515,0.6315217652493645,-0.5640978001957134,2,RREAS_Myctophids,0,0
0.04265926817570514,0.14885039701022182,-0.06353186065881139,2,RREAS_YOYsardine,0,0
0.012944011721717944,-0.5467570340832337,0.5726450575266697,2,age1SprSardmeanWAA,0,0
-0.12911151135209134,-1.8600941719802804,1.601871149276098,2,meanSSBwt,0,0
-0.10134674846669096,-0.38926187562740744,0.18656837869402557,2,ZM_NorCal,0,0
0.035768268958395556,-0.20763605619411107,0.2791725941109023,2,ZM_SoCal,0,0
0.13244185458682353,0.041636853641225935,0.22324685553242102,2,sardRec,0,1
-0.19727787535349933,-0.4199165328212533,0.02536078211425468,2,anchBioSmrySeas1,0,0
0.03362032046147509,0.4019461569942946,-0.33470551607134424,2,summerSST,0,0
0.19397593413398634,0.11280588098362847,0.27514598728434425,2,avgOffTransspring,0,1
0.09952007153751671,0.5999378173678456,-0.4008976742928123,2,avgOffTranssummer,0,0
-0.15632908202382298,-0.45286084897313783,0.1402026849254916,2,sprRelOffTrans,0,0
-0.15854377975253173,0.0818650611445674,-0.3989526206496311,2,sumRelOffTrans,0,0
-0.15388642800724014,-0.7873624007282977,0.47958954471381743,2,meanK,0,0
-0.06805535726497886,-0.7122513776664025,0.5761406631364451,2,OC_LUSI_39N,0,0
-0.15390617799996545,0.5890280509172435,-0.8968404069171744,2,sardSpawnHab,0,0
-0.022658049466264832,-0.5595431022625974,0.5142270033300675,2,sardNurseHab,0,0
0.05550012957062428,-0.2767434393157566,0.387743698457005,2,springSST,0,0
-0.15402227492412712,-1.0210479401988524,0.7130033903505972,2,randTest,0,0
0.3045462773685096,0.18203070081531458,0.4270618539217046,3,NCOPspring,0,1
0.3058994677007161,0.2882315618350222,0.32356737356641,3,NCOPsummerlag1,0,1
-0.1320173662361145,0.28485193763595373,-0.5488866701081827,3,BEUTI_33N,0,0
0.063351491568225,0.5163680517743866,-0.38966506863793654,3,BEUTI_39N,0,0
-0.07670056198925602,0.08218694553546288,-0.23558806951397496,3,CUTI_33N,0,0
-0.035674965637235864,0.5760450420342637,-0.6473949733087354,3,CUTI_39N,0,0
0.045599845139334766,4.485490964277989,-4.394291273999319,3,OC_LUSI_33N,0,0
-0.13710468140509374,3.767370780096697,-4.041580142906885,3,OC_STI_33N,0,0
-0.46580740914395596,-0.5028690048480602,-0.42874581343985185,3,RREAS_Myctophids,0,1
0.24228338390410376,1.029177350810209,-0.5446105830020013,3,RREAS_YOYsardine,0,0
0.3434070014725557,2.347108892284218,-1.6602948893391072,3,age1SprSardmeanWAA,0,0
0.19147211390078311,5.712924559931099,-5.329980332129533,3,meanSSBwt,0,0
0.13774773701112103,1.349759521528731,-1.0742640475064889,3,ZM_NorCal,0,0
0.1692033542788115,1.2029433497240611,-0.8645366411664381,3,ZM_SoCal,0,0
-0.3048069988885918,0.7692255748104311,-1.3788395725876144,3,sardRec,0,0
-0.01683047618191758,0.7714233067312641,-0.8050842590950993,3,anchBioSmrySeas1,0,0
0.19206680990809913,0.6135116676230719,-0.22937804780687354,3,summerSST,0,0
0.10715261083869299,0.6492555078858695,-0.4349502862084835,3,avgOffTransspring,0,0
0.6581374279574403,1.2237249594897226,0.0925498964251581,3,avgOffTranssummer,0,1
0.15905877388616058,1.672150318197297,-1.354032770424976,3,sprRelOffTrans,0,0
-0.4959594679682942,0.33369418738943646,-1.3256131233260247,3,sumRelOffTrans,0,0
-0.009537088566356919,2.1153676500494987,-2.1344418271822128,3,meanK,0,0
0.16936827071980848,2.378908988566875,-2.040172447127258,3,OC_LUSI_39N,0,0
-0.7389744853539435,-0.4847586332917545,-0.9931903374161325,3,sardSpawnHab,0,1
-0.43409225570569887,1.6834205399325595,-2.5516050513439574,3,sardNurseHab,0,0
-0.15254579287180609,1.2015061350954104,-1.5065977208390224,3,springSST,0,0
-0.1486317584052017,2.9815723194987034,-3.2788358363091064,3,randTest,0,0
0.05346648686153724,0.03195751449544656,0.07497545922762792,4,NCOPspring,0,1
0.048726411975732506,0.037281275435152285,0.06017154851631272,4,NCOPsummerlag1,0,1
-0.01633964003547042,0.09796923750832946,-0.1306485175792703,4,BEUTI_33N,0,0
-0.07798239790205275,1.167871880022089,-1.3238366758261946,4,BEUTI_39N,0,0
-0.0023618850983263343,1.0450654052660395,-1.0497891754626922,4,CUTI_33N,0,0
-0.16098229317575113,2.401015120883696,-2.7229797072351984,4,CUTI_39N,0,0
0.6826928949820608,2.7807742000110958,-1.4153884100469742,4,OC_LUSI_33N,0,0
-0.6331353182312703,1.7657773839714692,-3.0320480204340097,4,OC_STI_33N,0,0
-0.10122291782344231,2.3554904723561068,-2.5579363080029918,4,RREAS_Myctophids,0,0
-0.11699494124966481,2.772389034186387,-3.006378916685717,4,RREAS_YOYsardine,0,0
-0.2591920654605891,1.018838547142395,-1.5372226780635734,4,age1SprSardmeanWAA,0,0
-0.7775087930414927,1.1028957128875834,-2.657913298970569,4,meanSSBwt,0,0
0.23065609593531936,1.8105518911910932,-1.3492396993204545,4,ZM_NorCal,0,0
0.20576495869680442,1.8116461515630498,-1.4001162341694409,4,ZM_SoCal,0,0
-0.27100082714278495,1.8797852087583664,-2.421786863043936,4,sardRec,0,0
-0.1195833279834139,0.6257623108302133,-0.8649289667970411,4,anchBioSmrySeas1,0,0
-0.07254109900483043,3.219954004861722,-3.3650362028713823,4,summerSST,0,0
-0.06945139863014414,0.5118291173652996,-0.6507319146255878,4,avgOffTransspring,0,0
0.2495814447019436,3.6499575980147214,-3.1507947086108343,4,avgOffTranssummer,0,0
0.3131732290974778,2.5301117063866103,-1.9037652481916547,4,sprRelOffTrans,0,0
0.07764780148928035,3.400692470987911,-3.2453968680093506,4,sumRelOffTrans,0,0
-0.33151069461585636,1.3779811795677195,-2.041002568799432,4,meanK,0,0
0.3710867044348258,1.5323154788775732,-0.7901420700079216,4,OC_LUSI_39N,0,0
-0.09714256429525323,3.608732171807485,-3.803017300397991,4,sardSpawnHab,0,0
-0.4074253113573756,1.099119589308818,-1.9139702120235689,4,sardNurseHab,0,0
-0.25649245279821564,1.5855585118946487,-2.09854341749108,4,springSST,0,0
-0.519819745651187,1.819464719606982,-2.859104210909356,4,randTest,0,0
-0.6382459344204011,-0.3731024752381323,-0.90338939360267,1,NCOPspring,0,1
-0.5541947552741784,-0.24893427058182116,-0.8594552399665356,1,NCOPsummerlag1,0,1
-0.03020591518879632,0.27425461530523976,-0.3346664456828324,1,BEUTI_33N,0,0
-0.5843648970872946,-0.19386553672988802,-0.974864257444701,1,BEUTI_39N,0,1
-0.08355470283155361,0.3301831550339385,-0.49729256069704575,1,CUTI_33N,0,0
-0.5378335542095348,-0.16086562575956817,-0.9148014826595016,1,CUTI_39N,0,1
-0.15976037476263852,0.4594720374873217,-0.7789927870125988,1,OC_LUSI_33N,0,0
0.16130811627125838,0.6482166178652284,-0.3256003853227116,1,OC_STI_33N,0,0
0.3508209095736157,0.7582148637432176,-0.05657304459598616,1,RREAS_Myctophids,0,0
0.3461119186189454,0.9730184791794274,-0.2807946419415366,1,RREAS_YOYsardine,0,0
-0.003352332716191283,0.5688260687189148,-0.5755307341512974,1,age1SprSardmeanWAA,0,0
0.03704382901432364,0.7649247092139536,-0.6908370511853064,1,meanSSBwt,0,0
-0.6588929712730108,-0.15022207940391907,-1.1675638631421024,1,ZM_NorCal,0,1
-0.5021910659587104,-0.06417995949463577,-0.9402021724227851,1,ZM_SoCal,0,1
0.1909190224123325,0.5396468284570373,-0.15780878363237233,1,sardRec,0,0
-0.21883917402178932,0.28567491625133945,-0.7233532642949182,1,anchBioSmrySeas1,0,0
0.4806000547859943,1.0500084544923194,-0.08880834492033078,1,summerSST,0,0
0.18864675714114895,0.5641488624588831,-0.18685534817658514,1,avgOffTransspring,0,0
-0.31830306459668756,0.049783306101220726,-0.6863894352945958,1,avgOffTranssummer,0,0
-0.13156031057181772,0.18193739129167086,-0.44505801243530624,1,sprRelOffTrans,0,0
-0.03513812583061257,0.5390636889807179,-0.6093399406419431,1,sumRelOffTrans,0,0
0.14940795791379918,0.7106941527884263,-0.411878236960828,1,meanK,0,0
-0.3036836545833187,0.07658989372789737,-0.6839572028945349,1,OC_LUSI_39N,0,0
0.29960432433390893,1.0154165439175975,-0.4162078952497795,1,sardSpawnHab,0,0
0.6269868163868499,1.0584770880395704,0.19549654473412914,1,sardNurseHab,0,1
0.7138077773771435,1.2724192433449493,0.15519631140933787,1,springSST,0,1
-0.1384850100246038,0.17688361144626755,-0.4538536314954752,1,randTest,0,0
0.1376450028056728,0.08046379691802175,0.19482620869332384,2,NCOPspring,0,1
0.0181216523085045,0.11267033482478311,-0.07642703020777411,2,NCOPsummerlag1,0,0
0.07506602388848321,0.1511665875937592,-0.0010345398167927386,2,BEUTI_33N,0,0
0.20643467491670422,0.4482948300320303,-0.03542548019862185,2,BEUTI_39N,0,0
-0.09135045331864676,0.23526986791066468,-0.41797077454795817,2,CUTI_33N,0,0
0.08588730795943723,0.285004676622046,-0.11323006070317154,2,CUTI_39N,0,0
0.11552347602944127,0.5276799230848893,-0.29663297102600666,2,OC_LUSI_33N,0,0
-0.09961182186299858,0.21887974682536304,-0.4181033905513602,2,OC_STI_33N,0,0
-0.18177153355770317,0.06168934584146855,-0.42523241295687486,2,RREAS_Myctophids,0,0
-0.11580418280076663,0.3476328470719734,-0.5792412126735066,2,RREAS_YOYsardine,0,0
-0.17397092383885737,0.19949795958645306,-0.547439807264168,2,age1SprSardmeanWAA,0,0
-0.05113181884708087,0.4056619414049478,-0.5079255790991096,2,meanSSBwt,0,0
0.10606153889766759,0.389941616748059,-0.17781853895272387,2,ZM_NorCal,0,0
-0.060502706893752894,0.1519563945217544,-0.2729618083092602,2,ZM_SoCal,0,0
0.021118646026263035,0.33537783958310946,-0.2931405475305835,2,sardRec,0,0
0.36940275554854607,0.8627827186148702,-0.1239772075177783,2,anchBioSmrySeas1,0,0
-0.05969654429961596,0.3221910376794777,-0.44158412627870947,2,summerSST,0,0
-0.18168534989208124,0.04477010401163087,-0.4081408037957934,2,avgOffTransspring,0,0
0.061481516945144685,0.24844580122589865,-0.1254827673356093,2,avgOffTranssummer,0,0
0.15049596621584638,0.31043751180795676,-0.009445579376264057,2,sprRelOffTrans,0,0
-0.00594497713075548,0.3275192129024036,-0.3394091671639146,2,sumRelOffTrans,0,0
0.0894306356875091,0.3827693789916908,-0.20390810761667258,2,meanK,0,0
0.06790745034685942,0.2669612500056181,-0.1311463493118993,2,OC_LUSI_39N,0,0
0.03053884320709735,0.47251509890256727,-0.41143741248837257,2,sardSpawnHab,0,0
-0.0975168397513531,0.11608370703118737,-0.31111738653389354,2,sardNurseHab,0,0
-0.12072740140514254,0.22634056159755936,-0.46779536440784447,2,springSST,0,0
0.0579904901363017,0.22203702624404353,-0.10605604597144018,2,randTest,0,0
0.16889835074916432,0.09873371584478233,0.2390629856535463,3,NCOPspring,0,1
0.10128526812930741,0.09226839818346619,0.11030213807514866,3,NCOPsummerlag1,0,1
0.2316762752916595,0.45751783340573154,0.005834717177587406,3,BEUTI_33N,0,1
0.12981607387988622,0.38477563835084866,-0.12514349059107632,3,BEUTI_39N,0,0
0.2578963126095182,0.6157771466123264,-0.09998452139329009,3,CUTI_33N,0,0
0.10149947551532414,0.4081578534995297,-0.20515890246888147,3,CUTI_39N,0,0
0.13296480699890212,0.9105630246327959,-0.6446334106349916,3,OC_LUSI_33N,0,0
-0.09427858004341866,0.47853264025484826,-0.6670898003416855,3,OC_STI_33N,0,0
0.007811327096287582,0.39654927406647783,-0.3809266198739026,3,RREAS_Myctophids,0,0
-0.03643469211791105,0.722496865001608,-0.7953662492374302,3,RREAS_YOYsardine,0,0
0.012752696528751948,0.4521718053953321,-0.4266664123378282,3,age1SprSardmeanWAA,0,0
-0.03546530343515643,0.7713720799712849,-0.8423026868415978,3,meanSSBwt,0,0
0.18616505093305424,0.7305059407608779,-0.3581758388947695,3,ZM_NorCal,0,0
0.10067659486504105,0.5889381510859647,-0.38758496135588266,3,ZM_SoCal,0,0
-0.25115120922005735,-0.05759562741333356,-0.444706791026781,3,sardRec,0,1
-0.01914780425230258,0.4039863510760979,-0.44228195958070304,3,anchBioSmrySeas1,0,0
-0.07045419534124811,0.632836898810012,-0.7737452894925083,3,summerSST,0,0
-0.12036630509974028,0.22150772783677564,-0.46224033803625614,3,avgOffTransspring,0,0
-0.015622519873084283,0.3321439335401482,-0.36338897328631675,3,avgOffTranssummer,0,0
0.1505146183362205,0.39459805879582055,-0.09356882212337944,3,sprRelOffTrans,0,0
0.17032527924547117,0.920541417853039,-0.5798908593620967,3,sumRelOffTrans,0,0
-0.01936283052175791,0.6097262724278126,-0.6484519334713283,3,meanK,0,0
0.15828666966332228,0.5580987336948726,-0.24152539436822798,3,OC_LUSI_39N,0,0
0.053204135356209,0.8843625391811013,-0.7779542684686834,3,sardSpawnHab,0,0
-0.10999445520822586,0.19482809985774058,-0.4148170102741924,3,sardNurseHab,0,0
-0.14001593621286865,0.4756697392163659,-0.7557016116421031,3,springSST,0,0
-0.07508065679379416,0.21561613776029037,-0.36577745134787876,3,randTest,0,0
0.015007131096135051,0.00877279032458833,0.02124147186768177,4,NCOPspring,0,1
0.09605566324789158,-0.04244424277736017,0.2345555692731433,4,NCOPsummerlag1,0,0
-0.07383641235211548,-0.2202541675962399,0.07258134289200893,4,BEUTI_33N,0,0
-0.10558955860959632,0.08607996364109866,-0.2972590808602913,4,BEUTI_39N,0,0
-0.1207648092776536,-0.10687220419590196,-0.1346574143594052,4,CUTI_33N,0,1
-0.14072661137255169,-0.046632491470751006,-0.23482073127435238,4,CUTI_39N,0,1
-0.482842427733602,-0.25458927183049396,-0.71109558363671,4,OC_LUSI_33N,0,1
0.35389549920110464,0.543973314540523,0.16381768386168616,4,OC_STI_33N,0,1
-0.1887447037931006,-0.22952005101955317,-0.147969356566648,4,RREAS_Myctophids,0,1
0.44772413257729937,0.7164236744733687,0.1790245906812302,4,RREAS_YOYsardine,0,1
0.28962096925994574,0.5856768295484063,-0.0064348910285148,4,age1SprSardmeanWAA,0,0
0.499681267641944,0.6863460798304435,0.31301645545344436,4,meanSSBwt,0,1
-0.2786980364039935,-0.1599335941005122,-0.39746247870747475,4,ZM_NorCal,0,1
-0.19135939798738652,-0.23560542165890108,-0.14711337431587188,4,ZM_SoCal,0,1
-0.038647653076626855,0.03741756776223423,-0.11471287391548796,4,sardRec,0,0
-0.08868437707867828,0.24478449713997846,-0.42215325129733494,4,anchBioSmrySeas1,0,0
0.380140311318357,0.531277759175156,0.22900286346155813,4,summerSST,0,1
0.20579196892674453,0.4382201702410007,-0.026636232387511616,4,avgOffTransspring,0,0
0.22300830289582552,0.2112959071588889,0.23472069863276213,4,avgOffTranssummer,0,1
-0.11605413196928781,-5.80673134921772e-4,-0.23152759080365384,4,sprRelOffTrans,0,1
-0.4411272839787339,-0.42181254004664187,-0.46044202791082584,4,sumRelOffTrans,0,1
0.3205371707983897,0.2944190030908954,0.34665533850588404,4,meanK,0,1
-0.21919644935617616,-0.1523530272574004,-0.2860398714549519,4,OC_LUSI_39N,0,1
-0.5486157280363355,-0.3848414857012713,-0.7123899703713995,4,sardSpawnHab,0,1
0.12798507439221243,0.22440060874985018,0.031569540034574683,4,sardNurseHab,0,1
0.31924727502055256,0.49668981389156563,0.1418047361495394,4,springSST,0,1
0.16061877281755843,0.13550027340220222,0.18573727223291459,4,randTest,0,1
-0.5821238988811915,-0.34221332886587685,-0.8220344688965062,1,NCOPspring,0,1
-0.5412318385611625,-0.39546252129511866,-0.6870011558272066,1,NCOPsummerlag1,0,1
0.007960142494079697,0.0188883633180108,-0.0029680783298514646,1,BEUTI_33N,0,0
-0.4363519375214261,-0.284773769985921,-0.5879301050569313,1,BEUTI_39N,0,1
-0.028908112924809874,-0.008916003721225724,-0.04890022212839401,1,CUTI_33N,0,1
-0.3945859531783579,-0.311772497218593,-0.47739940913812273,1,CUTI_39N,0,1
0.03452697934807032,0.036020856654465055,0.0330331020416757,1,OC_LUSI_33N,0,1
0.0012289382703178503,0.019410963753007708,-0.01695308721237196,1,OC_STI_33N,0,0
0.3692290160425476,0.3845897608224482,0.35386827126264686,1,RREAS_Myctophids,0,1
0.10109797025840907,0.11531541710534085,0.08688052341147726,1,RREAS_YOYsardine,0,1
-0.08115723865708274,0.11706032568673862,-0.27937480300090406,1,age1SprSardmeanWAA,0,0
-0.17253213585712524,-0.13600042134453622,-0.20906385036971425,1,meanSSBwt,0,1
-0.43935322492326606,-0.40696971419677813,-0.471736735649754,1,ZM_NorCal,0,1
-0.3053149277522056,-0.3518047012051301,-0.25882515429928127,1,ZM_SoCal,0,1
0.18298919826237153,0.27611009212566834,0.08986830439907467,1,sardRec,0,1
-0.17129658059981712,-0.02563402861016842,-0.31695913258946573,1,anchBioSmrySeas1,0,1
0.25536387700089436,0.23684995011752882,0.27387780388425975,1,summerSST,0,1
0.06207627175513683,0.16843498542779056,-0.044282441917516915,1,avgOffTransspring,0,0
-0.3884450871969259,-0.38119221290427835,-0.3956979614895734,1,avgOffTranssummer,0,1
-0.03416004192214813,0.04678077239787564,-0.11510085624217185,1,sprRelOffTrans,0,0
0.1641969368874443,0.07386328138465485,0.2545305923902336,1,sumRelOffTrans,0,1
0.033514518484653755,0.030475142452738413,0.036553894516569124,1,meanK,0,1
-0.19737146103473602,-0.1605367373581931,-0.23420618471127885,1,OC_LUSI_39N,0,1
0.5586598420691109,0.5775264528927644,0.5397932312454574,1,sardSpawnHab,0,1
0.5166830227886308,0.648817203094461,0.3845488424828007,1,sardNurseHab,0,1
0.46892112725784474,0.5038592884860064,0.433982966029683,1,springSST,0,1
0.2362319981153969,0.306671091879743,0.1657929043510508,1,randTest,0,1
-0.11785261999407427,-0.06928205057591812,-0.16642318941223044,2,NCOPspring,0,1
0.006367445758840157,0.22047769219383714,-0.2077428006761568,2,NCOPsummerlag1,0,0
-0.06731059426301696,0.09472111794214394,-0.22934230646817785,2,BEUTI_33N,0,0
-0.2109334553372794,0.02729370889163016,-0.44916061956618897,2,BEUTI_39N,0,0
0.06807875895784726,0.42764815829875835,-0.2914906403830638,2,CUTI_33N,0,0
-0.10838971355683265,0.11911786810001444,-0.3358972952136798,2,CUTI_39N,0,0
-0.16587240968863043,0.17641464341718915,-0.5081594627944499,2,OC_LUSI_33N,0,0
0.125982616702118,0.39591684607367267,-0.14395161266943662,2,OC_STI_33N,0,0
0.14184058790109044,0.4383409541094569,-0.1546597783072759,2,RREAS_Myctophids,0,0
0.176820466529146,0.5829681001154078,-0.2293271670571158,2,RREAS_YOYsardine,0,0
0.21982132496621004,0.5834977737339839,-0.14385512380156382,2,age1SprSardmeanWAA,0,0
0.11253709462925884,0.5463040894980533,-0.3212299002395356,2,meanSSBwt,0,0
-0.13221261892934086,0.16177555340050895,-0.42620079125919064,2,ZM_NorCal,0,0
0.06142958789199926,0.3412653521319115,-0.2184061763479129,2,ZM_SoCal,0,0
-0.05361269621228347,0.3134307634346185,-0.4206561558591855,2,sardRec,0,0
-0.38717943439078617,0.11910050127931687,-0.8934593700608893,2,anchBioSmrySeas1,0,0
0.10961775526197326,0.46606822825886396,-0.24683271773491747,2,summerSST,0,0
0.19138536828142977,0.39040931246394855,-0.007638575901089156,2,avgOffTransspring,0,0
-0.029832950346155164,0.21046900520688172,-0.270134905899192,2,avgOffTranssummer,0,0
-0.13554553353396295,0.035762624762783427,-0.3068536918307093,2,sprRelOffTrans,0,0
-0.04389393312230788,0.3114941110496293,-0.39928197729424514,2,sumRelOffTrans,0,0
-0.03667917691031669,0.2828316731296781,-0.35619002695031154,2,meanK,0,0
-0.08641790609859497,0.1138333488965467,-0.2866691610937366,2,OC_LUSI_39N,0,0
-0.13938350599299884,0.326462601661309,-0.6052296136473067,2,sardSpawnHab,0,0
0.09115600936285423,0.32899469361544287,-0.1466826748897345,2,sardNurseHab,0,0
0.1529913431674036,0.4873863153445132,-0.18140362900970602,2,springSST,0,0
-0.02776498114241223,0.13463502007837116,-0.19016498236319565,2,randTest,0,0
-0.23747893125850633,-0.13960680150338692,-0.3353510610136258,3,NCOPspring,0,1
-0.15234590652762492,0.016106985910956495,-0.3207987989662064,3,NCOPsummerlag1,0,0
-0.25937084871457783,0.13179514169491732,-0.650536839124073,3,BEUTI_33N,0,0
-0.19904528708792724,0.2812232107643032,-0.6793137849401577,3,BEUTI_39N,0,0
-0.27358708999103315,0.24317840216334352,-0.7903525821454098,3,CUTI_33N,0,0
-0.15656166283259745,0.3628243342270466,-0.6759476598922415,3,CUTI_39N,0,0
-0.1830252612469484,0.7753410096651475,-1.1413915321590444,3,OC_LUSI_33N,0,0
0.14290228321731988,0.8778908764303808,-0.5920863099957412,3,OC_STI_33N,0,0
0.017543010368786006,0.5355248299443749,-0.5004388092068028,3,RREAS_Myctophids,0,0
0.09982075640320279,1.1249464381854208,-0.9253049253790152,3,RREAS_YOYsardine,0,0
0.007530706310092179,0.6795875305908979,-0.6645261179707136,3,age1SprSardmeanWAA,0,0
0.05960427096471246,1.1307185925676333,-1.0115100506382082,3,meanSSBwt,0,0
-0.2639938018372927,0.5222204422153395,-1.0502080458899248,3,ZM_NorCal,0,0
-0.15811467517749597,0.5593662781658989,-0.8755956285208908,3,ZM_SoCal,0,0
0.27758834700906443,0.6431346380659255,-0.08795794404779667,3,sardRec,0,0
-0.006072594964854067,0.6340835505897986,-0.6462287405195067,3,anchBioSmrySeas1,0,0
0.13507043031373261,1.0704183031517012,-0.8002774425242358,3,summerSST,0,0
0.1695288970798186,0.6977779266585361,-0.35872013249889895,3,avgOffTransspring,0,0
0.01845651022234071,0.5637841276832676,-0.5268711072385862,3,avgOffTranssummer,0,0
-0.19933893499729233,0.214513884566379,-0.6131917545609638,3,sprRelOffTrans,0,0
-0.2215962681728278,0.7772287023883244,-1.22042123873398,3,sumRelOffTrans,0,0
0.030283421613464374,0.8193383151961067,-0.758771471969178,3,meanK,0,0
-0.19984632580429978,0.3223799029797098,-0.7220725545883094,3,OC_LUSI_39N,0,0
-0.043336766785879506,1.168749739276006,-1.2554232728477648,3,sardSpawnHab,0,0
0.18391066427634042,0.6644936576935496,-0.2966723291408689,3,sardNurseHab,0,0
0.2255567931967868,1.0974705307498855,-0.6463569443563123,3,springSST,0,0
-0.03416084684085004,0.29409520456351784,-0.3624168982452179,3,randTest,0,0
0.24264190333286753,0.14264195924867873,0.34264184741705633,4,NCOPspring,0,1
0.16101287421051177,-0.0025764541298846783,0.32460220255090827,4,NCOPsummerlag1,0,0
0.06433028686197365,-0.06779043952976228,0.1964510132537096,4,BEUTI_33N,0,0
0.3321412063022224,0.5820371505060628,0.08224526209838207,4,BEUTI_39N,0,1
0.1599699135681732,0.23924893866269648,0.08069088847364994,4,CUTI_33N,0,1
0.3647422836541745,0.5157788190969237,0.21370574821142532,4,CUTI_39N,0,1
0.44981924671816004,0.7561404389095758,0.14349805452674433,4,OC_LUSI_33N,0,1
-0.3475053998669423,-0.12047700033517517,-0.5745337993987095,4,OC_STI_33N,0,1
0.036649833259870215,0.07941500824188613,-0.006115341722145735,4,RREAS_Myctophids,0,0
-0.5341432688371857,-0.1512567581780483,-0.9170297794963229,4,RREAS_YOYsardine,0,1
-0.21388433372958923,0.1314906349433957,-0.5592593024025742,4,age1SprSardmeanWAA,0,0
-0.43242735958948797,-0.1615882796357486,-0.7032664395432274,4,meanSSBwt,0,1
0.5225435733202671,0.7110081731364577,0.3340789735040765,4,ZM_NorCal,0,1
0.4099361835292467,0.42428322491324244,0.39558914214525104,4,ZM_SoCal,0,1
-0.03750639645680013,0.10641238877671566,-0.1814251816903159,4,sardRec,0,0
0.10560717500013428,0.5731543539632499,-0.36194000396298137,4,anchBioSmrySeas1,0,0
-0.5424148551677188,-0.2906546529193557,-0.7941750574160821,4,summerSST,0,1
-0.2336487320883068,0.024853912710329162,-0.4921513768869428,4,avgOffTransspring,0,0
-0.08126324900660489,-0.05362681709128164,-0.10889968092192814,4,avgOffTranssummer,0,1
0.13423789774573272,0.24988007818473382,0.01859571730673168,4,sprRelOffTrans,0,1
0.40993598943490855,0.5189694983158067,0.3009024805540104,4,sumRelOffTrans,0,1
-0.34776155741719467,-0.29390341431502826,-0.4016197005193612,4,meanK,0,1
0.29667772561102235,0.3992437092606328,0.19411174196141173,4,OC_LUSI_39N,0,1
0.36676190596867625,0.7010675425276726,0.03245626940967991,4,sardSpawnHab,0,1
-0.3599742523294487,-0.2695228673508594,-0.4504256373080379,4,sardNurseHab,0,1
-0.5807076033510896,-0.32318163484774176,-0.8382335718544374,4,springSST,0,1
0.01368820095169494,0.061877235272499415,-0.03450083336910956,4,randTest,0,0
-0.5413350395551189,-0.31831192666705294,-0.7643581524431846,1,NCOPspring,0,1
-0.4466660416736888,-0.2595099675220884,-0.6338221158252891,1,NCOPsummerlag1,0,1
-0.05135736043026995,0.0633979358707919,-0.1661126567313318,1,BEUTI_33N,0,0
-0.5151436045412869,-0.592861994063546,-0.43742521501902776,1,BEUTI_39N,0,1
-0.17250715881367976,-0.2659666157926914,-0.07904770183466811,1,CUTI_33N,0,1
-0.5205868495992003,-0.5415131562595422,-0.4996605429388582,1,CUTI_39N,0,1
-0.32956157071148523,-0.48513214155657003,-0.17399099986640043,1,OC_LUSI_33N,0,1
0.2739977765317032,0.1685650710688691,0.3794304819945373,1,OC_STI_33N,0,1
0.1788059939009451,0.11154157874344905,0.24607040905844127,1,RREAS_Myctophids,0,1
0.4758058051950578,0.2827549741441159,0.6688566362459996,1,RREAS_YOYsardine,0,1
0.07313094525329199,-0.061772527182302805,0.20803441768888684,1,age1SprSardmeanWAA,0,0
0.19484845949439428,0.10259339961883432,0.2871035193699544,1,meanSSBwt,0,1
-0.6842279198476193,-0.7346754099711177,-0.6337804297241209,1,ZM_NorCal,0,1
-0.5219798799383523,-0.5733127304148289,-0.47064702946187575,1,ZM_SoCal,0,1
0.15611351768098553,0.05769927619368431,0.2545277591682867,1,sardRec,0,1
-0.15964705626944803,-0.5221803015398627,0.2028861890009666,1,anchBioSmrySeas1,0,0
0.5771230219420671,0.47175878203656674,0.6824872618475675,1,summerSST,0,1
0.21598618207881243,0.098986162086798,0.3329862020708268,1,avgOffTransspring,0,1
-0.16326662285247429,-0.1767101682671519,-0.1498230774377966,1,avgOffTranssummer,0,1
-0.13084228794330902,-0.1643545675112823,-0.09733000837533567,1,sprRelOffTrans,0,1
-0.2380624023370151,-0.31562428005445126,-0.16050052461957887,1,sumRelOffTrans,0,1
0.29917356818875196,0.2967204480742518,0.3016266883032522,1,meanK,0,1
-0.3587427992525827,-0.3783789750774619,-0.3391066234277036,1,OC_LUSI_39N,0,1
0.0318625161390009,-0.1268409819313303,0.19056601420933206,1,sardSpawnHab,0,0
0.5908459661414925,0.6291052507384222,0.5525866815445627,1,sardNurseHab,0,1
0.7396715201222566,0.6594433719381545,0.8198996683063586,1,springSST,0,1
-0.1008846194487296,-0.09198124185450998,-0.10978799704294925,1,randTest,0,1
-0.20553080567439266,-0.12085474237435949,-0.2902068689744258,2,NCOPspring,0,1
-0.07609097201024946,0.15268202296094413,-0.3048639669814431,2,NCOPsummerlag1,0,0
-0.054731444778906096,0.14231380156163584,-0.25177669111944806,2,BEUTI_33N,0,0
-0.2627145510214829,-0.10615678945338619,-0.41927231258957964,2,BEUTI_39N,0,1
0.059049858409949425,0.4461879634482525,-0.32808824662835373,2,CUTI_33N,0,0
-0.1558416448906376,0.03764390555412439,-0.3493271953353996,2,CUTI_39N,0,0
-0.13659128212973484,0.1865838780400907,-0.45976644229956026,2,OC_LUSI_33N,0,0
0.11024735032634807,0.3621227451144004,-0.14162804446170427,2,OC_STI_33N,0,0
0.19954545371775112,0.547043509207782,-0.1479526017722797,2,RREAS_Myctophids,0,0
0.17406636476690454,0.5098165253435072,-0.16168379580969813,2,RREAS_YOYsardine,0,0
0.1679280558671858,0.43520563720839495,-0.09934952547402337,2,age1SprSardmeanWAA,0,0
0.025233757877581003,0.46641483365101,-0.4159473178958481,2,meanSSBwt,0,0
-0.19113846693469314,0.07753332316541167,-0.45981025703479805,2,ZM_NorCal,0,0
0.019582574231473297,0.35596620084098174,-0.31680105237803513,2,ZM_SoCal,0,0
-0.0299889507852166,0.30990220333183405,-0.36988010490226725,2,sardRec,0,0
-0.40925643628581865,-0.009383611029026878,-0.8091292615426104,2,anchBioSmrySeas1,0,1
0.12838622193247556,0.44897132171716164,-0.19219887785221043,2,summerSST,0,0
0.18708793817146485,0.3415341808633656,0.03264169547956414,2,avgOffTransspring,0,1
-0.0974733387702233,0.18421739990045283,-0.3791640774408995,2,avgOffTranssummer,0,0
-0.13269958996539558,0.012988010989023899,-0.27838719091981495,2,sprRelOffTrans,0,0
-0.002622855825038878,0.39984341372252674,-0.40508912537260444,2,sumRelOffTrans,0,0
-0.0428944151282847,0.2906649437915325,-0.3764537740481019,2,meanK,0,0
-0.10938138405483502,0.08484078517217149,-0.3036035532818416,2,OC_LUSI_39N,0,0
-0.04169651750599404,0.36122414275204456,-0.44461717776403265,2,sardSpawnHab,0,0
0.15850866833154967,0.36994807299504123,-0.05293073633194194,2,sardNurseHab,0,0
0.20669372816640713,0.49215291943203177,-0.07876546309921745,2,springSST,0,0
-0.04474440881007387,0.1436536342092049,-0.23314245182935267,2,randTest,0,0
-0.23078237862723439,-0.1357029902258165,-0.32586176702865227,3,NCOPspring,0,1
-0.1491090063354748,3.701322945861285e-4,-0.29858814496553576,3,NCOPsummerlag1,0,0
-0.2611361984638253,0.17122936078737216,-0.6935017577150226,3,BEUTI_33N,0,0
-0.1921004341566831,0.41150276314561546,-0.7957036314589816,3,BEUTI_39N,0,0
-0.2506027748938133,0.2504419565144227,-0.7516475063020491,3,CUTI_33N,0,0
-0.14497562306556752,0.4506010269240938,-0.7405522730552289,3,CUTI_39N,0,0
-0.1561789402186891,1.0087090280373876,-1.3210669084747655,3,OC_LUSI_33N,0,0
0.12227554071300696,1.0075716076519454,-0.7630205262259315,3,OC_STI_33N,0,0
0.03107728000525973,0.5995896384376913,-0.537435078427172,3,RREAS_Myctophids,0,0
0.0646365473201217,1.2772022659901172,-1.1479291713498736,3,RREAS_YOYsardine,0,0
-0.005765249549293708,0.9429627114232059,-0.9544932105217934,3,age1SprSardmeanWAA,0,0
0.031325185422726776,1.3668291009131774,-1.3041787300677241,3,meanSSBwt,0,0
-0.2382155556826574,0.6285626071087738,-1.1049937184740886,3,ZM_NorCal,0,0
-0.13628406448112595,0.601329455599881,-0.873897584562133,3,ZM_SoCal,0,0
0.2814052911800904,0.7466009883944902,-0.18379040603430927,3,sardRec,0,0
-8.342736049713473e-4,0.8546329029674634,-0.8563014501774062,3,anchBioSmrySeas1,0,0
0.10694955986904875,1.1644953819362474,-0.9505962621981499,3,summerSST,0,0
0.16000734461191318,0.8673214038915454,-0.5473067146677191,3,avgOffTransspring,0,0
0.006299194787469535,0.6465208961431146,-0.6339225065681756,3,avgOffTranssummer,0,0
-0.19435903869426593,0.318477996236489,-0.7071960736250208,3,sprRelOffTrans,0,0
-0.1902850980351438,0.9261982163812565,-1.306768412451544,3,sumRelOffTrans,0,0
0.005102776533062597,0.8256835410052781,-0.8154779879391529,3,meanK,0,0
-0.18218277731545252,0.39883749358605974,-0.7632030482169647,3,OC_LUSI_39N,0,0
-0.0013053421337605176,1.344404977613816,-1.3470156618813371,3,sardSpawnHab,0,0
0.1732779902143154,0.7067128740237042,-0.3601568935950735,3,sardNurseHab,0,0
0.19652098336164378,1.1557204239485872,-0.7626784572252998,3,springSST,0,0
0.03666567197131139,0.4217974836588378,-0.34846613971621504,3,randTest,0,0
-0.2728251047303069,-0.1604246508801913,-0.3852255585804225,4,NCOPspring,0,1
-0.27949661612871074,-0.27690925517341797,-0.2820839770840035,4,NCOPsummerlag1,0,1
0.09800266165984152,-0.07933087431679837,0.27533619763648143,4,BEUTI_33N,0,0
-0.08879862522016621,0.05532708517123325,-0.23292433561156572,4,BEUTI_39N,0,0
0.04412458767822983,0.07042766249082388,0.01782151286563574,4,CUTI_33N,0,1
-0.05187052942544945,-0.06886352795504774,-0.03487753089585113,4,CUTI_39N,0,1
0.354875501731525,0.16249951361401865,0.5472514898490314,4,OC_LUSI_33N,0,1
-0.24818370450330582,-0.3756721089611065,-0.12069530004550527,4,OC_STI_33N,0,1
0.29538442135105625,0.26276645215991046,0.3280023905422019,4,RREAS_Myctophids,0,1
-0.2737312908837349,-0.4157265227966339,-0.131736058970836,4,RREAS_YOYsardine,0,1
-0.29420573053168203,-0.15179369991857455,-0.4366177611447896,4,age1SprSardmeanWAA,0,1
-0.4968791127132124,-0.7696553429370621,-0.22410288248936294,4,meanSSBwt,0,1
0.0031530173064551748,-0.11981256694830689,0.12611860156121713,4,ZM_NorCal,0,0
0.006693208884213153,-0.1363193590571285,0.1497057768255548,4,ZM_SoCal,0,0
0.106744732318453,0.20275265568837908,0.010736808948526966,4,sardRec,0,1
-0.02774095479526902,0.33725519194576453,-0.39273710153630254,4,anchBioSmrySeas1,0,0
-0.162761909848008,-0.3845032488312015,0.05897942913518561,4,summerSST,0,0
-0.1490812634596875,-0.07942915977829079,-0.21873336714108432,4,avgOffTransspring,0,1
-0.36802359197045875,-0.510143996321583,-0.22590318761933456,4,avgOffTranssummer,0,1
0.09227451375345828,0.12319236048754949,0.06135666701936707,4,sprRelOffTrans,0,1
0.40736394668968295,0.057812367854967406,0.7569155255243982,4,sumRelOffTrans,0,1
-0.17159999162164402,-0.3489324678261842,0.0057324845828962134,4,meanK,0,0
0.04821209599421293,-0.022531632383905043,0.11895582437233075,4,OC_LUSI_39N,0,0
0.6200956808073598,0.4297439292544702,0.8104474323602494,4,sardSpawnHab,0,1
0.14686736830226763,0.17726783436003768,0.11646690224449757,4,sardNurseHab,0,1
-0.010576797015552253,-0.13667145217840518,0.11551785814730076,4,springSST,0,0
-0.19308175711356407,-0.21958678553809588,-0.16657672868903226,4,randTest,0,1
-0.6352181690795226,-0.37097644299943233,-0.8994598951596128,1,NCOPspring,0,1
-0.5554295649193337,-0.3297621246162731,-0.7810970052223943,1,NCOPsummerlag1,0,1
-0.03694154262417958,0.08764758556588217,-0.16153067081424133,1,BEUTI_33N,0,0
-0.5688326418627228,-0.5106083197995309,-0.6270569639259147,1,BEUTI_39N,0,1
-0.1307211900213836,-0.0915071174670781,-0.1699352625756891,1,CUTI_33N,0,1
-0.5445631147681858,-0.4875350037314823,-0.6015912258048891,1,CUTI_39N,0,1
-0.19878623552991012,-0.2417306817356182,-0.15584178932420195,1,OC_LUSI_33N,0,1
0.18153315199630715,0.16520450944018267,0.19786179455243166,1,OC_STI_33N,0,1
0.30736221013740583,0.3622017026729728,0.25252271760183875,1,RREAS_Myctophids,0,1
0.36414780163245253,0.3006754743607881,0.4276201289041168,1,RREAS_YOYsardine,0,1
0.005037513937235765,0.06986320410031259,-0.05978817622584112,1,age1SprSardmeanWAA,0,0
0.047536895745906804,0.06425246159440406,0.03082132989740949,1,meanSSBwt,0,1
-0.6810805895903443,-0.6567206045927979,-0.7054405745878909,1,ZM_NorCal,0,1
-0.4922845518529628,-0.45427952719506653,-0.5302895765108592,1,ZM_SoCal,0,1
0.19293442307901412,0.23891125859532514,0.14695758756270302,1,sardRec,0,1
-0.20872028750820565,-0.25070959979855223,-0.16673097521785898,1,anchBioSmrySeas1,0,1
0.49322798520488154,0.45367220150258875,0.5327837689071742,1,summerSST,0,1
0.17595419955231464,0.19696264941593794,0.15494574968869135,1,avgOffTransspring,0,1
-0.29588590836658213,-0.23490192095330825,-0.356869895779856,1,avgOffTranssummer,0,1
-0.1139218155528647,-0.054504512014079444,-0.17333911909164995,1,sprRelOffTrans,0,1
-0.07877344615510652,-0.08897109369028733,-0.06857579861992566,1,sumRelOffTrans,0,1
0.19335156061789757,0.25061898360738744,0.13608413762840768,1,meanK,0,1
-0.32171026715069573,-0.2882888537871654,-0.355131680514226,1,OC_LUSI_39N,0,1
0.25686305798997355,0.2556292845811452,0.2580968313988019,1,sardSpawnHab,0,1
0.6223607351390996,0.7271102719346016,0.5176111983435978,1,sardNurseHab,0,1
0.7125477916475568,0.7095159753104855,0.7155796079846284,1,springSST,0,1
-0.03555106522469591,0.02289267785364126,-0.09399480830303311,1,randTest,0,0
0.05551328973403116,0.03242055055599271,0.07860602891206962,2,NCOPspring,0,1
0.14451670818161721,0.2732841777577217,0.015749238605512736,2,NCOPsummerlag1,0,1
-0.09635551652067946,0.0510105280861738,-0.24372156112753268,2,BEUTI_33N,0,0
-0.0982371014208738,-0.2928895012133594,0.09641529837161172,2,BEUTI_39N,0,0
-0.10323963647697276,-0.08362982368688476,-0.12284944926706069,2,CUTI_33N,0,1
-0.11954797222694152,-0.23093072515323745,-0.00816521930064562,2,CUTI_39N,0,1
-0.46579755019620983,-0.6749073593192234,-0.2566877410731962,2,OC_LUSI_33N,0,1
0.34276909037677483,0.179788764078572,0.5057494166749776,2,OC_STI_33N,0,1
-0.19164628317670293,-0.1485805828863262,-0.2347119834670796,2,RREAS_Myctophids,0,1
0.44084159359521013,0.19021769979585332,0.6914654873945667,2,RREAS_YOYsardine,0,1
0.30764946467348353,0.02901974938915103,0.5862791799578162,2,age1SprSardmeanWAA,0,1
0.5037925873458085,0.3405420260360155,0.6670431486556013,2,meanSSBwt,0,1
-0.2426750125721328,-0.3821418077471839,-0.10320821739708178,2,ZM_NorCal,0,1
-0.17719799053222957,-0.12033831388022176,-0.2340576671842374,2,ZM_SoCal,0,1
-0.04743909401918412,-0.09320482415550449,-0.0016733638828636543,2,sardRec,0,1
-0.08162530441114015,-0.34637369841101856,0.18312308958873835,2,anchBioSmrySeas1,0,0
0.3684905572473569,0.2297912501468027,0.507189864347911,2,summerSST,0,1
0.22964332953960137,0.02376568518427205,0.4355209738949308,2,avgOffTransspring,0,1
0.25830246196843076,0.2827768314412673,0.23382809249559416,2,avgOffTranssummer,0,1
-0.1381298270859771,-0.22268373646836156,-0.05357591770359263,2,sprRelOffTrans,0,1
-0.44914253312582836,-0.4511497457264858,-0.44713532052517097,2,sumRelOffTrans,0,1
0.27921249610523996,0.2940551445193022,0.2643698476911778,2,meanK,0,1
-0.20191166924489873,-0.2645526580307202,-0.13927068045907734,2,OC_LUSI_39N,0,1
-0.5807500391878401,-0.7771165016981066,-0.3843835766775735,2,sardSpawnHab,0,1
0.09508282805845898,0.01184674659691548,0.17831890952000246,2,sardNurseHab,0,1
0.29569081151039767,0.12874870240479921,0.46263292061599603,2,springSST,0,1
0.1068863322435257,0.120565858889118,0.09320680559793337,2,randTest,0,1
-0.16810466657284573,-0.09817551558257258,-0.2380338175631189,3,NCOPspring,0,1
-0.08757463261900336,0.06406922938165628,-0.23921849461966305,3,NCOPsummerlag1,0,0
-0.26221900874005566,0.1363564063423342,-0.6607944238224455,3,BEUTI_33N,0,0
-0.13393083823522167,0.33315093501208765,-0.601012611482531,3,BEUTI_39N,0,0
-0.2596979294284474,0.2537722905493043,-0.7731681494061989,3,CUTI_33N,0,0
-0.09255050691692396,0.4035415265832629,-0.588642540417111,3,CUTI_39N,0,0
-0.15991075416040298,0.8354895046482391,-1.1553110129690451,3,OC_LUSI_33N,0,0
0.11986714645755214,0.8779509157463254,-0.6382166228312212,3,OC_STI_33N,0,0
-0.01603719240110898,0.5142280683237758,-0.5463024531259937,3,RREAS_Myctophids,0,0
0.05479934905747689,1.0783150461691902,-0.9687163480542362,3,RREAS_YOYsardine,0,0
0.004106579609337954,0.7124149760515621,-0.7042018168328863,3,age1SprSardmeanWAA,0,0
0.05058817222017279,1.1512241438683868,-1.050047799428041,3,meanSSBwt,0,0
-0.18577111003517519,0.5777778789196779,-0.9493200989900283,3,ZM_NorCal,0,0
-0.10434197093656622,0.6063332370972999,-0.8150171789704322,3,ZM_SoCal,0,0
0.2665150427602262,0.6447162188300404,-0.1116861333095881,3,sardRec,0,0
0.020224700586282972,0.6774057405169946,-0.6369563393444286,3,anchBioSmrySeas1,0,0
0.08473798067551569,1.0436309518915974,-0.874154990540566,3,summerSST,0,0
0.15568097374374268,0.7006279375496118,-0.38926599006212653,3,avgOffTransspring,0,0
0.04552116379168567,0.5787366023148289,-0.4876942747314575,3,avgOffTranssummer,0,0
-0.18819319926845968,0.22765988240428053,-0.6040462809411998,3,sprRelOffTrans,0,0
-0.207652043142201,0.7872777878319362,-1.2025818741163383,3,sumRelOffTrans,0,0
0.007252741650808907,0.8102261130257592,-0.7957206297241415,3,meanK,0,0
-0.1715519188369399,0.39080717497643525,-0.7339110126503151,3,OC_LUSI_39N,0,0
-0.06427444287291081,1.0506916500107049,-1.1792405357565265,3,sardSpawnHab,0,0
0.11830092231274515,0.6341765477733174,-0.39757470314782706,3,sardNurseHab,0,0
0.15090363819422337,1.0306004664019444,-0.7287931900134977,3,springSST,0,0
0.09115845989348001,0.43495264259537214,-0.2526357228084121,3,randTest,0,0
-0.13849818970534572,-0.08088491211327047,-0.19611146729742102,4,NCOPspring,0,1
-0.03154055071088982,0.1562261400905845,-0.21930724151236414,4,NCOPsummerlag1,0,0
-0.05185513607441834,0.05407319631796775,-0.15778346846680438,4,BEUTI_33N,0,0
-0.2001669408049917,0.10371797138342825,-0.5040518529934117,4,BEUTI_39N,0,0
0.08970177551859315,0.41765492104022617,-0.23825137000303986,4,CUTI_33N,0,0
-0.0911212571020656,0.15552342331553337,-0.3377659375196645,4,CUTI_39N,0,0
-0.0775916307204399,0.2833012970203719,-0.43848455846125173,4,OC_LUSI_33N,0,0
0.06471821198566405,0.3519672582356193,-0.22253083426429118,4,OC_STI_33N,0,0
0.19059962742509295,0.4488309011296949,-0.06763164627950904,4,RREAS_Myctophids,0,0
0.08758693334984932,0.5199746679186885,-0.34480080121899,4,RREAS_YOYsardine,0,0
0.15561160904672094,0.5988348488522377,-0.2876116307587958,4,age1SprSardmeanWAA,0,0
0.005808597124444259,0.4449490246814547,-0.4333318304325662,4,meanSSBwt,0,0
-0.10324731835059156,0.1935318506230891,-0.4000264873242724,4,ZM_NorCal,0,0
0.08577567514404127,0.2999084649456363,-0.12835711465755373,4,ZM_SoCal,0,0
-0.03705651294670538,0.34472123147034534,-0.4188342573637561,4,sardRec,0,0
-0.37551380664427125,0.21278839036354424,-0.9638160036520869,4,anchBioSmrySeas1,0,0
0.034453396712597034,0.3860263954881388,-0.31711960206294476,4,summerSST,0,0
0.145902827675516,0.3913704064347982,-0.09956475108376622,4,avgOffTransspring,0,0
-0.08912298822210755,0.11370616184686996,-0.29195213829108513,4,avgOffTranssummer,0,0
-0.11303805504962776,0.07192254920398221,-0.2979986593032377,4,sprRelOffTrans,0,0
0.04700776796949868,0.3359356462676596,-0.24192011032866234,4,sumRelOffTrans,0,0
-0.0954673819733001,0.18310202631182387,-0.37403679025842407,4,meanK,0,0
-0.04998457257105958,0.1504543321984223,-0.2504234773405414,4,OC_LUSI_39N,0,0
-0.008549755779171386,0.4263953518238497,-0.44349486338219224,4,sardSpawnHab,0,0
0.08236009750549525,0.3366526150103496,-0.17193241999935915,4,sardNurseHab,0,0
0.09733531963698755,0.4396528957711936,-0.24498225649721828,4,springSST,0,0
-0.056426809820791124,0.11743569662347197,-0.23028931626505425,4,randTest,0,0
-0.6154986143946541,-0.36859348050481955,-0.8624037482844887,1,NCOPspring,0,1
-0.5299398219334044,-0.3208786762715704,-0.7390009675952384,1,NCOPsummerlag1,0,1
-0.18605961643013819,0.0015995579323856137,-0.373718790792662,1,BEUTI_33N,0,0
-0.546666339901731,-0.31397032841165345,-0.7793623513918085,1,BEUTI_39N,0,1
-0.31970771474031756,-0.11502124391231953,-0.5243941855683156,1,CUTI_33N,0,1
-0.5673266647476605,-0.3028908403098439,-0.8317624891854772,1,CUTI_39N,0,1
-0.19126351730335134,0.5380744416940502,-0.9206014763007528,1,OC_LUSI_33N,0,0
0.16921818450583154,0.7767825336563363,-0.43834616464467313,1,OC_STI_33N,0,0
0.15694479380184706,0.4322599803877599,-0.11837039278406586,1,RREAS_Myctophids,0,0
0.37264615045652005,0.6939681322348192,0.05132416867822079,1,RREAS_YOYsardine,0,1
-0.2596300647888587,0.3872891863769892,-0.9065493159547067,1,age1SprSardmeanWAA,0,0
-0.09715294099968613,0.7741670492808628,-0.968472931280235,1,meanSSBwt,0,0
-0.6903960438893486,-0.3143128664973185,-1.0664792212813792,1,ZM_NorCal,0,1
-0.5674777861515575,-0.26781419507626786,-0.8671413772268474,1,ZM_SoCal,0,1
0.3005460122261889,0.6227699332641995,-0.021677908811821536,1,sardRec,0,0
-0.04913800270930775,0.19856341676875905,-0.2968394221873745,1,anchBioSmrySeas1,0,0
0.5149798417613242,0.8133002652837847,0.21665941823886353,1,summerSST,0,1
0.21497246613043883,0.517009949216564,-0.08706501695568633,1,avgOffTransspring,0,0
-0.15279677316980322,0.1337114752716327,-0.4393050216112392,1,avgOffTranssummer,0,0
-0.1523491860541453,0.2822436283090495,-0.58694200041734,1,sprRelOffTrans,0,0
-0.2505520110396151,0.08453897984346048,-0.5856430019226908,1,sumRelOffTrans,0,0
0.16359160329609135,0.5636029877333208,-0.23641978114113824,1,meanK,0,0
-0.348698571572328,0.09170516498946751,-0.7891023081341235,1,OC_LUSI_39N,0,0
0.07655602675408234,0.4389633426869272,-0.28585128917876235,1,sardSpawnHab,0,0
0.5294366127975596,0.9585563665835948,0.10031685901152441,1,sardNurseHab,0,1
0.7058302405278861,1.1189918444465552,0.2926686366092168,1,springSST,0,1
0.32078765975082385,0.6748404020717285,-0.03326508257008076,1,randTest,0,0
-0.06905454370271603,-0.0413535530589122,-0.09675553434651986,2,NCOPspring,0,1
0.02119046304286796,0.1694328785059576,-0.12705195242022171,2,NCOPsummerlag1,0,0
0.10881845570591481,0.4357971898661903,-0.2181602784543608,2,BEUTI_33N,0,0
0.058914621749444056,0.4557642512332082,-0.3379350077343199,2,BEUTI_39N,0,0
0.03680101143550978,0.3410760150346348,-0.2674739921636153,2,CUTI_33N,0,0
0.1544375835460553,0.8378879516392961,-0.5290127845471857,2,CUTI_39N,0,0
-0.756759533228693,-0.21319176605036777,-1.3003273004070186,2,OC_LUSI_33N,0,1
0.6468751128368302,1.1973444043135408,0.09640582136011971,2,OC_STI_33N,0,1
0.22786339407083256,1.0351527770953293,-0.5794259889536644,2,RREAS_Myctophids,0,0
0.18064139826821368,0.5517497539843487,-0.19046695744792141,2,RREAS_YOYsardine,0,0
0.44718281635206447,0.6621608550640283,0.23220477764010042,2,age1SprSardmeanWAA,0,1
0.8623275475230561,1.5162683608870786,0.2083867341590338,2,meanSSBwt,0,1
-0.2454755993647753,-0.089360462285407255,-0.4015907364441434,2,ZM_NorCal,0,1
-0.2228098389750991,-0.04295448233639463,-0.40266519561380354,2,ZM_SoCal,0,1
0.20711971509547283,0.4591205709733489,-0.044881140782403295,2,sardRec,0,0
-0.01862462642469489,0.051424379792871816,-0.08867363264226152,2,anchBioSmrySeas1,0,0
0.15458196338402433,0.5784887215390119,-0.2693247947709634,2,summerSST,0,0
0.10075855678898907,0.2553281996169843,-0.053811086039006154,2,avgOffTransspring,0,0
-0.25545808302645895,0.765623975018076,-1.2765401410709938,2,avgOffTranssummer,0,0
-0.32183809258340296,-0.09871958658815277,-0.5449565985786531,2,sprRelOffTrans,0,1
-0.06580481906818875,0.5398602408077892,-0.6714698789441667,2,sumRelOffTrans,0,0
0.3810736622507808,0.765505395031601,-0.0033580705300394614,2,meanK,0,0
-0.4149472061762659,-0.11252467926446225,-0.7173697330880695,2,OC_LUSI_39N,0,1
-0.0034144423017926084,0.6608658147415952,-0.6676946993451804,2,sardSpawnHab,0,0
0.43386261474473,0.9635144467597024,-0.09578921727024248,2,sardNurseHab,0,0
0.3278891930607738,0.5021946556385453,0.15358373048300222,2,springSST,0,1
-0.4243865360755026,0.639493348548285,-1.4882664206992902,2,randTest,0,0
0.16451889954455193,0.0985227137376897,0.23051508535141413,3,NCOPspring,0,1
0.17785208150127219,0.17798920794872858,0.1777149550538158,3,NCOPsummerlag1,0,1
-0.30294967906100523,0.2323967416198186,-0.8382960997418292,3,BEUTI_33N,0,0
-0.15127332238188512,0.34268930690240185,-0.6452359516661721,3,BEUTI_39N,0,0
-0.1797537367128605,0.2721030995051758,-0.6316105729308967,3,CUTI_33N,0,0
-0.25800397991924484,0.3990157557075351,-0.915023715546025,3,CUTI_39N,0,0
0.08561875025220442,1.7892516847891924,-1.6180141842847835,3,OC_LUSI_33N,0,0
-0.13983941619578016,1.301758677496374,-1.5814375098879343,3,OC_STI_33N,0,0
-0.5346044156986051,0.2178017965892809,-1.2870106279864912,3,RREAS_Myctophids,0,0
0.3851487351144528,1.216389349116474,-0.4460918788875684,3,RREAS_YOYsardine,0,0
0.2197193684158475,1.3657637115463857,-0.9263249747146906,3,age1SprSardmeanWAA,0,0
0.05592772399615645,1.9622777464603853,-1.8504222984680723,3,meanSSBwt,0,0
-0.06510887113726652,0.6128197290584764,-0.7430374713330095,3,ZM_NorCal,0,0
0.012413776098092077,0.4971864719713643,-0.4723589197751801,3,ZM_SoCal,0,0
-0.2092779668578294,0.40465047895261363,-0.8232064126682723,3,sardRec,0,0
-0.008837290888884325,0.37595007789336965,-0.39362465967113835,3,anchBioSmrySeas1,0,0
0.35163617911990386,1.1311457850778694,-0.4278734268380616,3,summerSST,0,0
0.22673895318609158,0.892987863539221,-0.4395099571670378,3,avgOffTransspring,0,0
0.7076164853164463,1.5988574160929518,-0.18362444546005946,3,avgOffTranssummer,0,0
0.11389149819710256,1.0120145076014433,-0.7842315112072382,3,sprRelOffTrans,0,0
-0.6378698555478963,0.4124470678396875,-1.68818677893548,3,sumRelOffTrans,0,0
-0.03486557632052195,0.704213948000322,-0.7739451006413659,3,meanK,0,0
0.13774299266771733,1.0668881526652918,-0.7914021673298571,3,OC_LUSI_39N,0,0
-0.7345751143842003,0.2985791602618365,-1.767729389030237,3,sardSpawnHab,0,0
-0.31646191889348163,0.5478248883918395,-1.180748726178803,3,sardNurseHab,0,0
0.03140364120531389,0.7836897543264028,-0.7208824719157749,3,springSST,0,0
0.4279163928562876,1.4565269503261031,-0.6006941646135278,3,randTest,0,0
0.1746580438441958,0.1045945754760332,0.2447215122123584,4,NCOPspring,0,1
0.06117299860064507,-0.13618473847947116,0.2585307356807613,4,NCOPsummerlag1,0,0
0.22350791717551505,-0.5108094922183314,0.9578253265693616,4,BEUTI_33N,0,0
0.1626345762180028,-0.3207879614726744,0.6460571139086799,4,BEUTI_39N,0,0
0.12870087235387798,-0.2962241150740718,0.5536258597818278,4,CUTI_33N,0,0
0.061771317959857214,-0.5069602911553458,0.6305029270750604,4,CUTI_39N,0,0
0.10717387386374436,-0.23819765357729306,0.45254540130478194,4,OC_LUSI_33N,0,0
-0.08709066530431064,-0.43198967827963297,0.2578083476710117,4,OC_STI_33N,0,0
-0.11143708573900332,-0.7424389102414806,0.519564738763474,4,RREAS_Myctophids,0,0
-0.002970157952285002,-0.6476241214226832,0.6416838055181133,4,RREAS_YOYsardine,0,0
-0.0023258586189008335,-0.2305809511828768,0.22592923394507508,4,age1SprSardmeanWAA,0,0
0.033106510299507896,-0.4485875959569403,0.5148006165559562,4,meanSSBwt,0,0
0.11938322558187064,-0.17913404534494692,0.4179004965086883,4,ZM_NorCal,0,0
-0.0036927560297916606,-0.2672317386442805,0.25984622658469725,4,ZM_SoCal,0,0
-0.19211108188572518,-0.36589818769375737,-0.018323976077693038,4,sardRec,0,1
0.1716271998898931,0.04295485345790864,0.3002995463218776,4,anchBioSmrySeas1,0,1
0.008679625569736227,-0.667297157502194,0.6846564086416663,4,summerSST,0,0
-0.16540463330474212,-0.5090652522978317,0.17825598568834744,4,avgOffTransspring,0,0
0.036412223377907255,-0.8623310490764007,0.9351554958322151,4,avgOffTranssummer,0,0
0.20107920328316922,0.07405858990106806,0.3280998166652703,4,sprRelOffTrans,0,1
0.06789033704765896,-0.9188316721203222,1.0546123462156405,4,sumRelOffTrans,0,0
0.11713440474870138,-0.2448927432998107,0.4791615527972134,4,meanK,0,0
0.12183376854823132,-0.07439172742039879,0.3180592645168614,4,OC_LUSI_39N,0,0
0.011676149718210765,-0.9971829029875057,1.0205352024239271,4,sardSpawnHab,0,0
-0.07430146244825556,-0.4458939393418904,0.29729101444537925,4,sardNurseHab,0,0
-0.08075022420759559,-0.36135268893837563,0.19985224052318457,4,springSST,0,0
-0.03752311172649062,-0.7482982828621161,0.6732520594091347,4,randTest,0,0
-0.6298469407645971,-0.3782968276142553,-0.8813970539149388,1,NCOPspring,0,1
-0.5374708395783172,-0.31631920764157623,-0.7586224715150581,1,NCOPsummerlag1,0,1
-0.21724897383205638,-0.13397126548829108,-0.3005266821758216,1,BEUTI_33N,0,1
-0.5521935190191382,-0.492450599056522,-0.6119364389817542,1,BEUTI_39N,0,1
-0.3601624810323812,-0.3178901057839923,-0.40243485628077014,1,CUTI_33N,0,1
-0.5684383865292224,-0.5377016358362793,-0.5991751372221655,1,CUTI_39N,0,1
-0.15707303131066236,-0.4236178593921177,0.10947179677079286,1,OC_LUSI_33N,0,0
0.1257874125046194,-0.10506828042694338,0.35664310543618216,1,OC_STI_33N,0,0
0.12777347686083457,0.09665578238610395,0.15889117133556524,1,RREAS_Myctophids,0,1
0.3364021837081518,0.27054083355577596,0.4022635338605275,1,RREAS_YOYsardine,0,1
-0.19742652323315027,-0.24185746395567037,-0.15299558251063017,1,age1SprSardmeanWAA,0,1
-0.0673437767630131,-0.3171654266891598,0.1824778731631336,1,meanSSBwt,0,0
-0.6771411301748949,-0.6903397316053718,-0.663942528744418,1,ZM_NorCal,0,1
-0.5313753232851876,-0.5255674477929799,-0.5371831987773952,1,ZM_SoCal,0,1
0.3100353002359641,0.29904292956155354,0.32102767091037476,1,sardRec,0,1
-0.0354395467263532,-0.08113540529091129,0.010256311838204898,1,anchBioSmrySeas1,0,0
0.5048249547746086,0.5100031717400669,0.49964673780915037,1,summerSST,0,1
0.2105765529010498,0.15820882421769963,0.2629442815844,1,avgOffTransspring,0,1
-0.10995267573182044,-0.11414333400844538,-0.10576201745519553,1,avgOffTranssummer,0,1
-0.1409731883918732,-0.2716734557605769,-0.010272921023169512,1,sprRelOffTrans,0,1
-0.28614841704333893,-0.2678366191020607,-0.3044602149846172,1,sumRelOffTrans,0,1
0.13957828281147522,0.12969014274719642,0.14946642287575396,1,meanK,0,1
-0.34709008529860497,-0.44942617472178514,-0.24475399587542485,1,OC_LUSI_39N,0,1
0.07201750668683309,0.07408581780956033,0.06994919556410571,1,sardSpawnHab,0,1
0.5007619537614447,0.4721612656195251,0.5293626419033644,1,sardNurseHab,0,1
0.6828886559732359,0.6552238706201219,0.7105534413263501,1,springSST,0,1
-0.05546720633389818,-0.20613156671267735,0.095197154044881,1,randTest,0,0
-0.05680255876627986,-0.03411658673069133,-0.07948853080186839,2,NCOPspring,0,1
0.04853370895804321,0.2214356599572406,-0.12436824204115417,2,NCOPsummerlag1,0,0
0.12566400929746832,0.8322485720739594,-0.5809205534790227,2,BEUTI_33N,0,0
0.03848183117639458,0.5019045137152351,-0.42494085136244597,2,BEUTI_39N,0,0
0.09113612306740523,0.6223211139179774,-0.4400488677831669,2,CUTI_33N,0,0
0.11206198731802619,0.6839332579002503,-0.45980928326419784,2,CUTI_39N,0,0
-0.8043925714786062,-0.18137722244032084,-1.4274079205168917,2,OC_LUSI_33N,0,1
0.7147029311348597,1.318198202749032,0.11120765952068756,2,OC_STI_33N,0,1
0.25017782333326655,0.9646586419851916,-0.4643029953186586,2,RREAS_Myctophids,0,0
0.3520135794714534,0.9209058770417433,-0.2168787180988363,2,RREAS_YOYsardine,0,0
0.4187661522971715,0.8074683723959816,0.030063932198361565,2,age1SprSardmeanWAA,0,1
0.9629889755375438,1.8305302476500338,0.09544770342505404,2,meanSSBwt,0,1
-0.2715350720221948,0.1507250903310392,-0.6937952343754286,2,ZM_NorCal,0,0
-0.30719602608864416,0.02571881614905769,-0.640110868326346,2,ZM_SoCal,0,0
0.1410245817102597,0.3340466840967668,-0.05199752067624738,2,sardRec,0,0
-0.15024467084402662,0.06895848524572651,-0.3694478269337798,2,anchBioSmrySeas1,0,0
0.19152043524639978,0.8811376339362342,-0.4980967634434347,2,summerSST,0,0
0.16535833840662173,0.495310584133952,-0.16459390732070858,2,avgOffTransspring,0,0
-0.28723456848109646,0.6406075757026302,-1.215076712664823,2,avgOffTranssummer,0,0
-0.3552064679549345,-0.055761989737093454,-0.6546509461727756,2,sprRelOffTrans,0,1
-0.009825504860995121,1.0811167199088296,-1.1007677296308196,2,sumRelOffTrans,0,0
0.42726962764505944,0.8970987346341723,-0.042559479344053464,2,meanK,0,0
-0.39862134216175515,-0.09790859156553833,-0.6993340927579719,2,OC_LUSI_39N,0,1
-0.148800694515331,0.7149319236063072,-1.012533312636969,2,sardSpawnHab,0,0
0.40494480406388866,0.8358690447889081,-0.025979436661130784,2,sardNurseHab,0,0
0.3449359980625838,0.7766499832636393,-0.08677798713847168,2,springSST,0,0
-0.5625935184100337,0.338386321569194,-1.4635733583892616,2,randTest,0,0
-0.2089661699730862,-0.12550864990080957,-0.29242369004536284,3,NCOPspring,0,1
-0.2027487970465614,-0.1678985620722042,-0.23759903202091862,3,NCOPsummerlag1,0,1
0.2991392759621945,0.4121038470034209,0.186174704920968,3,BEUTI_33N,0,1
0.10159029573085625,0.3133359509065439,-0.11015535944483142,3,BEUTI_39N,0,0
0.2280255270890781,0.4010918502156553,0.05495920396250098,3,CUTI_33N,0,1
0.19403345600889074,0.4536240573810556,-0.06555714536327424,3,CUTI_39N,0,0
-0.08578524794011133,1.35173762710837,-1.5233081229885925,3,OC_LUSI_33N,0,0
0.15758273436581802,1.3926239719879252,-1.0774585032562891,3,OC_STI_33N,0,0
0.5460039877303966,0.9327018034175444,0.15930617204324882,3,RREAS_Myctophids,0,1
-0.2378682569651342,0.37063685463110985,-0.8463733685613783,3,RREAS_YOYsardine,0,0
-0.155370427791414,0.7388011804551333,-1.0495420360379613,3,age1SprSardmeanWAA,0,0
0.1054168606652488,1.6987183906979897,-1.4878846693674919,3,meanSSBwt,0,0
0.022161376011566578,0.5579484213355093,-0.5136256693123762,3,ZM_NorCal,0,0
-0.11464712958425653,0.350132724597782,-0.5794269837662951,3,ZM_SoCal,0,0
0.16239939449199506,0.6123477854860996,-0.28754899650210936,3,sardRec,0,0
-0.0880977209657005,0.4150622465048066,-0.5912576884362076,3,anchBioSmrySeas1,0,0
-0.2888726998588802,0.05460492791632533,-0.6323503276340856,3,summerSST,0,0
-0.14855902069571847,0.36492686293629756,-0.6620449043277344,3,avgOffTransspring,0,0
-0.7112701970517505,-0.40507269223180703,-1.017467701871694,3,avgOffTranssummer,0,1
-0.13037842014564138,0.6988322854188487,-0.9595891257101313,3,sprRelOffTrans,0,0
0.6826752350740787,0.9435816287118188,0.4217688414363384,3,sumRelOffTrans,0,1
0.053189710941615564,0.6638561883777683,-0.5574767664945371,3,meanK,0,0
-0.11918931117309539,0.6461950859175627,-0.8845737082637535,3,OC_LUSI_39N,0,0
0.6282088334927893,1.0799406007811763,0.17647706620440234,3,sardSpawnHab,0,1
0.31843178828393853,0.9571647345542514,-0.3203011579863744,3,sardNurseHab,0,0
0.0031217123163582716,0.6046396074199056,-0.5983961827871891,3,springSST,0,0
-0.5668781710505717,0.2197844228939653,-1.3535407649951086,3,randTest,0,0
-0.12756414932908364,-0.07661720631670002,-0.17851109234146723,4,NCOPspring,0,1
-0.017895544901658317,0.17031910404474407,-0.20611019384806067,4,NCOPsummerlag1,0,0
-0.1733935908334033,0.32873204128695827,-0.6755192229537649,4,BEUTI_33N,0,0
-0.09185315092527288,0.3986886636096626,-0.5823949654602083,4,BEUTI_39N,0,0
-0.07092034010694623,0.5100186304875765,-0.651859310701469,4,CUTI_33N,0,0
0.02061483473635982,0.7079880546383392,-0.6667583851656197,4,CUTI_39N,0,0
-0.1280237976454013,0.821517239324513,-1.0775648346153157,4,OC_LUSI_33N,0,0
0.112790627032099,1.0226279979393502,-0.7970467438751524,4,OC_STI_33N,0,0
0.1485748474333278,1.0689808212043617,-0.7718311263377061,4,RREAS_Myctophids,0,0
-0.03814266445610992,0.5729506911513562,-0.6492360200635761,4,RREAS_YOYsardine,0,0
0.039606411783607715,0.5856513599427114,-0.5064385363754962,4,age1SprSardmeanWAA,0,0
0.043282135958313595,1.3006008463445302,-1.2140365744279027,4,meanSSBwt,0,0
-0.05071803043074391,0.42097887482512697,-0.5224149356866148,4,ZM_NorCal,0,0
0.038312881563807494,0.4558218552851535,-0.3791960921575385,4,ZM_SoCal,0,0
0.17488667413328848,0.46699821608396974,-0.11722486781739273,4,sardRec,0,0
-0.18416994417894786,0.14830301413464198,-0.5166429024925376,4,anchBioSmrySeas1,0,0
-0.0812843476551057,0.5996382400383602,-0.7622069353485716,4,summerSST,0,0
0.13825199547151046,0.5121765650282395,-0.23567257408521858,4,avgOffTransspring,0,0
-0.08982271669524397,1.0734225006792641,-1.2530679340697521,4,avgOffTranssummer,0,0
-0.2106896253389133,0.2811387827514314,-0.7025180334292579,4,sprRelOffTrans,0,0
0.017509958447350427,1.112500725426552,-1.077480808531851,4,sumRelOffTrans,0,0
-0.10808310931198911,0.49438352825068255,-0.7105497468746607,4,meanK,0,0
-0.1087634736756988,0.3588205609259661,-0.5763475082773639,4,OC_LUSI_39N,0,0
0.0209286461417503,0.8674023880166286,-0.825545095733128,4,sardSpawnHab,0,0
0.05693302782478285,0.6743959475810579,-0.560529891931492,4,sardNurseHab,0,0
0.015796510464860664,0.5193230185565776,-0.4877299976268562,4,springSST,0,0
-0.12808968657656553,1.106203357104741,-1.3623827302578722,4,randTest,0,0
-0.6021198358282541,-0.3572262173481037,-0.8470134543084047,1,NCOPspring,0,1
-0.4878933456429271,-0.29040729033168367,-0.6853794009541705,1,NCOPsummerlag1,0,1
-0.23483551036306677,-0.3047552898841152,-0.16491573084201827,1,BEUTI_33N,0,1
-0.5575638656904177,-0.5660793126603044,-0.549048418720531,1,BEUTI_39N,0,1
-0.35407227883113745,-0.3931750425111053,-0.3149695151511696,1,CUTI_33N,0,1
-0.5619637885038227,-0.6003155673239101,-0.5236120096837352,1,CUTI_39N,0,1
-0.1331870855870628,-2.861756588055828,2.5953824168817023,1,OC_LUSI_33N,0,0
0.0841289657022928,-2.383562312110566,2.5518202435151514,1,OC_STI_33N,0,0
0.05791449765535194,-0.5139204230943676,0.6297494184050714,1,RREAS_Myctophids,0,0
0.3562006661266235,-0.7581782263323282,1.470579558585575,1,RREAS_YOYsardine,0,0
-0.10898927171707407,-0.5813838004131254,0.3634052569789774,1,age1SprSardmeanWAA,0,0
-0.04021243264637289,-2.931723796279697,2.8512989309869514,1,meanSSBwt,0,0
-0.6805404674789588,-1.3563076769255453,-0.004773258032372454,1,ZM_NorCal,0,1
-0.4994244897652273,-1.418760444375739,0.4199114648452845,1,ZM_SoCal,0,0
0.28748421438734445,-0.07129637871385486,0.6462648074885436,1,sardRec,0,0
-0.030984394522300365,-0.42749538245552515,0.3655265934109243,1,anchBioSmrySeas1,0,0
0.5478017649880322,0.17787767867217116,0.9177258513038934,1,summerSST,0,1
0.21721614249334703,-0.4382567349976973,0.8726890199843914,1,avgOffTransspring,0,0
-0.010693379489866562,-0.761173314906196,0.739786555926463,1,avgOffTranssummer,0,0
-0.09992873317820408,-1.4855356442910372,1.2856781779346291,1,sprRelOffTrans,0,0
-0.354144078220077,-0.657158360284422,-0.051129796155731926,1,sumRelOffTrans,0,1
0.14786714867873105,-0.9864823544099696,1.2822166517674318,1,meanK,0,0
-0.3369816721496898,-1.4622743882602551,0.7883110439608754,1,OC_LUSI_39N,0,0
0.00892401352890158,-0.7117461279859508,0.7295941550437542,1,sardSpawnHab,0,0
0.4803315120608047,-0.37006610716881794,1.3307291312904275,1,sardNurseHab,0,0
0.6832068127218522,-0.2164879839241224,1.5829016093678272,1,springSST,0,0
0.08706008248418166,-1.2171681295951735,1.391288294563537,1,randTest,0,0
-0.25956631881957626,-0.15399574753311607,-0.3651368901060364,2,NCOPspring,0,1
-0.29048649992416603,-0.06487504213407386,-0.5160979577142581,2,NCOPsummerlag1,0,1
0.20584252089189692,0.8340911572121135,-0.42240611542831963,2,BEUTI_33N,0,0
0.017848463841104653,0.2267045161316028,-0.19100758844939347,2,BEUTI_39N,0,0
0.10228463455493558,0.3743171506230814,-0.16974788151321035,2,CUTI_33N,0,0
0.04724566482313321,0.06670711693820885,0.027784212708057643,2,CUTI_39N,0,1
0.024722653243507642,5.5016923380065865,-5.452247031519572,2,OC_LUSI_33N,0,0
0.08336880434517019,4.932469826216703,-4.765732217526363,2,OC_STI_33N,0,0
0.521734699374935,1.337133297498733,-0.2936638987488629,2,RREAS_Myctophids,0,0
-0.2508655945574957,1.503172693220288,-2.0049038823352787,2,RREAS_YOYsardine,0,0
-0.39486996585080625,0.6921553222190389,-1.4818952539206514,2,age1SprSardmeanWAA,0,0
-0.09803028599961183,5.884247932823859,-6.080308504823083,2,meanSSBwt,0,0
0.011840607142748108,1.1790575282501021,-1.1553763139646058,2,ZM_NorCal,0,0
-0.1540924189847414,1.5987533203598225,-1.9069381583293052,2,ZM_SoCal,0,0
0.16727338422706983,0.8443136796471987,-0.5097669111930592,2,sardRec,0,0
-0.05893839698494553,0.5348032308569033,-0.6526800248267945,2,anchBioSmrySeas1,0,0
-0.2901568966035044,-0.05603555462152454,-0.5242782385854841,2,summerSST,0,1
-0.12186928075071916,1.3560483807029255,-1.599786942204364,2,avgOffTransspring,0,0
-0.7040233874634532,0.4976755738540073,-1.9057223487809136,2,avgOffTranssummer,0,0
-0.1341972113370989,2.2617212495721177,-2.530115672246315,2,sprRelOffTrans,0,0
0.6226740573192041,0.922070210465441,0.3232779041729673,2,sumRelOffTrans,0,1
-0.00988016036773659,2.162332773310461,-2.182093094045934,2,meanK,0,0
-0.05525453538024325,2.3194929946473595,-2.430002065407846,2,OC_LUSI_39N,0,0
0.6371420714987495,1.857802344629996,-0.5835182016324972,2,sardSpawnHab,0,0
0.25139862381260897,2.2414590984908367,-1.7386618508656182,2,sardNurseHab,0,0
0.010175897860034908,1.527018540803644,-1.5066667450835742,2,springSST,0,0
-0.38889434431411724,1.803225418521124,-2.5810141071493584,2,randTest,0,0
-0.09801803908722011,-0.05815223357795776,-0.13788384459648248,3,NCOPspring,0,1
-0.0016244107640313588,-0.1058128949633428,0.1025640734352801,3,NCOPsummerlag1,0,0
-0.19515658560586618,0.11387253786667534,-0.5041857090784079,3,BEUTI_33N,0,0
-0.08384185577929637,0.19183687532987018,-0.3595205868884628,3,BEUTI_39N,0,0
-0.08730868661376452,0.1805772178751823,-0.35519459110271134,3,CUTI_33N,0,0
0.015726625987105135,0.3352652873163538,-0.3038120353421435,3,CUTI_39N,0,0
-0.08087291270110573,3.6852043513509236,-3.846950176753135,3,OC_LUSI_33N,0,0
0.07111435571337235,3.5597092178851804,-3.417480506458436,3,OC_STI_33N,0,0
0.11394187603554437,1.218965527497236,-0.9910817754261474,3,RREAS_Myctophids,0,0
-0.05786857151772947,1.783710927643643,-1.8994480706791017,3,RREAS_YOYsardine,0,0
-3.5377199024949277e-4,0.9864921865780345,-0.9871997305585338,3,age1SprSardmeanWAA,0,0
-0.01689398653696242,4.042502671118435,-4.076290644192361,3,meanSSBwt,0,0
-0.014791727793327068,1.2332958901956041,-1.2628793457822582,3,ZM_NorCal,0,0
0.0696183041994266,1.5981671560261628,-1.4589305476273098,3,ZM_SoCal,0,0
0.1546281799342844,0.862657250289894,-0.5534008904213252,3,sardRec,0,0
-0.17102323644164516,0.6064787359513917,-0.948525208834682,3,anchBioSmrySeas1,0,0
-0.1008921512946414,0.737569554321914,-0.939353856911197,3,summerSST,0,0
0.1330148553593485,1.1395721271686892,-0.8735424164499922,3,avgOffTransspring,0,0
-0.049042735488536396,1.3805168892521582,-1.4786023602292309,3,avgOffTranssummer,0,0
-0.1922600904274946,1.9439798954237943,-2.3285000762787837,3,sprRelOffTrans,0,0
-0.0032912297850074684,0.7439910154233598,-0.7505734749933746,3,sumRelOffTrans,0,0
-0.14089355886665364,1.74377474695889,-2.025561864692197,3,meanK,0,0
-0.07118257446143807,1.5337318487437368,-1.676096997666613,3,OC_LUSI_39N,0,0
-0.002953228104808893,1.361771800519374,-1.3676782567289916,3,sardSpawnHab,0,0
0.002761826737911255,1.359531033164157,-1.3540073796883343,3,sardNurseHab,0,0
-0.02463364074152291,1.5439139015509482,-1.5931811830339941,3,springSST,0,0
-0.09025012582225782,2.0466954600860086,-2.227195711730524,3,randTest,0,0
-0.08046182893729648,-0.047736468858632905,-0.11318718901596005,4,NCOPspring,0,1
-0.10912085721671483,-0.0057583735383332085,-0.21248334089509643,4,NCOPsummerlag1,0,1
0.11360529789312018,0.3067844230895381,-0.0795738273032977,4,BEUTI_33N,0,0
0.03595394886894838,1.1455844643749389,-1.0736765666370423,4,BEUTI_39N,0,0
0.030051550646584248,0.9010771021950509,-0.8409740009018825,4,CUTI_33N,0,0
0.05740321227262771,2.0043430073519852,-1.8895365828067299,4,CUTI_39N,0,0
-0.9001981097640542,1.1934589489642016,-2.99385516849231,4,OC_LUSI_33N,0,0
0.860446238169305,3.201299751234067,-1.480407274895457,4,OC_STI_33N,0,0
0.4074678847992266,3.61699470666641,-2.802058937067957,4,RREAS_Myctophids,0,0
0.3078451295664925,3.144386969226578,-2.5286967100935933,4,RREAS_YOYsardine,0,0
0.06328593819409101,1.6812433338338728,-1.554671457445691,4,age1SprSardmeanWAA,0,0
0.9611226400727497,3.0909377730044705,-1.1686924928589708,4,meanSSBwt,0,0
-0.2538063534093255,1.8425717167017206,-2.3501844235203717,4,ZM_NorCal,0,0
-0.40846273842267183,1.2747588556869982,-2.091684332532342,4,ZM_SoCal,0,0
0.18980965217747328,1.5085112221551857,-1.1288919178002392,4,sardRec,0,0
-0.1540547164274479,1.525187429106202,-1.8332968619610979,4,anchBioSmrySeas1,0,0
0.057499918651290616,3.608997627614043,-3.493997790311462,4,summerSST,0,0
0.17240727770619593,0.7946628895478784,-0.4498483341354866,4,avgOffTransspring,0,0
-0.5516525781083141,3.198016161043144,-4.301321317259772,4,avgOffTranssummer,0,0
-0.5023651089182243,2.0629107727231752,-3.0676409905596236,4,sprRelOffTrans,0,0
0.12941557656544286,3.7954197797101816,-3.536588626579296,4,sumRelOffTrans,0,0
0.4374745253153423,2.445993634413335,-1.5710445837826499,4,meanK,0,0
-0.4028701617509538,0.49839851101022986,-1.3041388345121374,4,OC_LUSI_39N,0,0
-0.038254731132625786,2.8418380415653397,-2.9183475038305913,4,sardSpawnHab,0,0
0.42109047919804843,1.3185252605696383,-0.4763443021735413,4,sardNurseHab,0,0
0.34096000979083985,2.71807988926232,-2.036159869680641,4,springSST,0,0
-0.6024282127574158,2.7225507022586646,-3.9274071277734963,4,randTest,0,0
-0.6445480757487984,-0.3758704527183594,-0.9132256987792372,1,NCOPspring,0,1
-0.5624429290112394,-0.2521983200081906,-0.8726875380142883,1,NCOPsummerlag1,0,1
-0.10720201221232831,0.16808948145090863,-0.38249350587556524,1,BEUTI_33N,0,0
-0.4737917811930089,-0.14500491823238681,-0.8025786441536309,1,BEUTI_39N,0,1
-0.08361401333821207,0.2508181746755723,-0.41804620135199644,1,CUTI_33N,0,0
-0.3512849267745288,-0.01921488606399579,-0.6833549674850619,1,CUTI_39N,0,1
-0.29224623599596417,-0.07285509956879524,-0.5116373724231332,1,OC_LUSI_33N,0,1
0.30151788027794507,0.5128267489271207,0.09020901162876957,1,OC_STI_33N,0,1
0.10782987542334174,0.4302792120495075,-0.21461946120282394,1,RREAS_Myctophids,0,0
0.4980666669239691,0.767486878004483,0.2286464558434552,1,RREAS_YOYsardine,0,1
0.029624628101007147,0.5702098942844205,-0.5109606380824061,1,age1SprSardmeanWAA,0,0
0.15612964779450533,0.6950663674579666,-0.382807071868956,1,meanSSBwt,0,0
-0.594307126390146,-0.23633651255359842,-0.9522777402266935,1,ZM_NorCal,0,1
-0.473988267649607,-0.14438626751729455,-0.8035902677819194,1,ZM_SoCal,0,1
0.18453751350381367,0.44016178431172914,-0.07108675730410188,1,sardRec,0,0
-0.12073421787581659,0.19550568403465243,-0.43697411978628564,1,anchBioSmrySeas1,0,0
0.49701983420170814,0.8093624350165541,0.18467723338686207,1,summerSST,0,1
0.4270381968112453,0.6831389458764567,0.1709374477460336,1,avgOffTransspring,0,1
0.06022893453284887,0.3741701013191554,-0.2537122322534576,1,avgOffTranssummer,0,0
-0.4166398545991527,-0.1342181397523237,-0.6990615694459819,1,sprRelOffTrans,0,1
-0.41600088889786785,-0.10682506626360844,-0.7251767115321273,1,sumRelOffTrans,0,1
0.10736982881986273,0.49514308960079323,-0.28040343196106765,1,meanK,0,0
-0.33312722702781455,-0.08634940728170712,-0.5799050467739219,1,OC_LUSI_39N,0,1
0.1485497562010734,0.4866874773193168,-0.18958796491717,1,sardSpawnHab,0,0
0.5339352375018955,0.8660507728028637,0.20181970220092746,1,sardNurseHab,0,1
0.6762475868313744,1.047700424110941,0.3047947495518082,1,springSST,0,1
-0.35978783082642346,-0.10213931948226442,-0.6174363421705826,1,randTest,0,1
0.10431775063744377,0.060833259199641665,0.1478022420752459,2,NCOPspring,0,1
-0.024693853701418605,0.11002123125891117,-0.15940893866174843,2,NCOPsummerlag1,0,0
0.02123064065048165,0.34067872134377397,-0.2982174400428107,2,BEUTI_33N,0,0
0.44910021655001753,1.0199290553859661,-0.12172862228593123,2,BEUTI_39N,0,0
-0.057391005572251845,0.5140279086745896,-0.6288099198190933,2,CUTI_33N,0,0
0.4115365479265797,1.0358674745084828,-0.21279437865532325,2,CUTI_39N,0,0
0.09941317095514028,0.3393748854950374,-0.14054854358475682,2,OC_LUSI_33N,0,0
-0.061854084788133486,0.1250153912017158,-0.24872356077798277,2,OC_STI_33N,0,0
-0.40124870754900066,0.18044538405879162,-0.982942799156793,2,RREAS_Myctophids,0,0
-0.15170865229119587,0.1374336738172891,-0.4408509783996808,2,RREAS_YOYsardine,0,0
-0.6961047028118753,0.31651688792845883,-1.7087262935522092,2,age1SprSardmeanWAA,0,0
-0.7092458839778726,0.34389285101457145,-1.7623846189703163,2,meanSSBwt,0,0
0.4230651100511204,1.0779080948957331,-0.23177787479349232,2,ZM_NorCal,0,0
0.28573911125422063,0.874705525947584,-0.30322730343914256,2,ZM_SoCal,0,0
-0.14028037745990984,0.2327817411876357,-0.5133424961074553,2,sardRec,0,0
0.3097402706628998,0.8902120838771012,-0.2707315425513016,2,anchBioSmrySeas1,0,0
-0.3179319372415028,0.21431704004894256,-0.8501809145319481,2,summerSST,0,0
-0.05549315268277987,0.2215219536753652,-0.332508259040925,2,avgOffTransspring,0,0
0.3941381882856745,0.9796792844954176,-0.19140290792406864,2,avgOffTranssummer,0,0
-0.05177812442777438,0.30827865791235853,-0.4118349067679073,2,sprRelOffTrans,0,0
-0.2036775679658894,0.2649178789244497,-0.6722730148562285,2,sumRelOffTrans,0,0
-0.2752855456765215,0.39431316990313575,-0.944884261256179,2,meanK,0,0
0.11570439494716661,0.4434935501829306,-0.21208476028859738,2,OC_LUSI_39N,0,0
0.022536550013116295,0.5287144011991327,-0.4836413011729,2,sardSpawnHab,0,0
-0.3473132575449194,0.16306741542070935,-0.8576939305105481,2,sardNurseHab,0,0
-0.4553641064157769,0.21904751882679177,-1.1297757316583454,2,springSST,0,0
0.022885447241357704,0.32087191258943987,-0.2751010181067244,2,randTest,0,0
-0.0027639248430689745,-0.0016117923877702195,-0.0039160572983677295,3,NCOPspring,0,1
0.05722245405194141,-0.03674349329792767,0.1511884014018105,3,NCOPsummerlag1,0,0
-0.15604883967934918,-0.1236768142151386,-0.18842086514355974,3,BEUTI_33N,0,1
-0.0655500541227125,-0.25540961613907603,0.12430950789365097,3,BEUTI_39N,0,0
-0.3239753439839023,-0.4599991504538511,-0.18795153751395355,3,CUTI_33N,0,1
-0.130020369353881,-0.30306403862610143,0.043023299918339475,3,CUTI_39N,0,0
-0.07870797713905875,-0.11304490610977098,-0.044371048168346534,3,OC_LUSI_33N,0,1
0.029062416629281922,-0.013804065447272376,0.07192889870583624,3,OC_STI_33N,0,0
-0.07011592566606242,-0.34934542922848855,0.2091135778963637,3,RREAS_Myctophids,0,0
0.006678884557066701,-0.0794164489154731,0.09277421802960648,3,RREAS_YOYsardine,0,0
-0.021351538722062947,-0.4840925478788365,0.4413894704347108,3,age1SprSardmeanWAA,0,0
0.08546761750381376,-0.34102121562806625,0.5119564506356937,3,meanSSBwt,0,0
-0.17688601685626956,-0.3111403457353282,-0.04263168797721087,3,ZM_NorCal,0,1
-0.14327126566208145,-0.24469201923658201,-0.04185051208758081,3,ZM_SoCal,0,1
0.19339848882121885,0.1771574924789224,0.20963948516351535,3,sardRec,0,1
0.1323487770610312,-0.07147805386288386,0.3361756079849463,3,anchBioSmrySeas1,0,0
0.07096314004203026,-0.0856525579753541,0.2275788380594146,3,summerSST,0,0
-0.01648747515644383,-0.06435802641342785,0.03138307610054018,3,avgOffTransspring,0,0
-0.011219813120399352,-0.28266432624517107,0.26022470000437237,3,avgOffTranssummer,0,0
0.004017166978400891,-0.10373037976391168,0.11176471372071345,3,sprRelOffTrans,0,0
-0.12311733548489581,-0.38892626030713323,0.1426915893373416,3,sumRelOffTrans,0,0
0.1542080486017966,0.025660790222761506,0.28275530698083173,3,meanK,0,1
-0.14259803201912308,-0.1669725013943462,-0.11822356264390001,3,OC_LUSI_39N,0,1
-0.28775221897998837,-0.33488184768861895,-0.24062259027135782,3,sardSpawnHab,0,1
0.03741465302742014,-0.15267166825527562,0.22750097431011587,3,sardNurseHab,0,0
0.116708073037316,-0.07495960616138098,0.30837575223601293,3,springSST,0,0
0.1495083332196312,0.10552544875743906,0.19349121768182342,3,randTest,0,1
-0.07332627993881584,-0.04276047524420408,-0.10389208463342761,4,NCOPspring,0,1
0.006669721251949437,-0.07094383440366503,0.08428327690756392,4,NCOPsummerlag1,0,0
-0.14617693055274497,-0.14963781642588278,-0.14271604467960713,4,BEUTI_33N,0,1
-0.050736470162421096,0.5335735194498807,-0.6350464597747231,4,BEUTI_39N,0,0
0.017185121744076548,0.19050201487521762,-0.15613177138706455,4,CUTI_33N,0,0
0.07208049658171788,0.5894982072851543,-0.44533721412171856,4,CUTI_39N,0,0
-0.012147968247742141,0.1347591559329984,-0.15905509242848268,4,OC_LUSI_33N,0,0
0.02168777412415054,0.13352300096114134,-0.09014745271284026,4,OC_STI_33N,0,0
0.07398407955463562,0.5917781974871333,-0.44381003837786204,4,RREAS_Myctophids,0,0
-0.052900998161494676,0.13363342667680628,-0.23943542299979562,4,RREAS_YOYsardine,0,0
0.03393562069053113,0.9254793620317314,-0.857608120650669,4,age1SprSardmeanWAA,0,0
-0.08759467639000665,0.8003622997503818,-0.9755516525303951,4,meanSSBwt,0,0
0.05210691908816481,0.5809665609465048,-0.4767527227701751,4,ZM_NorCal,0,0
0.1515887106712342,0.4951679002697006,-0.19199047892723214,4,ZM_SoCal,0,0
0.06543428406663605,0.2739721311535195,-0.14310356302024735,4,sardRec,0,0
-0.19260465620715642,0.23993247905389975,-0.6251417914682125,4,anchBioSmrySeas1,0,0
-0.11874363103389594,0.2533759794371876,-0.4908632415049795,4,summerSST,0,0
0.14627571990933755,0.26104102007046426,0.031510419748210824,4,avgOffTransspring,0,1
0.030113997999753186,0.5360738164436951,-0.4758458204441888,4,avgOffTranssummer,0,0
-0.18186180707598837,-0.05488067874517857,-0.30884293540679814,4,sprRelOffTrans,0,1
-0.012728243461123036,0.2615076406053569,-0.2869641275276031,4,sumRelOffTrans,0,0
-0.2040798032197002,0.15462563512622074,-0.5627852415656214,4,meanK,0,0
-0.005990271089180918,0.15751144455976696,-0.1694919867381288,4,OC_LUSI_39N,0,0
0.03937468442592325,0.19609447841378552,-0.11734510956193911,4,sardSpawnHab,0,0
-0.04554829545756406,0.36775583280781,-0.45885242372293816,4,sardNurseHab,0,0
-0.08136894704325362,0.46662048513135773,-0.629358379217865,4,springSST,0,0
-0.06844016818374106,0.05310328181244852,-0.18998361817993065,4,randTest,0,0
-0.6226086871224066,-0.36297258017012185,-0.8822447940746913,1,NCOPspring,0,1
-0.5520600994661481,-0.23299458793301597,-0.8711256109992803,1,NCOPsummerlag1,0,1
-0.033908176286620836,0.2221791209839921,-0.2899954735572339,1,BEUTI_33N,0,0
-0.5423516211089812,-0.28080124869508244,-0.8039019935228799,1,BEUTI_39N,0,1
-0.10641640244400322,0.20152613275961112,-0.41435893764761755,1,CUTI_33N,0,0
-0.5072286765709845,-0.2579479581487897,-0.7565093949931794,1,CUTI_39N,0,1
-0.11274926514903624,0.18937624882833734,-0.4148747791264098,1,OC_LUSI_33N,0,0
0.10543330328374265,0.35976118685719305,-0.14889458028970776,1,OC_STI_33N,0,0
0.3374121487821146,0.6223607755597842,0.052463522004444804,1,RREAS_Myctophids,0,1
0.2643451716910191,0.5888290172974819,-0.0601386739154436,1,RREAS_YOYsardine,0,0
0.019090624387735254,0.38978047254630915,-0.3515992237708385,1,age1SprSardmeanWAA,0,0
0.025063351327024173,0.42592714381933205,-0.3758004411652837,1,meanSSBwt,0,0
-0.619526992768464,-0.3248825654086722,-0.9141714201282557,1,ZM_NorCal,0,1
-0.44312150580670134,-0.15930929646522812,-0.7269337151481746,1,ZM_SoCal,0,1
0.208083602196518,0.5018232174506756,-0.08565601305763972,1,sardRec,0,0
-0.19825912107029672,0.14924386757243496,-0.5457621097130284,1,anchBioSmrySeas1,0,0
0.4181733172037227,0.721555950232851,0.11479068417459441,1,summerSST,0,1
0.14031323888182537,0.3542487252535653,-0.07362224748991458,1,avgOffTransspring,0,0
-0.34147661259143686,-0.07801519602395841,-0.6049380291589153,1,avgOffTranssummer,0,1
-0.085109091320721,0.1290421209190831,-0.29926030356052513,1,sprRelOffTrans,0,0
0.020259683885334348,0.36106486151420536,-0.32054549374353664,1,sumRelOffTrans,0,0
0.1411406430871199,0.48101109984184554,-0.19872981366760573,1,meanK,0,0
-0.272815581341569,-0.040304639478270704,-0.5053265232048672,1,OC_LUSI_39N,0,1
0.38182118238221235,0.8066212553173782,-0.04297889055295348,1,sardSpawnHab,0,0
0.6088947925915243,0.9119848412728357,0.30580474391021306,1,sardNurseHab,0,1
0.6418084423122835,0.9555746241191764,0.32804226050539076,1,springSST,0,1
-0.015735270509742286,0.19939170249840085,-0.2308622435178854,1,randTest,0,0
0.09939035798378272,0.05794325621787068,0.14083745974969478,2,NCOPspring,0,1
-0.014583994679720547,0.09360660646379783,-0.12277459582323892,2,NCOPsummerlag1,0,0
0.05095316080202568,0.36203651594418235,-0.26013019434013096,2,BEUTI_33N,0,0
0.19269903549041006,0.6599280070583894,-0.27452993607756926,2,BEUTI_39N,0,0
-0.09613419704728618,0.46423218334419575,-0.6565005774387681,2,CUTI_33N,0,0
0.08829094513785526,0.5419675863142913,-0.3653856960385808,2,CUTI_39N,0,0
0.1230515864062659,1.0178339952011421,-0.7717308223886105,2,OC_LUSI_33N,0,0
-0.08824619736485442,0.6037961730649604,-0.780288567794669,2,OC_STI_33N,0,0
-0.1578083929103958,0.3541671381321234,-0.6697839239529151,2,RREAS_Myctophids,0,0
-0.12754476467349266,0.8464355140589397,-1.101525043405925,2,RREAS_YOYsardine,0,0
-0.22410962343349947,0.46993127323959105,-0.9181505201065898,2,age1SprSardmeanWAA,0,0
-0.0991821371877219,0.8465567167826449,-1.0449209911580886,2,meanSSBwt,0,0
0.1092772354025173,0.7851733549589913,-0.5666188841539567,2,ZM_NorCal,0,0
-0.07951995923027008,0.5128685910472117,-0.6719085095077519,2,ZM_SoCal,0,0
0.060014529626972166,0.5140335673575285,-0.39400450810358423,2,sardRec,0,0
0.3839090311614341,1.193086251390655,-0.42526818906778674,2,anchBioSmrySeas1,0,0
-0.06957729944502125,0.7813791981027163,-0.9205337969927587,2,summerSST,0,0
-0.16327992130281707,0.3381701347329098,-0.664729977338544,2,avgOffTransspring,0,0
0.057779491946942145,0.5385840307007477,-0.42302504680686337,2,avgOffTranssummer,0,0
0.10830267071719955,0.4881855967470338,-0.27158025531263463,2,sprRelOffTrans,0,0
-0.017173100187415025,0.8709724291335253,-0.9053186295083555,2,sumRelOffTrans,0,0
0.0554865146348167,0.7284148480818936,-0.6174418188122601,2,meanK,0,0
0.054445129625048716,0.5628929422427678,-0.4540026829926703,2,OC_LUSI_39N,0,0
0.08848363963280903,1.189939951925406,-1.012972672659788,2,sardSpawnHab,0,0
-0.07498772054127266,0.33785724128021244,-0.4878326823627577,2,sardNurseHab,0,0
-0.11147679165588315,0.67846293458004725,-0.9014165178918135,2,springSST,0,0
0.029148235054381938,0.42528946225247555,-0.36699299214371167,2,randTest,0,0
-0.191215995982835,-0.1114763813406989,-0.27095561062497114,3,NCOPspring,0,1
-0.10044407849949175,-0.10951182084889846,-0.09137633615008503,3,NCOPsummerlag1,0,1
-0.2827166867600967,-0.11082941021013229,-0.45460396331006114,3,BEUTI_33N,0,1
-0.15432737226697668,0.028658779195010912,-0.3373135237289643,3,BEUTI_39N,0,0
-0.287157732153874,-0.17127372889284545,-0.4030417354149025,3,CUTI_33N,0,1
-0.11197357689709694,0.09227527167629626,-0.3162224254704902,3,CUTI_39N,0,0
-0.1928197976635709,0.25659376003362566,-0.6422333553607675,3,OC_LUSI_33N,0,0
0.15519650810000069,0.503516008381897,-0.19312299218189566,3,OC_STI_33N,0,0
-0.019897711478534637,0.13887159474636693,-0.17866701770343618,3,RREAS_Myctophids,0,0
0.09094719117465597,0.529920587015519,-0.348026204666207,3,RREAS_YOYsardine,0,0
0.0014939925186528685,0.24829446392880739,-0.2453064788915017,3,age1SprSardmeanWAA,0,0
0.05976055066482683,0.4937075319698855,-0.37418643064023166,3,meanSSBwt,0,0
-0.2154607640745727,0.12109123748125455,-0.5520127656304001,3,ZM_NorCal,0,0
-0.12293025974069316,0.15969651911845786,-0.40555703859984427,3,ZM_SoCal,0,0
0.2784355343659432,0.29788489791430833,0.2589861708175781,3,sardRec,0,1
0.008097582433741816,0.12403839789242503,-0.10784323302494143,3,anchBioSmrySeas1,0,0
0.1054539992214894,0.49769100642209907,-0.28678300797912026,3,summerSST,0,0
0.1795529156417787,0.45016813854341614,-0.09106230725985873,3,avgOffTransspring,0,0
0.06279384909973901,0.2724149835784747,-0.14682728537899667,3,avgOffTranssummer,0,0
-0.2188230863902439,-0.020497841715349754,-0.417148331065138,3,sprRelOffTrans,0,1
-0.2558970206972439,0.17844564134094912,-0.690239682735437,3,sumRelOffTrans,0,0
0.009196532802993651,0.3244113935597218,-0.30601832795373446,3,meanK,0,0
-0.20414320311202117,0.05968738672910495,-0.46797379295314717,3,OC_LUSI_39N,0,0
-0.10141924992517565,0.4326691662841801,-0.6355076661345314,3,sardSpawnHab,0,0
0.12786039723409684,0.3126396316580546,-0.056918837189860905,3,sardNurseHab,0,0
0.1810632771432189,0.5593266238070047,-0.19720006952056698,3,springSST,0,0
0.13088694990742947,0.3051678406813496,-0.043393940866490725,3,randTest,0,0
-0.06185546380389151,-0.036060912349756516,-0.08765001525802651,4,NCOPspring,0,1
0.02202404599578172,-0.06536719606411914,0.10941528805568258,4,NCOPsummerlag1,0,0
-0.07962411278779127,-0.2599990123974436,0.10075078682186106,4,BEUTI_33N,0,0
-0.183052339993124,0.02312465872822206,-0.38922933871447,4,BEUTI_39N,0,0
-0.1376061766755403,-0.15513096722875863,-0.12008138612232189,4,CUTI_33N,0,1
-0.217384859344421,-0.11189263135757185,-0.3228770873312702,4,CUTI_39N,0,1
-0.4593872807066005,-0.3297470573353113,-0.5890275040778896,4,OC_LUSI_33N,0,1
0.351708373059106,0.4401909863901221,0.2632257597280899,4,OC_STI_33N,0,1
-0.14312961356558423,-0.1907200005908364,-0.09553922654033209,4,RREAS_Myctophids,0,1
0.4895109452908473,0.6733906997144816,0.30563119086721297,4,RREAS_YOYsardine,0,1
0.24369565963166204,0.5488409098385729,-0.06144959057524885,4,age1SprSardmeanWAA,0,0
0.4558056583898674,0.6056025326106576,0.3060087841690773,4,meanSSBwt,0,1
-0.3540463345023425,-0.2488139369609967,-0.4592787320436883,4,ZM_NorCal,0,1
-0.2791858312228433,-0.37555816791132857,-0.18281349453435802,4,ZM_SoCal,0,1
-0.01676591281148985,0.07197083368322554,-0.10550265930620523,4,sardRec,0,0
-0.08544553065927415,0.24746408853623253,-0.41835514985478073,4,anchBioSmrySeas1,0,0
0.4366361432725539,0.5252775862359743,0.3479947003091335,4,summerSST,0,1
0.22768055764206147,0.40399448870545873,0.0513666265786642,4,avgOffTransspring,0,1
0.19024678022735825,0.12531843330216416,0.25517512715255236,4,avgOffTranssummer,0,1
-0.1351760518585866,-0.08842433158595608,-0.18192777213121714,4,sprRelOffTrans,0,1
-0.4419913596017443,-0.5597572610237498,-0.3242254581797387,4,sumRelOffTrans,0,1
0.31112036860224745,0.2662797729434882,0.35596096426100676,4,meanK,0,1
-0.2563443976524459,-0.2408603625398864,-0.2718284327650054,4,OC_LUSI_39N,0,1
-0.5338409291900306,-0.4236956161107843,-0.643986242269277,4,sardSpawnHab,0,1
0.1807114500799269,0.26444341911937663,0.09697948104047716,4,sardNurseHab,0,1
0.41288138777907657,0.5385628598974544,0.2871999156606987,4,springSST,0,1
0.16292540354020377,0.11483201890397757,0.2110187881764299,4,randTest,0,1
0,0,0,0,,0,0
